116.0064088,1.875,131.7450441,5.625,194.2010699,5.625,-56.39588594,5.625,55.90098857,-5.625,-69.61036456,5.625,96.31672711,1.875,-8.854715524,-5.625,-42.10808845,5.625,246.7767798,1.875,286.5552276,1.875,29.91325568,-5.625,9.387646007,5.625,16.00736252,1.875,132.3621246,-1.875,42.92894967,-5.625,169.4421314,5.625,-34.58240132,-1.875,16.84740071,-5.625,260.2258357,1.875,267.2362828,5.625,203.0829485,1.875,231.9045208,1.875,24.3101888,-1.875,298.8927549,5.625,298.0088773,1.875,295.9208619,-5.625,282.5163844,-5.625,-56.63747745,-1.875,273.4063589,1.875,-27.25420872,-5.625,286.9865023,5.625,-50.33682487,-5.625,262.9483685,-5.625,239.8414285,-5.625,216.7198904,-5.625,-89.28705625,1.875,192.6403629,-5.625,-64.16620447,1.875,169.5674366,-5.625,142.4828918,-5.625,238.5680303,5.625,-37.13882888,1.875,110.1611249,-5.625,-91.73829628,5.625,325.0916427,5.625,-5.974539993,1.875,270.218988,-1.875,238.9982089,-1.875,79.09133222,-5.625
114.9230824,1.875,130.2427677,5.625,193.1434673,5.625,-57.45275665,5.625,56.9444821,-5.625,-70.70217314,5.625,95.19758824,1.875,-7.699461816,-5.625,-43.1311393,5.625,245.6890615,1.875,285.4699641,1.875,30.98881201,-5.625,8.118596426,5.625,15.18219141,1.875,133.9757505,-1.875,43.9390514,-5.625,168.2403103,5.625,-32.71332707,-1.875,17.88853924,-5.625,259.1729244,1.875,265.7470229,5.625,201.6783536,1.875,230.7808449,1.875,26.4910693,-1.875,297.9396286,5.625,297.1406665,1.875,297.0061827,-5.625,283.5669749,-5.625,-55.14221805,-1.875,272.3871407,1.875,-26.23758545,-5.625,285.7950944,5.625,-49.25432442,-5.625,263.9653402,-5.625,240.9242999,-5.625,217.7681099,-5.625,-90.32085325,1.875,193.6550394,-5.625,-65.16691997,1.875,170.6478641,-5.625,143.5287456,-5.625,236.7064554,5.625,-38.20439074,1.875,111.1735114,-5.625,-92.76366122,5.625,322.3374042,5.625,-7.006003875,1.875,271.3032732,-1.875,240.0477969,-1.875,80.1693214,-5.625
113.839756,1.875,128.7404913,5.625,192.0858647,5.625,-58.50962736,5.625,57.98797563,-5.625,-71.79398173,5.625,94.07844938,1.875,-6.544208108,-5.625,-44.15419015,5.625,244.6013431,1.875,284.3847006,1.875,31.7968934,-5.625,6.849546845,5.625,14.08388867,1.875,135.5893764,-1.875,44.94915313,-5.625,167.0384892,5.625,-30.84425282,-1.875,18.92967776,-5.625,258.120013,1.875,264.2577631,5.625,200.2737586,1.875,229.6571689,1.875,28.67194981,-1.875,296.9865023,5.625,296.2724557,1.875,298.0915035,-5.625,284.6175655,-5.625,-53.64695865,-1.875,271.3679226,1.875,-25.22096219,-5.625,284.6036865,5.625,-48.17182397,-5.625,264.9823118,-5.625,242.0071713,-5.625,218.8163294,-5.625,-91.35465025,1.875,194.6697159,-5.625,-66.16763546,1.875,171.7282917,-5.625,144.5745995,-5.625,234.8448806,5.625,-39.00496314,1.875,112.185898,-5.625,-93.78902616,5.625,319.5831657,5.625,-8.037467757,1.875,272.3875584,-1.875,241.097385,-1.875,81.24731058,-5.625
112.7564296,1.875,127.2382149,5.625,191.0282621,5.625,-59.56649808,5.625,59.03146915,-5.625,-72.61427368,5.625,92.95931052,1.875,-5.3889544,-5.625,-45.177241,5.625,243.5136248,1.875,283.299437,1.875,32.87244972,-5.625,5.580497264,5.625,12.98558593,1.875,137.2030022,-1.875,45.95925487,-5.625,165.8366681,5.625,-28.97517858,-1.875,19.87616733,-5.625,257.0671017,1.875,262.7685032,5.625,198.8691637,1.875,228.5334929,1.875,30.85283031,-1.875,296.033376,5.625,295.4042449,1.875,299.1768243,-5.625,285.668156,-5.625,-52.15169925,-1.875,270.3487044,1.875,-24.20433893,-5.625,283.4122786,5.625,-47.35852536,-5.625,265.9992835,-5.625,242.8207487,-5.625,219.864549,-5.625,-92.38844725,1.875,195.6843924,-5.625,-67.16835096,1.875,172.5400329,-5.625,145.6204533,-5.625,232.9833057,5.625,-40.070525,1.875,113.1982845,-5.625,-94.8143911,5.625,316.8289272,5.625,-8.889917246,1.875,273.4718435,-1.875,242.146973,-1.875,82.05721981,-5.625
111.6731032,1.875,125.7359386,5.625,189.9706596,5.625,-60.62336879,5.625,60.07496268,-5.625,-73.70608227,5.625,91.84017166,1.875,-4.233700691,-5.625,-46.20029185,5.625,242.4259065,1.875,282.4840625,1.875,33.94800605,-5.625,4.311447684,5.625,12.16041482,1.875,138.8166281,-1.875,46.9693566,-5.625,164.634847,5.625,-27.10610433,-1.875,20.82265689,-5.625,256.0141904,1.875,261.2792433,5.625,197.4645687,1.875,227.409817,1.875,33.03371082,-1.875,295.0802497,5.625,294.5360341,1.875,304.5360341,1.875,286.7187466,-5.625,-50.65643985,-1.875,269.3294862,1.875,-23.18771567,-5.625,282.2208707,5.625,-46.27602491,-5.625,267.0162551,-5.625,243.9036201,-5.625,220.7308461,-5.625,-93.42224425,1.875,196.6990689,-5.625,-68.16906646,1.875,173.6204604,-5.625,146.4847954,-5.625,231.1217309,5.625,-41.13608687,1.875,114.210671,-5.625,-95.83975604,5.625,315.9901761,5.625,-9.921381128,1.875,274.5561287,-1.875,243.1965611,-1.875,83.13520899,-5.625
110.5897767,1.875,124.2336622,5.625,188.913057,5.625,-61.6802395,5.625,60.93735402,-5.625,-74.79789086,5.625,90.7210328,1.875,-3.078446983,-5.625,-47.2233427,5.625,241.3381881,1.875,281.398799,1.875,35.02356238,-5.625,3.042398103,5.625,11.06211208,1.875,140.430254,-1.875,47.97945834,-5.625,163.4330258,5.625,-25.23703008,-1.875,21.86379542,-5.625,254.961279,1.875,259.7899834,5.625,196.0599738,1.875,226.286141,1.875,35.21459132,-1.875,294.1271233,5.625,293.485499,1.875,303.695606,1.875,287.7693371,-5.625,-49.16118045,-1.875,268.310268,1.875,-22.1710924,-5.625,281.0294628,5.625,-45.19352446,-5.625,268.0332268,-5.625,244.9864915,-5.625,221.7790656,-5.625,-94.45604125,1.875,197.7137454,-5.625,-69.16978196,1.875,174.700888,-5.625,147.5306492,-5.625,229.2601561,5.625,-42.20164873,1.875,115.2230576,-5.625,-96.86512098,5.625,315.1514249,5.625,-10.95284501,1.875,275.6404139,-1.875,244.2461491,-1.875,84.21319817,-5.625
109.5064503,1.875,122.7313858,5.625,187.8554544,5.625,-62.73711021,5.625,61.98084755,-5.625,-75.88969944,5.625,89.60189393,1.875,-1.923193275,-5.625,-48.24639355,5.625,240.2504698,1.875,280.3135355,1.875,35.83164376,-5.625,1.773348522,5.625,9.96380934,1.875,142.0438798,-1.875,48.98956007,-5.625,162.2312047,5.625,-23.36795583,-1.875,22.90493394,-5.625,253.9083677,1.875,258.3007236,5.625,194.6553788,1.875,225.1624651,1.875,37.39547183,-1.875,293.173997,5.625,292.4349639,1.875,302.8551779,1.875,288.8199276,-5.625,-47.66592106,-1.875,267.2910498,1.875,-21.15446914,-5.625,279.8380549,5.625,-44.11102401,-5.625,269.0501984,-5.625,246.0693629,-5.625,222.8272851,-5.625,-95.48983825,1.875,198.7284219,-5.625,-70.17049745,1.875,175.7813155,-5.625,148.5765031,-5.625,227.3985812,5.625,-43.00222113,1.875,116.2354441,-5.625,-97.89048591,5.625,314.3126737,5.625,-11.98430889,1.875,276.724699,-1.875,245.2957372,-1.875,85.29118735,-5.625
108.4231239,1.875,121.2291094,5.625,186.7978518,5.625,-63.79398092,5.625,63.02434108,-5.625,-76.98150803,5.625,88.48275507,1.875,-0.767939567,-5.625,-49.2694444,5.625,239.1627515,1.875,279.2282719,1.875,36.90720009,-5.625,0.504298941,5.625,9.138638234,1.875,143.6575057,-1.875,49.9996618,-5.625,161.0293836,5.625,-21.49888158,-1.875,23.85142351,-5.625,252.8554563,1.875,256.8114637,5.625,193.2507839,1.875,224.0387891,1.875,39.57635233,-1.875,292.2208707,5.625,291.3844288,1.875,302.0147499,1.875,289.8705182,-5.625,-46.17066166,-1.875,266.2718317,1.875,-20.13784588,-5.625,278.646647,5.625,-43.29772539,-5.625,270.0671701,-5.625,246.8829402,-5.625,223.8755047,-5.625,-96.52363526,1.875,199.7430984,-5.625,-71.17121295,1.875,176.5930567,-5.625,149.6223569,-5.625,225.5370064,5.625,-44.06778299,1.875,117.2478306,-5.625,-98.91585085,5.625,313.2977848,5.625,-13.01577277,1.875,277.8089842,-1.875,246.3453252,-1.875,86.10109657,-5.625
107.3397975,1.875,119.726833,5.625,185.7402492,5.625,-64.85085164,5.625,64.06783461,-5.625,-77.80179998,5.625,87.36361621,1.875,0.387314141,-5.625,-50.29249525,5.625,238.0750332,1.875,278.4128974,1.875,37.98275642,-5.625,-0.764750639,5.625,8.040335493,1.875,145.2711316,-1.875,51.00976354,-5.625,159.8275625,5.625,-19.62980734,-1.875,24.89256203,-5.625,251.802545,1.875,255.3222038,5.625,191.8461889,1.875,222.9151132,1.875,41.75723284,-1.875,291.2677444,5.625,290.516218,1.875,301.2507244,1.875,290.9211087,-5.625,-44.67540226,-1.875,265.2526135,1.875,-19.12122261,-5.625,277.4552391,5.625,-42.21522494,-5.625,271.0841417,-5.625,247.9658116,-5.625,224.9237242,-5.625,-97.55743226,1.875,200.7577749,-5.625,-72.17192845,1.875,177.6734842,-5.625,150.486699,-5.625,223.6754315,5.625,-45.13334485,1.875,118.2602172,-5.625,-99.94121579,5.625,312.2828959,5.625,-14.04723666,1.875,278.8932694,-1.875,247.3949133,-1.875,87.17908576,-5.625
106.2564711,1.875,118.2245566,5.625,184.6826467,5.625,-65.72429851,5.625,65.11132813,-5.625,-78.89360857,5.625,86.24447735,1.875,1.542567849,-5.625,-51.3155461,5.625,236.9873148,1.875,277.3276339,1.875,39.05831274,-5.625,-2.03380022,5.625,6.942032751,1.875,146.8847574,-1.875,52.01986527,-5.625,158.6257414,5.625,-17.76073309,-1.875,25.93370056,-5.625,250.7496336,1.875,253.832944,5.625,190.441594,1.875,221.7914372,1.875,43.93811334,-1.875,290.3146181,5.625,289.4656829,1.875,300.4102963,1.875,291.9716993,-5.625,-43.18014286,-1.875,264.2333953,1.875,-18.10459935,-5.625,276.2638312,5.625,-41.13272449,-5.625,272.1011134,-5.625,249.048683,-5.625,225.9719437,-5.625,-98.59122926,1.875,201.7724514,-5.625,-73.17264394,1.875,178.7539118,-5.625,151.5325528,-5.625,221.8138567,5.625,-46.19890671,1.875,119.2726037,-5.625,-100,-5.625,311.4441448,5.625,-15.07870054,1.875,279.9775546,-1.875,248.4445013,-1.875,88.25707494,-5.625
105.1731447,1.875,116.7222802,5.625,183.6250441,5.625,-66.78116922,5.625,66.15482166,-5.625,-79.98541715,5.625,85.12533849,1.875,2.697821557,-5.625,-52.33859695,5.625,235.8995965,1.875,276.2423704,1.875,39.86639413,-5.625,-3.302849801,5.625,5.843730009,1.875,148.4983833,-1.875,53.02996701,-5.625,157.4239203,5.625,-15.89165884,-1.875,26.97483908,-5.625,249.6967223,1.875,252.3436841,5.625,189.036999,1.875,220.6677612,1.875,46.11899385,-1.875,289.3614917,5.625,288.4151478,1.875,299.5698682,1.875,293.0222898,-5.625,-41.68488346,-1.875,263.2141771,1.875,-17.08797609,-5.625,275.0724233,5.625,-40.05022404,-5.625,273.118085,-5.625,250.1315544,-5.625,227.0201633,-5.625,-99.62502626,1.875,202.7871279,-5.625,-74.17335944,1.875,179.8343393,-5.625,152.5784067,-5.625,219.9522819,5.625,-46.99947911,1.875,120.2849902,-5.625,-98.21415094,-5.625,310.5215185,5.625,-16.11016442,1.875,281.0618397,-1.875,249.4940894,-1.875,89.33506412,-5.625
104.0898182,1.875,115.2200038,5.625,182.5674415,5.625,-67.83803993,5.625,67.19831519,-5.625,-81.07722574,5.625,84.00619962,1.875,3.853075266,-5.625,-53.3616478,5.625,234.8118782,1.875,275.1571068,1.875,40.94195046,-5.625,-4.571899382,5.625,5.018558904,1.875,150.1120092,-1.875,54.04006874,-5.625,156.2220992,5.625,-14.02258459,-1.875,27.92132865,-5.625,248.643811,1.875,250.8544242,5.625,187.6324041,1.875,219.5440853,1.875,48.29987435,-1.875,288.4083654,5.625,287.3646127,1.875,298.7294401,1.875,294.0728804,-5.625,-40.18962406,-1.875,262.194959,1.875,-16.07135282,-5.625,273.8810154,5.625,-39.23692543,-5.625,274.1350567,-5.625,250.9451318,-5.625,228.0683828,-5.625,318.7294401,1.875,203.8018044,-5.625,-75.17407494,1.875,180.6460805,-5.625,153.6242605,-5.625,218.090707,5.625,-48.06504097,1.875,121.2973768,-5.625,-96.42830189,-5.625,309.5988922,5.625,-16.96261391,1.875,282.1461249,-1.875,250.5436774,-1.875,90.22596427,-5.625
103.0064918,1.875,113.7177274,5.625,181.5098389,5.625,-68.89491064,5.625,68.24180871,-5.625,-82.16903433,5.625,82.88706076,1.875,5.008328974,-5.625,-54.38469865,5.625,233.7241598,1.875,274.3417323,1.875,42.01750678,-5.625,-5.840948962,5.625,4.193387798,1.875,151.725635,-1.875,55.05017047,-5.625,155.0202781,5.625,-12.15351034,-1.875,28.96246717,-5.625,247.5908996,1.875,249.3651643,5.625,186.2278091,1.875,218.4204093,1.875,50.48075486,-1.875,287.4552391,5.625,286.3140777,1.875,297.8890121,1.875,295.1234709,-5.625,-38.69436467,-1.875,261.1757408,1.875,-15.05472956,-5.625,272.6896075,5.625,-38.15442498,-5.625,275.1520283,-5.625,252.0280032,-5.625,228.9346799,-5.625,316.2322596,1.875,204.8164809,-5.625,-76.17479044,1.875,181.726508,-5.625,154.6701144,-5.625,216.2291322,5.625,-49.13060283,1.875,122.3097633,-5.625,-94.64245283,-5.625,308.6762659,5.625,-17.99407779,1.875,283.2304101,-1.875,251.5932655,-1.875,91.30395345,-5.625
101.9231654,1.875,112.215451,5.625,180.4522363,5.625,-69.95178135,5.625,69.10420006,-5.625,-83.26084291,5.625,81.7679219,1.875,6.163582682,-5.625,-55.4077495,5.625,232.6364415,1.875,273.2564688,1.875,43.09306311,-5.625,-7.109998543,5.625,3.095085057,1.875,153.3392609,-1.875,56.06027221,-5.625,153.8184569,5.625,-10.2844361,-1.875,30.00360569,-5.625,246.5379883,1.875,247.8759045,5.625,184.8232142,1.875,217.2967334,1.875,52.66163536,-1.875,286.5021128,5.625,285.2635426,1.875,297.048584,1.875,296.1740615,-5.625,-37.19910527,-1.875,260.1565226,1.875,-14.0381063,-5.625,271.4981996,5.625,-37.07192453,-5.625,276.169,-5.625,253.1108746,-5.625,229.9828994,-5.625,313.7350791,1.875,205.8311574,-5.625,-77.17550593,1.875,182.8069356,-5.625,155.7159682,-5.625,214.3675573,5.625,-50.19616469,1.875,123.3221498,-5.625,-92.85660378,-5.625,307.7536397,5.625,-19.02554167,1.875,284.3146952,-1.875,252.6428535,-1.875,92.38194263,-5.625
100.839839,1.875,110.7131746,5.625,179.3946338,5.625,-71.00865207,5.625,70.14769358,-5.625,-84.3526515,5.625,80.64878304,1.875,7.31883639,-5.625,-56.43080035,5.625,231.5487232,1.875,272.1712053,1.875,43.9011445,-5.625,-8.379048124,5.625,1.996782315,1.875,154.9528868,-1.875,57.07037394,-5.625,152.6166358,5.625,-8.415361848,-1.875,31.04474422,-5.625,245.4850769,1.875,246.3866446,5.625,183.4186192,1.875,216.1730574,1.875,54.84251587,-1.875,285.5489865,5.625,284.2130075,1.875,296.2081559,1.875,297.224652,-5.625,-35.70384587,-1.875,259.1373044,1.875,-13.02148303,-5.625,270.3067917,5.625,-35.98942408,-5.625,277.1859716,-5.625,254.193746,-5.625,231.031119,-5.625,312.9215447,1.875,206.8458339,-5.625,-78.17622143,1.875,183.8873631,-5.625,156.7618221,-5.625,212.5059825,5.625,-50.99673709,1.875,124.3345364,-5.625,-91.07075472,-5.625,306.8310134,5.625,-20.05700556,1.875,285.3989804,-1.875,253.6924415,-1.875,93.27284278,-5.625
99.75651256,1.875,109.2108982,5.625,178.3370312,5.625,-72.06552278,5.625,71.19118711,-5.625,-85.44446009,5.625,79.52964417,1.875,8.474090098,-5.625,-57.45385119,5.625,230.4610049,1.875,271.0859418,1.875,44.97670082,-5.625,-9.648097705,5.625,0.898479574,1.875,156.5665126,-1.875,58.08047568,-5.625,151.4148147,5.625,-6.5462876,-1.875,31.99123379,-5.625,244.4321656,1.875,244.8973847,5.625,182.0140243,1.875,215.0493814,1.875,57.02339638,-1.875,284.5958602,5.625,283.1624724,1.875,295.3677279,1.875,298.2752426,-5.625,-34.20858647,-1.875,258.1180862,1.875,-12.00485977,-5.625,269.1153838,5.625,-35.17612547,-5.625,278.2029433,-5.625,255.0073233,-5.625,232.0793385,-5.625,312.1080104,1.875,207.8605104,-5.625,-79.17693693,1.875,184.6991043,-5.625,157.8076759,-5.625,210.6444077,5.625,-52.06229895,1.875,125.3469229,-5.625,-89.28490567,-5.625,305.9083871,5.625,-20.90945504,1.875,286.4832656,-1.875,254.7420296,-1.875,94.35083196,-5.625
98.67318614,1.875,107.7086219,5.625,177.2794286,5.625,-73.12239349,5.625,72.23468064,-5.625,-86.53626868,5.625,78.41050531,1.875,9.629343806,-5.625,-58.47690204,5.625,229.3732865,1.875,270.2705672,1.875,46.05225715,-5.625,-10.91714729,5.625,0.073308468,1.875,158.1801385,-1.875,59.09057741,-5.625,150.2129936,5.625,-4.677213352,-1.875,32.93772335,-5.625,243.3792542,1.875,243.4081249,5.625,180.6094293,1.875,213.9257055,1.875,59.20427688,-1.875,283.6427338,5.625,282.2942616,1.875,294.6731592,1.875,299.3258331,-5.625,-32.71332707,-1.875,257.0988681,1.875,-10.98823651,-5.625,267.9239759,5.625,-34.09362502,-5.625,279.2199149,-5.625,256.0901947,-5.625,232.9456356,-5.625,311.4356679,1.875,208.8751869,-5.625,-80.17765243,1.875,185.7795319,-5.625,158.672018,-5.625,208.7828328,5.625,-53.12786081,1.875,126.3593094,-5.625,-87.49905661,-5.625,304.9857608,5.625,-21.94091893,1.875,287.5675508,-1.875,255.7916176,-1.875,95.24173211,-5.625
97.58985973,1.875,106.2063455,5.625,176.221826,5.625,-74.1792642,5.625,73.27817416,-5.625,-87.62807726,5.625,77.29136645,1.875,10.78459751,-5.625,-59.49995289,5.625,228.2855682,1.875,269.1853037,1.875,47.12781347,-5.625,-12.18619687,5.625,-1.024994273,1.875,159.7937643,-1.875,60.10067914,-5.625,149.0111725,5.625,-2.808139104,-1.875,33.97886188,-5.625,242.3263429,1.875,241.918865,5.625,179.2048344,1.875,212.8020295,1.875,61.38515739,-1.875,282.6896075,5.625,281.2437265,1.875,293.8327312,1.875,314.0631346,5.625,-31.21806767,-1.875,256.0796499,1.875,-9.971613244,-5.625,266.732568,5.625,-33.01112457,-5.625,280.2368865,-5.625,257.1730661,-5.625,233.9938551,-5.625,310.6221335,1.875,209.8898634,-5.625,-81.17836792,1.875,186.8599594,-5.625,159.7178718,-5.625,206.921258,5.625,-54.19342267,1.875,127.371696,-5.625,-85.71320755,-5.625,304.0631346,5.625,-22.97238281,1.875,288.6518359,-1.875,256.8412057,-1.875,96.31972129,-5.625
96.50653331,1.875,104.7040691,5.625,175.1642234,5.625,-75.23613491,5.625,74.14056551,-5.625,-88.71988585,5.625,76.17222759,1.875,11.93985122,-5.625,-60.52300374,5.625,227.1978499,1.875,268.1000402,1.875,47.93589486,-5.625,-13.45524645,5.625,-1.850165379,1.875,161.4073902,-1.875,61.11078088,-5.625,147.8093514,5.625,-0.939064856,-1.875,35.0200004,-5.625,241.2734316,1.875,240.4296051,5.625,177.8002394,1.875,211.6783536,1.875,63.56603789,-1.875,281.7364812,5.625,280.1931914,1.875,292.9923031,1.875,313.3921336,5.625,-29.72280828,-1.875,255.0604317,1.875,-8.954989981,-5.625,265.5411601,5.625,-31.92862412,-5.625,281.2538582,-5.625,258.2559375,-5.625,235.0420747,-5.625,309.8085992,1.875,210.9045399,-5.625,-82.17908342,1.875,187.9403869,-5.625,160.7637257,-5.625,205.0596831,5.625,-54.99399507,1.875,128.3840825,-5.625,-83.9273585,-5.625,303.0482457,5.625,-24.00384669,1.875,289.7361211,-1.875,257.8907937,-1.875,97.39771047,-5.625
95.42320689,1.875,103.2017927,5.625,174.1066209,5.625,-76.29300563,5.625,75.18405904,-5.625,-89.81169444,5.625,75.05308873,1.875,13.09510493,-5.625,-61.54605459,5.625,226.1101315,1.875,267.0147767,1.875,49.01145119,-5.625,-14.72429603,5.625,-2.948468121,1.875,163.0210161,-1.875,62.12088261,-5.625,146.6075303,5.625,0.930009392,-1.875,35.96648997,-5.625,240.2205202,1.875,238.9403452,5.625,176.3956445,1.875,210.5546776,1.875,65.7469184,-1.875,280.7833549,5.625,279.1426563,1.875,292.151875,1.875,312.7211327,5.625,-28.22754888,-1.875,254.0412135,1.875,-7.938366717,-5.625,264.3497522,5.625,-31.11532551,-5.625,282.2708298,-5.625,259.0695149,-5.625,236.0902942,-5.625,308.9950648,1.875,211.9192164,-5.625,-83.17979892,1.875,188.7521281,-5.625,161.8095795,-5.625,203.1981083,5.625,-56.05955693,1.875,129.396469,-5.625,-82.14150944,-5.625,302.0333567,5.625,-24.85629618,1.875,290.8204063,-1.875,258.9403818,-1.875,98.28861062,-5.625
94.33988047,1.875,101.6995163,5.625,173.0490183,5.625,-77.34987634,5.625,76.22755256,-5.625,-90.90350302,5.625,73.93394986,1.875,14.25035864,-5.625,-62.56910544,5.625,225.0224132,1.875,266.1994021,1.875,50.08700751,-5.625,-15.99334561,5.625,-3.773639226,1.875,164.6346419,-1.875,63.13098435,-5.625,145.4057091,5.625,2.79908364,-1.875,37.00762849,-5.625,239.1676089,1.875,237.4510854,5.625,174.9910495,1.875,209.4310016,1.875,67.9277989,-1.875,279.8302286,5.625,278.2744455,1.875,291.1349571,1.875,312.0501318,5.625,-26.73228948,-1.875,253.0219953,1.875,-6.921743454,-5.625,263.1583443,5.625,-30.03282506,-5.625,283.2878015,-5.625,260.1523863,-5.625,236.9565913,-5.625,308.1815304,1.875,212.9338929,-5.625,-84.18051442,1.875,189.8325557,-5.625,162.6739216,-5.625,201.3365335,5.625,-57.1251188,1.875,130.4088556,-5.625,-80.35566039,-5.625,301.0184678,5.625,-25.88776006,1.875,291.9046915,-1.875,259.9899698,-1.875,99.3665998,-5.625
93.25655405,1.875,100.1972399,5.625,171.9914157,5.625,-78.40674705,5.625,77.27104609,-5.625,-91.99531161,5.625,72.814811,1.875,15.40561235,-5.625,-63.59215629,5.625,223.9346949,1.875,265.1141386,1.875,51.16256384,-5.625,-17.26239519,5.625,-4.871941968,1.875,166.2482678,-1.875,64.14108608,-5.625,144.203888,5.625,4.668157888,-1.875,38.04876702,-5.625,238.1146975,1.875,235.9618255,5.625,173.5864546,1.875,208.3073257,1.875,70.10867941,-1.875,278.8771022,5.625,277.2239104,1.875,290.294529,1.875,311.3791308,5.625,-25.23703008,-1.875,252.0027772,1.875,-5.905120191,-5.625,261.9669364,5.625,-28.95032461,-5.625,284.3047731,-5.625,261.2352577,-5.625,238.0048108,-5.625,307.3679961,1.875,213.9485694,-5.625,-85.18122991,1.875,190.9129832,-5.625,163.7197754,-5.625,199.4749586,5.625,-58.19068066,1.875,131.4212421,-5.625,-78.56981133,-5.625,300.0035789,5.625,-26.91922394,1.875,292.9889766,-1.875,261.0395579,-1.875,100.444589,-5.625
92.17322763,1.875,98.6949635,5.625,170.9338131,5.625,-79.46361776,5.625,78.31453962,-5.625,-93.0871202,5.625,71.69567214,1.875,16.56086606,-5.625,-64.61520714,5.625,222.8469766,1.875,264.0288751,1.875,51.97064523,-5.625,-18.53144477,5.625,-5.970244709,1.875,167.8618937,-1.875,65.15118781,-5.625,143.0020669,5.625,6.537232136,-1.875,39.08990554,-5.625,237.0617862,1.875,234.4725656,5.625,172.1818596,1.875,207.1836497,1.875,72.28955991,-1.875,277.9239759,5.625,276.1733754,1.875,289.277611,1.875,310.7081299,5.625,-23.74177068,-1.875,250.983559,1.875,-4.888496928,-5.625,260.7755285,5.625,-27.86782416,-5.625,285.3217448,-5.625,262.3181291,-5.625,239.0530304,-5.625,306.4731083,1.875,214.9632459,-5.625,-86.18194541,1.875,191.9934108,-5.625,164.7656293,-5.625,197.6133838,5.625,-58.99125306,1.875,132.4336286,-5.625,-76.78396228,-5.625,298.98869,5.625,-27.95068783,1.875,294.0732618,-1.875,262.0891459,-1.875,101.3354891,-5.625
91.08990121,1.875,97.19268711,5.625,169.8762105,5.625,-80.52048848,5.625,79.35803314,-5.625,-94.17892878,5.625,70.57653328,1.875,17.71611976,-5.625,-65.63825799,5.625,221.7592582,1.875,262.9436116,1.875,53.04620155,-5.625,-19.80049435,5.625,-6.795415815,1.875,169.4755195,-1.875,66.16128955,-5.625,141.8002458,5.625,8.406306384,-1.875,40.03639511,-5.625,236.0088749,1.875,232.9833057,5.625,170.7772647,1.875,206.0599738,1.875,74.47044042,-1.875,276.9708496,5.625,275.1228403,1.875,288.2606931,1.875,310.037129,5.625,-22.24651128,-1.875,249.9643408,1.875,-3.871873665,-5.625,259.5841206,5.625,-27.05452555,-5.625,286.3387164,-5.625,263.4010005,-5.625,240.1012499,-5.625,305.5782205,1.875,215.9779224,-5.625,-87.18266091,1.875,192.805152,-5.625,165.8114831,-5.625,195.7518089,5.625,-60.05681492,1.875,133.4460152,-5.625,-74.99811322,-5.625,297.9738011,5.625,-28.98215171,1.875,295.157547,-1.875,263.138734,-1.875,102.4134783,-5.625
90.0065748,1.875,95.69041072,5.625,168.818608,5.625,-81.57735919,5.625,80.22042449,-5.625,-95.27073737,5.625,69.45739442,1.875,18.87137347,-5.625,-66.66130884,5.625,220.6715399,1.875,262.128237,1.875,54.12175788,-5.625,-21.06954393,5.625,-7.893718556,1.875,171.0891454,-1.875,67.17139128,-5.625,140.5984247,5.625,10.27538063,-1.875,41.07753363,-5.625,234.9559635,1.875,231.4940459,5.625,169.3726697,1.875,204.9362978,1.875,76.65132092,-1.875,276.0177233,5.625,274.2546295,1.875,287.2437751,1.875,309.3661281,5.625,-20.75125188,-1.875,248.9451226,1.875,-2.855250402,-5.625,258.3927127,5.625,-25.97202509,-5.625,287.3556881,-5.625,264.2145778,-5.625,241.1494694,-5.625,304.6833326,1.875,216.9925989,-5.625,-88.1833764,1.875,193.8855795,-5.625,166.6758252,-5.625,193.8902341,5.625,-61.12237678,1.875,134.4584017,-5.625,-73.21226416,-5.625,297.13505,5.625,-30.01361559,1.875,296.2418321,-1.875,264.188322,-1.875,103.4914675,-5.625
88.92324838,1.875,94.18813432,5.625,167.7610054,5.625,-82.6342299,5.625,81.26391801,-5.625,-96.36254596,5.625,68.33825555,1.875,20.02662718,-5.625,-67.68435969,5.625,219.5838216,1.875,261.0429735,1.875,55.19731421,-5.625,-22.33859351,5.625,-8.992021298,1.875,172.7027713,-1.875,68.18149301,-5.625,139.3966036,5.625,12.14445488,-1.875,42.11867215,-5.625,233.9030522,1.875,230.004786,5.625,167.9680748,1.875,203.8126218,1.875,78.83220143,-1.875,275.064597,5.625,273.2040944,1.875,286.403347,1.875,308.6951271,5.625,-19.25599249,-1.875,247.9259044,1.875,-1.838627138,-5.625,257.2013048,5.625,-24.88952464,-5.625,288.3726597,-5.625,265.2974492,-5.625,242.1976889,-5.625,303.9437559,1.875,218.0072754,-5.625,-89.1840919,1.875,194.966007,-5.625,167.721679,-5.625,192.0286593,5.625,-62.18793864,1.875,135.4707882,-5.625,-71.42641511,-5.625,296.1201611,5.625,-31.04507947,1.875,297.3261173,-1.875,265.2379101,-1.875,104.3823676,-5.625
87.83992196,1.875,92.68585793,5.625,166.7034028,5.625,-83.69110061,5.625,82.30741154,-5.625,-97.45435454,5.625,67.21911669,1.875,21.18188089,-5.625,-68.70741054,5.625,218.4961032,1.875,259.95771,1.875,56.00539559,-5.625,-23.60764309,5.625,-10.09032404,1.875,174.3163971,-1.875,69.19159475,-5.625,138.1947825,5.625,14.01352913,-1.875,43.15981068,-5.625,232.8501408,1.875,228.5155261,5.625,166.5634798,1.875,202.6889459,1.875,81.01308193,-1.875,274.1114707,5.625,272.1535593,1.875,285.3864291,1.875,308.0241262,5.625,-17.76073309,-1.875,246.9066863,1.875,-0.822003875,-5.625,256.0098969,5.625,-23.80702419,-5.625,289.3896314,-5.625,266.3803206,-5.625,243.2459085,-5.625,303.0488681,1.875,219.0219519,-5.625,-90.1848074,1.875,196.0464346,-5.625,168.7675329,-5.625,190.1670844,5.625,-62.98851104,1.875,136.4831748,-5.625,-69.64056605,-5.625,295.1052722,5.625,-32.07654335,1.875,298.4104025,-1.875,266.2874981,-1.875,105.4603568,-5.625
86.75659554,1.875,91.18358154,5.625,165.6458002,5.625,-84.74797132,5.625,83.35090507,-5.625,-98.54616313,5.625,66.09997783,1.875,22.3371346,-5.625,-69.73046139,5.625,217.4083849,1.875,258.8724465,1.875,57.08095192,-5.625,-24.87669267,5.625,-10.91549515,1.875,175.930023,-1.875,70.20169648,-5.625,136.9929613,5.625,15.88260338,-1.875,44.10630024,-5.625,231.7972295,1.875,227.0262663,5.625,165.1588849,1.875,201.5652699,1.875,83.19396244,-1.875,273.0630317,5.625,271.1030242,1.875,284.3695111,1.875,307.2860252,5.625,-16.26547369,-1.875,245.8874681,1.875,0.194619388,-5.625,254.8184891,5.625,-22.99372558,-5.625,290.406603,-5.625,267.4631921,-5.625,244.294128,-5.625,302.1539803,1.875,220.0366284,-5.625,-91.1855229,1.875,196.8581758,-5.625,169.8133867,-5.625,188.3055096,5.625,-64.0540729,1.875,137.4955613,-5.625,-67.854717,-5.625,294.0903833,5.625,-32.92899284,1.875,299.4946877,-1.875,267.3370862,-1.875,106.538346,-5.625
85.67326912,1.875,89.68130515,5.625,164.5881976,5.625,-85.80484204,5.625,84.39439859,-5.625,-99.63797172,5.625,64.98083897,1.875,23.4923883,-5.625,-70.75351224,5.625,216.3206666,1.875,258.0570719,1.875,58.15650825,-5.625,-26.14574225,5.625,-11.91395218,1.875,177.5436489,-1.875,71.21179822,-5.625,135.7911402,5.625,17.75167762,-1.875,45.05278981,-5.625,230.7443181,1.875,225.5370064,5.625,163.7542899,1.875,200.441594,1.875,85.37484294,-1.875,272.0145928,5.625,270.0524891,1.875,283.3525932,1.875,306.5479242,5.625,-14.77021429,-1.875,244.8682499,1.875,1.211242651,-5.625,253.6270812,5.625,-21.91122513,-5.625,291.4235747,-5.625,268.2767694,-5.625,245.3423475,-5.625,301.2590925,1.875,221.0513049,-5.625,-92.18623839,1.875,197.9386033,-5.625,170.8592406,-5.625,186.4439347,5.625,-65.11963476,1.875,138.5079478,-5.625,-66.06886794,-5.625,293.0754944,5.625,-33.96045673,1.875,334.5479242,5.625,268.3866742,-1.875,107.4292461,-5.625
84.5899427,1.875,88.17902876,5.625,163.5305951,5.625,-86.86171275,5.625,85.43789212,-5.625,-100,-5.625,63.86170011,1.875,24.64764201,-5.625,-71.77656309,5.625,215.2329483,1.875,256.9718084,1.875,59.23206457,-5.625,-27.41479184,5.625,-13.01225492,1.875,179.1572747,-1.875,72.22189995,-5.625,134.5893191,5.625,19.62075187,-1.875,46.09392834,-5.625,229.6914068,1.875,224.0477465,5.625,162.349695,1.875,199.317918,1.875,87.55572345,-1.875,270.9661538,5.625,269.001954,1.875,282.3356752,1.875,305.8098231,5.625,-13.27495489,-1.875,243.8490317,1.875,2.227865914,-5.625,252.4356733,5.625,-20.82872468,-5.625,292.4405463,-5.625,269.3596408,-5.625,246.2086446,-5.625,300.3642047,1.875,222.0659814,-5.625,-93.18695389,1.875,199.0190308,-5.625,171.9050945,-5.625,185.4201754,5.625,-66.18519662,1.875,139.5203344,-5.625,-64.28301889,-5.625,292.0606055,5.625,-34.99192061,1.875,332.3575349,5.625,269.4362623,-1.875,108.5072353,-5.625
83.50661629,1.875,86.67675237,5.625,162.4729925,5.625,-87.91858346,5.625,86.30028346,-5.625,-97.65021055,-5.625,62.74256124,1.875,25.80289572,-5.625,-72.79961393,5.625,214.1452299,1.875,255.8865449,1.875,60.04014596,-5.625,-28.68384142,5.625,-13.83742603,1.875,180.7709006,-1.875,73.23200168,-5.625,133.387498,5.625,21.48982612,-1.875,47.13506686,-5.625,228.6384955,1.875,222.5584866,5.625,160.9451,1.875,198.194242,1.875,89.73660395,-1.875,269.9177149,5.625,267.951419,1.875,281.3187572,1.875,305.0717221,5.625,-11.77969549,-1.875,242.8298135,1.875,3.244489177,-5.625,251.2442654,5.625,-19.74622423,-5.625,293.457518,-5.625,270.4425122,-5.625,247.2568642,-5.625,299.2813905,1.875,223.0806579,-5.625,-94.18766939,1.875,200.0994584,-5.625,172.9509483,-5.625,184.3964161,5.625,-67.25075848,1.875,140.5327209,-5.625,-62.49716983,-5.625,291.0457166,5.625,-36.02338449,1.875,330.1671456,5.625,270.4858503,-1.875,109.5852245,-5.625
82.42328987,1.875,85.17447597,5.625,161.4153899,5.625,-88.97545417,5.625,87.34377699,-5.625,-95.3004211,-5.625,61.62342238,1.875,26.95814943,-5.625,-73.82266478,5.625,213.0575116,1.875,254.8012814,1.875,61.11570229,-5.625,-29.952891,5.625,-14.93572877,1.875,182.3845265,-1.875,74.24210342,-5.625,132.1856769,5.625,23.35890037,-1.875,48.08155643,-5.625,227.5855841,1.875,221.0692268,5.625,159.5405051,1.875,197.0705661,1.875,91.91748446,-1.875,268.8692759,5.625,266.9008839,1.875,280.3018393,1.875,304.3336211,5.625,-10.2844361,-1.875,241.8105954,1.875,4.261112441,-5.625,250.0528575,5.625,-18.93292562,-5.625,294.4744896,-5.625,271.5253836,-5.625,248.3050837,-5.625,298.3865027,1.875,224.0953344,-5.625,-95.18838489,1.875,200.9111996,-5.625,173.9968022,-5.625,183.3726568,5.625,-68.05133088,1.875,141.5451074,-5.625,-60.71132077,-5.625,290.0308276,5.625,-37.05484837,1.875,327.9767563,5.625,271.5354383,-1.875,110.4761247,-5.625
81.33996345,1.875,83.67219958,5.625,160.3577873,5.625,-90.03232488,5.625,88.38727052,-5.625,-92.95063165,-5.625,60.50428352,1.875,28.11340314,-5.625,-74.84571563,5.625,211.9697933,1.875,253.9859068,1.875,62.19125861,-5.625,-31.22194058,5.625,-16.03403151,1.875,183.9981523,-1.875,75.25220515,-5.625,130.9838558,5.625,25.22797462,-1.875,49.12269495,-5.625,226.5326728,1.875,219.5799669,5.625,158.1359101,1.875,195.9468901,1.875,94.09836496,-1.875,267.820837,5.625,266.0326731,1.875,279.2849213,1.875,303.5955201,5.625,-8.789176697,-1.875,240.7913772,1.875,5.277735704,-5.625,248.8614496,5.625,-17.85042517,-5.625,295.4914613,-5.625,272.3389609,-5.625,249.3533032,-5.625,297.3036884,1.875,225.1100109,-5.625,-96.18910038,1.875,201.9916271,-5.625,174.8611442,-5.625,182.3488976,5.625,-69.11689274,1.875,142.557494,-5.625,-58.92547172,-5.625,289.0159387,5.625,-37.90729786,1.875,325.786367,5.625,272.5850264,-1.875,111.5541138,-5.625
80.25663703,1.875,82.16992319,5.625,159.3001847,5.625,-91.0891956,5.625,89.43076405,-5.625,-90.6008422,-5.625,59.38514466,1.875,29.26865685,-5.625,-75.86876648,5.625,210.8820749,1.875,252.9006433,1.875,63.26681494,-5.625,-32.49099016,5.625,-16.85920262,1.875,185.6117782,-1.875,76.26230689,-5.625,129.7820347,5.625,27.09704886,-1.875,50.16383347,-5.625,225.4797614,1.875,218.090707,5.625,156.7313152,1.875,194.8232142,1.875,96.27924547,-1.875,266.772398,5.625,264.982138,1.875,278.2680033,1.875,302.8574191,5.625,-7.293917299,-1.875,239.772159,1.875,6.294358967,-5.625,247.6700417,5.625,-16.76792472,-5.625,296.5084329,-5.625,273.4218323,-5.625,250.2196004,-5.625,296.2208742,1.875,226.1246874,-5.625,-97.18981588,1.875,203.0720547,-5.625,175.9069981,-5.625,181.3251383,5.625,-70.1824546,1.875,143.5698805,-5.625,-57.13962266,-5.625,288.0010498,5.625,-38.93876174,1.875,323.5959777,5.625,273.6346144,-1.875,112.632103,-5.625
79.17331061,1.875,80.6676468,5.625,158.2425822,5.625,-92.14606631,5.625,90.47425757,-5.625,-88.25105274,-5.625,58.2660058,1.875,30.42391055,-5.625,-76.89181733,5.625,209.7943566,1.875,251.8153798,1.875,64.07489633,-5.625,-33.76003974,5.625,-17.95750536,1.875,187.2254041,-1.875,77.27240862,-5.625,128.5802136,5.625,28.96612311,-1.875,51.204972,-5.625,224.4268501,1.875,216.6014472,5.625,155.3267202,1.875,193.6995382,1.875,98.46012597,-1.875,265.7239591,5.625,263.9316029,1.875,277.2510854,1.875,302.119318,5.625,-5.798657901,-1.875,238.7529408,1.875,7.31098223,-5.625,246.4786338,5.625,-15.68542427,-5.625,297.5254046,-5.625,274.5047037,-5.625,251.2678199,-5.625,295.3259864,1.875,227.1393639,-5.625,-98.19053138,1.875,204.1524822,-5.625,176.9528519,-5.625,180.301379,5.625,-71.24801647,1.875,144.582267,-5.625,-55.35377361,-5.625,286.9861609,5.625,-39.97022562,1.875,322.8814959,5.625,274.6842025,-1.875,113.5230032,-5.625
78.08998419,1.875,79.16537041,5.625,157.1849796,5.625,-93.20293702,5.625,91.5177511,-5.625,-85.90126329,-5.625,57.14686693,1.875,31.57916426,-5.625,-77.91486818,5.625,208.7066383,1.875,250.7301163,1.875,65.15045265,-5.625,-35.02908932,5.625,-19.0558081,1.875,188.8390299,-1.875,78.28251035,-5.625,127.3783924,5.625,30.83519736,-1.875,52.15146157,-5.625,223.3739387,1.875,215.1121873,5.625,153.9221253,1.875,192.5758622,1.875,100.6410065,-1.875,264.6755201,5.625,262.8810678,1.875,276.2341674,1.875,301.381217,5.625,-4.303398502,-1.875,237.7337226,1.875,8.327605493,-5.625,245.2872259,5.625,-14.87212566,-5.625,298.5423762,-5.625,275.5875752,-5.625,252.3160394,-5.625,294.2431721,1.875,228.1540404,-5.625,-99.19124688,1.875,204.9642234,-5.625,177.9987058,-5.625,179.2776197,5.625,-72.04858886,1.875,145.5946536,-5.625,-53.56792455,-5.625,285.971272,5.625,-41.00168951,1.875,322.1670141,5.625,275.7337905,-1.875,114.6009923,-5.625
77.00665777,1.875,77.66309401,5.625,156.127377,5.625,-94.25980773,5.625,92.56124463,-5.625,-83.55147384,-5.625,56.02772807,1.875,32.73441797,-5.625,-78.93791903,5.625,207.61892,1.875,249.9147417,1.875,66.22600898,-5.625,-36.2981389,5.625,-19.88097921,1.875,190.4526558,-1.875,79.29261209,-5.625,126.1765713,5.625,32.70427161,-1.875,53.09795113,-5.625,222.3210274,1.875,213.6229274,5.625,152.5175303,1.875,191.4521863,1.875,102.821887,-1.875,263.6270812,5.625,262.012857,1.875,275.2172495,1.875,300.643116,5.625,-2.808139104,-1.875,236.7145045,1.875,9.344228757,-5.625,244.095818,5.625,-13.78962521,-5.625,299.5593479,-5.625,276.4011525,-5.625,253.3642589,-5.625,293.1603579,1.875,229.1687169,-5.625,341.4525323,5.625,206.0446509,-5.625,178.8630478,-5.625,178.2538604,5.625,-73.11415073,1.875,146.6070401,-5.625,-51.7820755,-5.625,284.9563831,5.625,-42.03315339,1.875,321.4525323,5.625,276.7833786,-1.875,115.4918925,-5.625
75.92333136,1.875,76.16081762,5.625,155.0697744,5.625,-95.31667844,5.625,93.60473815,-5.625,-81.20168439,-5.625,54.90858921,1.875,33.88967168,-5.625,-79.96096988,5.625,206.5312016,1.875,248.8294782,1.875,67.3015653,-5.625,-37.56718848,5.625,-20.97928195,1.875,192.0662817,-1.875,80.30271382,-5.625,124.9747502,5.625,34.57334586,-1.875,54.13908966,-5.625,221.2681161,1.875,212.1336675,5.625,151.1129354,1.875,190.3285103,1.875,105.0027675,-1.875,262.5786422,5.625,260.9623219,1.875,274.2003315,1.875,299.905015,5.625,-1.312879705,-1.875,235.6952863,1.875,10.36085202,-5.625,242.9044101,5.625,-12.70712476,-5.625,312.2654701,1.875,277.4840239,-5.625,254.4124785,-5.625,292.2654701,1.875,230.1833934,-5.625,340.8809469,5.625,207.1250785,-5.625,179.9089017,-5.625,177.2301011,5.625,-74.17971259,1.875,147.6194266,-5.625,-49.99622644,-5.625,283.9414942,5.625,-43.06461727,1.875,320.7380505,5.625,277.8329666,-1.875,116.5698817,-5.625
74.84000494,1.875,74.65854123,5.625,154.0121718,5.625,-96.37354916,5.625,94.4671295,-5.625,-78.85189494,-5.625,53.78945035,1.875,35.04492539,-5.625,-80.98402073,5.625,205.4434833,1.875,247.7442147,1.875,68.37712163,-5.625,-38.83623806,5.625,-22.07758469,1.875,193.6799075,-1.875,81.31281556,-5.625,123.7729291,5.625,36.4424201,-1.875,55.18022818,-5.625,220.2152047,1.875,210.6444077,5.625,149.7083404,1.875,189.2048344,1.875,107.183648,-1.875,261.5302033,5.625,259.9117868,1.875,273.1834135,1.875,299.166914,5.625,0.182379693,-1.875,234.6760681,1.875,11.37747528,-5.625,241.7130022,5.625,-11.62462431,-5.625,311.3992187,1.875,278.5668953,-5.625,255.460698,-5.625,291.1826558,1.875,231.1980699,-5.625,340.3093615,5.625,208.205506,-5.625,180.9547555,-5.625,176.2063418,5.625,-75.24527445,1.875,148.6318132,-5.625,-48.21037739,-5.625,282.9266053,5.625,-44.09608115,1.875,320.0235688,5.625,278.8825547,-1.875,117.6478709,-5.625
73.75667852,1.875,73.15626484,5.625,152.9545693,5.625,-97.43041987,5.625,95.51062302,-5.625,-76.50210549,-5.625,52.67031149,1.875,36.20017909,-5.625,-82.00707158,5.625,204.355765,1.875,246.6589512,1.875,69.18520302,-5.625,-40.10528764,5.625,-23.17588743,1.875,195.2935334,-1.875,82.32291729,-5.625,122.571108,5.625,38.31149435,-1.875,56.2213667,-5.625,219.1622934,1.875,209.1551478,5.625,148.3037455,1.875,188.0811584,1.875,109.3645285,-1.875,260.4817643,5.625,258.8612517,1.875,272.1664956,1.875,298.4288129,5.625,1.677639091,-1.875,233.6568499,1.875,12.39409855,-5.625,240.5215943,5.625,-10.54212386,-5.625,310.6117174,1.875,279.6497667,-5.625,256.5089175,-5.625,290.1982792,1.875,232.2127464,-5.625,339.737776,5.625,209.0172472,-5.625,182.0006094,-5.625,175.1825825,5.625,-76.31083631,1.875,149.6441997,-5.625,-46.42452833,-5.625,281.9117164,5.625,-45.12754503,1.875,319.309087,5.625,279.9321427,-1.875,118.538771,-5.625
72.6733521,1.875,71.65398845,5.625,151.8969667,5.625,-98.48729058,5.625,96.55411655,-5.625,-74.15231604,-5.625,51.55117262,1.875,37.3554328,-5.625,-83.03012243,5.625,203.2680466,1.875,245.5736877,1.875,70.26075934,-5.625,-41.37433722,5.625,-24.00105854,1.875,196.9071593,-1.875,83.33301902,-5.625,121.3692869,5.625,40.1805686,-1.875,57.16785627,-5.625,218.109382,1.875,207.6658879,5.625,146.8991505,1.875,186.9574825,1.875,111.545409,-1.875,259.4333254,5.625,257.8107166,1.875,271.1495776,1.875,297.6907119,5.625,3.17289849,-1.875,232.6376318,1.875,13.41072181,-5.625,239.3301864,5.625,-9.728825245,-5.625,309.745466,1.875,280.7326381,-5.625,257.557137,-5.625,289.115465,1.875,233.2274229,-5.625,339.1661906,5.625,210.0976747,-5.625,183.0464632,-5.625,174.1588232,5.625,-77.37639817,1.875,150.6565862,-5.625,-44.63867927,-5.625,280.8968275,5.625,-46.15900892,1.875,318.5946052,5.625,280.9817308,-1.875,119.6167602,-5.625
71.59002568,1.875,70.15171206,5.625,150.8393641,5.625,-99.54416129,5.625,97.41650789,-5.625,-71.80252659,-5.625,50.43203376,1.875,38.51068651,-5.625,-84.05317328,5.625,202.1803283,1.875,244.7583131,1.875,71.33631567,-5.625,-42.6433868,5.625,-25.09936128,1.875,198.5207851,-1.875,84.34312076,-5.625,120.1674658,5.625,42.04964285,-1.875,58.20899479,-5.625,217.0564707,1.875,206.176628,5.625,145.4945556,1.875,185.8338065,1.875,113.7262895,-1.875,258.3848864,5.625,256.7601816,1.875,270.1326596,1.875,296.9526109,5.625,4.668157888,-1.875,231.6184136,1.875,14.42734507,-5.625,238.1387785,5.625,-8.646324794,-5.625,308.9579647,1.875,281.8155095,-5.625,258.6053566,-5.625,288.1310884,1.875,234.2420994,-5.625,338.5946052,5.625,211.1781023,-5.625,184.0923171,-5.625,173.1350639,5.625,-78.44196003,1.875,151.6689728,-5.625,-42.85283022,-5.625,279.8819386,5.625,-47.1904728,1.875,317.8801234,5.625,282.0313188,-1.875,120.6947494,-5.625
70.50669926,1.875,68.64943566,5.625,149.7817615,5.625,-100,-5.625,98.46000142,-5.625,-69.45273714,-5.625,49.3128949,1.875,39.66594022,-5.625,-85.07622413,5.625,201.09261,1.875,243.6730496,1.875,72.411872,-5.625,-43.91243639,5.625,-26.19766402,1.875,200.134411,-1.875,85.35322249,-5.625,118.9656446,5.625,43.9187171,-1.875,59.25013332,-5.625,216.0035594,1.875,204.6873682,5.625,144.0899606,1.875,184.7101305,1.875,115.90717,-1.875,257.3364475,5.625,255.7096465,1.875,269.1157417,1.875,296.2145099,5.625,6.163417287,-1.875,230.5991954,1.875,15.44396834,-5.625,236.9473706,5.625,-7.563824344,-5.625,308.1704635,1.875,282.8983809,-5.625,259.6535761,-5.625,287.1467118,1.875,235.2567759,-5.625,338.0230198,5.625,212.2585298,-5.625,185.1381709,-5.625,172.1113046,5.625,-79.5075219,1.875,152.6813593,-5.625,-41.06698116,-5.625,278.8670497,5.625,-48.22193668,1.875,317.1656416,5.625,283.0809069,-1.875,121.5856495,-5.625
69.42337285,1.875,67.14715927,5.625,148.7241589,5.625,-97.92141014,-5.625,99.50349495,-5.625,-67.10294768,-5.625,48.19375604,1.875,40.82119393,-5.625,-86.09927498,5.625,200.0048917,1.875,242.5877861,1.875,73.21995338,-5.625,-45.18148597,5.625,-27.29596676,1.875,201.7480369,-1.875,86.36332423,-5.625,117.7638235,5.625,45.78779134,-1.875,60.29127184,-5.625,214.950648,1.875,203.1981083,5.625,142.6853657,1.875,183.5864546,1.875,118.0880505,-1.875,256.2880085,5.625,254.6591114,1.875,268.0988237,1.875,295.4764088,5.625,7.658676685,-1.875,229.5799772,1.875,16.4605916,-5.625,235.7559627,5.625,-6.481323893,-5.625,307.3042121,1.875,283.9812523,-5.625,260.7017956,-5.625,286.0638976,1.875,236.2714524,-5.625,337.4514343,5.625,213.070271,-5.625,186.1840248,-5.625,171.0875453,5.625,-80.57308376,1.875,153.6937458,-5.625,-39.28113211,-5.625,277.8521608,5.625,-49.25340056,1.875,316.4511598,5.625,284.1304949,-1.875,122.6636387,-5.625
68.34004643,1.875,65.64488288,5.625,147.6665564,5.625,-95.84282029,-5.625,100.5469885,-5.625,-64.75315823,-5.625,47.07461718,1.875,41.97644763,-5.625,-87.12232583,5.625,198.9171733,1.875,241.5025226,1.875,74.29550971,-5.625,-46.45053555,5.625,-28.12113787,1.875,203.3616627,-1.875,87.37342596,-5.625,116.5620024,5.625,47.65686559,-1.875,61.23776141,-5.625,213.8977367,1.875,201.7088484,5.625,141.2807707,1.875,182.4627786,1.875,120.268931,-1.875,255.2395696,5.625,253.6085763,1.875,267.0819058,1.875,294.7383078,5.625,9.153936083,-1.875,228.560759,1.875,17.47721486,-5.625,234.5645548,5.625,-5.668025282,-5.625,306.5167108,1.875,285.0641238,-5.625,261.7500151,-5.625,285.079521,1.875,237.2861289,-5.625,336.8798489,5.625,214.1506986,-5.625,187.0483668,-5.625,170.063786,5.625,-81.63864562,1.875,154.7061324,-5.625,-37.49528305,-5.625,276.8372719,5.625,-50.28486444,1.875,315.736678,5.625,285.180083,-1.875,123.7416279,-5.625
67.25672001,1.875,64.14260649,5.625,146.6089538,5.625,-93.76423043,-5.625,101.590482,-5.625,-62.40336878,-5.625,45.95547831,1.875,43.13170134,-5.625,-88.14537667,5.625,197.829455,1.875,240.687148,1.875,75.37106604,-5.625,-47.71958513,5.625,-29.21944061,1.875,204.9752886,-1.875,88.38352769,-5.625,115.3601813,5.625,49.52593984,-1.875,62.27889993,-5.625,212.8448253,1.875,200.2195886,5.625,139.8761758,1.875,181.3391027,1.875,122.4498115,-1.875,254.1911306,5.625,252.7403655,1.875,266.0649878,1.875,294.0002068,5.625,10.64919548,-1.875,227.5415409,1.875,18.49383813,-5.625,233.3731469,5.625,-4.585524832,-5.625,305.7292095,1.875,286.1469952,-5.625,262.7982347,-5.625,284.0951444,1.875,238.3008055,-5.625,336.3082635,5.625,215.2311261,-5.625,188.0942207,-5.625,169.0400267,5.625,-82.70420748,1.875,155.7185189,-5.625,-35.709434,-5.625,275.822383,5.625,-51.31632833,1.875,315.0221962,5.625,286.229671,-1.875,124.632528,-5.625
66.17339359,1.875,62.6403301,5.625,145.5513512,5.625,-91.68564058,-5.625,102.6339755,-5.625,-60.05357933,-5.625,44.83633945,1.875,44.28695505,-5.625,-89.16842752,5.625,196.7417367,1.875,239.6018845,1.875,76.44662236,-5.625,-48.98863471,5.625,-30.31774335,1.875,206.5889144,-1.875,89.39362943,-5.625,114.1583602,5.625,51.39501409,-1.875,63.32003846,-5.625,211.791914,1.875,198.7303287,5.625,138.4715808,1.875,180.2154267,1.875,124.630692,-1.875,253.1426917,5.625,251.6898304,1.875,265.0480698,1.875,293.2621058,5.625,12.14445488,-1.875,226.5223227,1.875,19.51046139,-5.625,232.181739,5.625,-3.503024381,-5.625,304.8629581,1.875,287.2298666,-5.625,263.8464542,-5.625,283.0123302,1.875,239.315482,-5.625,335.736678,5.625,216.3115536,-5.625,189.1400745,-5.625,168.0162674,5.625,-83.76976934,1.875,156.7309054,-5.625,-33.92358494,-5.625,274.8074941,5.625,-52.34779221,1.875,314.3077145,5.625,287.2792591,-1.875,125.7105172,-5.625
65.09006717,1.875,61.13805371,5.625,144.4937486,5.625,-89.60705072,-5.625,103.582606,-5.625,-57.70378988,-5.625,43.71720059,1.875,45.44220876,-5.625,-90.19147837,5.625,195.6540183,1.875,238.516621,1.875,77.25470375,-5.625,-50.25768429,5.625,-31.41604609,1.875,208.2025403,-1.875,90.40373116,-5.625,112.9565391,5.625,53.26408834,-1.875,64.36117698,-5.625,210.7390026,1.875,197.2410688,5.625,137.0669859,1.875,179.0917507,1.875,126.8115725,-1.875,252.0942527,5.625,250.6392953,1.875,264.0311519,1.875,292.5240048,5.625,13.63971428,-1.875,225.5031045,1.875,20.52708465,-5.625,230.9903311,5.625,-2.42052393,-5.625,304.0754569,1.875,288.312738,-5.625,264.8946737,-5.625,282.0279536,1.875,240.3301585,-5.625,335.1650926,5.625,217.3919812,-5.625,190.1859284,-5.625,166.9925081,5.625,-84.8353312,1.875,157.743292,-5.625,-32.13773588,-5.625,273.7926052,5.625,-53.37925609,1.875,313.5932327,5.625,288.3288471,-1.875,126.7885064,-5.625
64.00674075,1.875,59.63577731,5.625,143.436146,5.625,-87.52846086,-5.625,104.6260995,-5.625,-55.35400043,-5.625,42.59806173,1.875,46.59746247,-5.625,-91.21452922,5.625,194.5663,1.875,237.4313575,1.875,78.33026008,-5.625,-51.52673387,5.625,-32.2412172,1.875,209.8161662,-1.875,91.41383289,-5.625,111.754718,5.625,55.13316258,-1.875,65.30766655,-5.625,209.6860913,1.875,195.7518089,5.625,135.6623909,1.875,177.9680748,1.875,128.992453,-1.875,251.0458138,5.625,249.5887602,1.875,263.0142339,1.875,291.7859037,5.625,15.13497368,-1.875,224.4838863,1.875,21.54370791,-5.625,229.7989232,5.625,-1.60722532,-5.625,303.2879556,1.875,289.3956094,-5.625,265.9428932,-5.625,281.043577,1.875,241.344835,-5.625,334.5935072,5.625,218.2037224,-5.625,191.2317823,-5.625,165.9687488,5.625,-85.90089306,1.875,158.7556785,-5.625,-30.35188683,-5.625,272.7777163,5.625,-54.41071997,1.875,312.8787509,5.625,289.3784351,-1.875,127.6794065,-5.625
62.92341433,1.875,58.13350092,5.625,142.3785435,5.625,-85.44987101,-5.625,105.6695931,-5.625,-53.00421098,-5.625,41.47892286,1.875,47.75271618,-5.625,-92.23758007,5.625,193.4785817,1.875,236.6159829,1.875,79.4058164,-5.625,-52.79578345,5.625,-33.33951994,1.875,211.429792,-1.875,92.42393463,-5.625,110.5528969,5.625,57.00223683,-1.875,66.34880507,-5.625,208.63318,1.875,194.2625491,5.625,134.257796,1.875,176.8443988,1.875,131.1733336,-1.875,249.9973748,5.625,248.7205494,1.875,261.997316,1.875,291.0478027,5.625,16.63023308,-1.875,223.4646681,1.875,22.56033118,-5.625,228.6075153,5.625,-0.524724869,-5.625,302.4217042,1.875,290.4784808,-5.625,266.9911128,-5.625,279.9607627,1.875,242.3595115,-5.625,334.0219217,5.625,219.2841499,-5.625,192.0961243,-5.625,164.9449895,5.625,-86.96645493,1.875,159.768065,-5.625,-28.56603777,-5.625,271.7628274,5.625,-55.44218385,1.875,312.1642691,5.625,290.4280232,-1.875,128.7573957,-5.625
61.84008792,1.875,56.63122453,5.625,141.3209409,5.625,-83.37128115,-5.625,106.7130866,-5.625,-50.65442153,-5.625,40.359784,1.875,48.90796988,-5.625,-93.26063092,5.625,192.3908634,1.875,235.5307194,1.875,80.48137273,-5.625,-54.06483303,5.625,-34.43782268,1.875,213.0434179,-1.875,93.43403636,-5.625,109.3510757,5.625,58.87131108,-1.875,67.3899436,-5.625,207.5802686,1.875,192.7732892,5.625,132.853201,1.875,175.7207229,1.875,133.3542141,-1.875,248.9489359,5.625,247.6700143,1.875,260.980398,1.875,290.3097017,5.625,18.12549247,-1.875,222.44545,1.875,23.57695444,-5.625,227.4161074,5.625,0.557775581,-5.625,301.6342029,1.875,291.5613522,-5.625,268.0393323,-5.625,278.9763861,1.875,243.374188,-5.625,333.4503363,5.625,220.3645774,-5.625,193.1419781,-5.625,163.9212302,5.625,-88.03201679,1.875,160.7804516,-5.625,-26.78018872,-5.625,270.7479385,5.625,-56.47364774,1.875,311.4497873,5.625,291.4776112,-1.875,129.8353849,-5.625
60.7567615,1.875,55.12894814,5.625,140.2633383,5.625,-81.29269129,-5.625,107.7565801,-5.625,-48.30463208,-5.625,39.24064514,1.875,50.06322359,-5.625,-94.28368177,5.625,191.303145,1.875,234.4454559,1.875,81.28945412,-5.625,-55.33388261,5.625,-35.53612542,1.875,214.6570438,-1.875,94.4441381,-5.625,108.1492546,5.625,60.74038533,-1.875,68.43108212,-5.625,206.5273573,1.875,191.2840293,5.625,131.4486061,1.875,174.5970469,1.875,135.5350946,-1.875,247.9004969,5.625,246.6194793,1.875,259.96348,1.875,289.5716007,5.625,19.62075187,-1.875,221.4262318,1.875,24.5935777,-5.625,226.2246995,5.625,1.640276032,-5.625,300.8467017,1.875,292.6442236,-5.625,269.0875518,-5.625,277.9920096,1.875,244.3888645,-5.625,332.8787509,5.625,221.445005,-5.625,194.187832,-5.625,162.8974709,5.625,-89.09757865,1.875,161.7928381,-5.625,-24.99433966,-5.625,269.7330496,5.625,-57.50511162,1.875,310.7353055,5.625,292.5271993,-1.875,130.726285,-5.625
59.67343508,1.875,53.62667175,5.625,139.2057357,5.625,-79.21410144,-5.625,108.8000736,-5.625,-46.87595283,-5.625,38.12150628,1.875,51.2184773,-5.625,-95.30673262,5.625,190.2154267,1.875,233.3601924,1.875,82.36501044,-5.625,-56.60293219,5.625,-36.36129653,1.875,216.2706696,-1.875,95.45423983,-5.625,106.9474335,5.625,62.60945958,-1.875,69.37757169,-5.625,205.4744459,1.875,189.7947695,5.625,130.0440111,1.875,173.4733709,1.875,137.7159751,-1.875,246.852058,5.625,245.5689442,1.875,258.9465621,1.875,288.8334997,5.625,21.11601127,-1.875,220.4070136,1.875,25.61020097,-5.625,225.0332916,5.625,2.453574643,-5.625,299.9804503,1.875,293.727095,-5.625,270.1357713,-5.625,276.9091953,1.875,245.403541,-5.625,332.3071654,5.625,222.2567462,-5.625,195.2336859,-5.625,161.8737116,5.625,-90.16314051,1.875,162.8052246,-5.625,-23.94647923,-5.625,268.7181607,5.625,-58.5365755,1.875,310.0208237,5.625,293.5767873,-1.875,131.8042742,-5.625
58.59010866,1.875,52.12439535,5.625,138.1481331,5.625,-77.13551158,-5.625,109.7487041,-5.625,-45.86162393,-5.625,37.00236742,1.875,52.37373101,-5.625,-96.32978347,5.625,189.1277084,1.875,232.5448178,1.875,83.44056677,-5.625,-57.87198177,5.625,-37.45959927,1.875,217.8842955,-1.875,96.46434156,-5.625,105.7456124,5.625,64.47853382,-1.875,70.32406125,-5.625,204.4215346,1.875,188.3055096,5.625,128.6394162,1.875,172.349695,1.875,139.8968556,-1.875,245.803619,5.625,244.5184091,1.875,257.9296441,1.875,288.0953986,5.625,22.61127067,-1.875,219.3877954,1.875,26.62682423,-5.625,223.8418837,5.625,3.536075093,-5.625,298.9322861,1.875,294.8099665,-5.625,271.1839909,-5.625,275.9248187,1.875,246.4182175,-5.625,331.73558,5.625,223.3371737,-5.625,196.2795397,-5.625,160.8499523,5.625,-91.22870237,1.875,163.8176112,-5.625,-22.89861879,-5.625,267.7032718,5.625,-59.56803938,1.875,309.3063419,5.625,294.6263754,-1.875,132.8822634,-5.625
57.50678224,1.875,50.62211896,5.625,137.0905306,5.625,-75.05692173,-5.625,110.7921976,-5.625,-44.84729503,-5.625,35.88322855,1.875,53.52898472,-5.625,-97.35283432,5.625,188.03999,1.875,231.4595543,1.875,84.51612309,-5.625,-59.14103135,5.625,-38.55790201,1.875,219.4979214,-1.875,97.4744433,-5.625,104.5437913,5.625,66.34760807,-1.875,71.36519978,-5.625,203.3686232,1.875,186.8162497,5.625,127.2348212,1.875,171.226019,1.875,142.0777361,-1.875,244.7551801,5.625,243.467874,1.875,256.9127261,1.875,287.3572976,5.625,24.10653007,-1.875,218.3685772,1.875,27.64344749,-5.625,222.6504758,5.625,4.618575544,-5.625,297.8841219,1.875,295.8928379,-5.625,272.2322104,-5.625,274.9404421,1.875,247.432894,-5.625,331.1639946,5.625,224.4176013,-5.625,197.3253936,-5.625,159.826193,5.625,-92.29426423,1.875,164.8299977,-5.625,-21.85075835,-5.625,266.6883829,5.625,-60.59950326,1.875,308.5918601,5.625,295.6759634,-1.875,133.7731636,-5.625
56.42345582,1.875,49.11984257,5.625,136.032928,5.625,-72.97833187,-5.625,111.8356912,-5.625,-43.83296612,-5.625,34.76408969,1.875,54.68423842,-5.625,-98.37588517,5.625,186.9522717,1.875,230.3742908,1.875,85.32420448,-5.625,-60.41008093,5.625,-39.65620475,1.875,221.1115472,-1.875,98.48454503,-5.625,103.3419702,5.625,68.21668232,-1.875,72.4063383,-5.625,202.3157119,1.875,185.3269898,5.625,125.8302263,1.875,170.1023431,1.875,144.2586166,-1.875,243.7067411,5.625,242.4173389,1.875,255.8958082,1.875,286.6191966,5.625,25.60178947,-1.875,217.3493591,1.875,28.66007076,-5.625,221.4590679,5.625,5.701075994,-5.625,297.0178705,1.875,296.9757093,-5.625,273.2804299,-5.625,273.8576279,1.875,248.4475705,-5.625,330.5924092,5.625,225.4980288,-5.625,198.3712474,-5.625,158.8024337,5.625,-93.3598261,1.875,165.8423842,-5.625,-20.80289792,-5.625,265.673494,5.625,-61.63096715,1.875,307.8773784,5.625,296.7255515,-1.875,134.8511527,-5.625
55.34012941,1.875,47.61756618,5.625,134.9753254,5.625,-70.89974201,-5.625,112.7843217,-5.625,-42.81863722,-5.625,33.64495083,1.875,55.83949213,-5.625,-99.39893602,5.625,185.8645534,1.875,229.2890273,1.875,86.39976081,-5.625,-61.67913052,5.625,-40.48137586,1.875,222.7251731,-1.875,99.49464677,-5.625,102.1401491,5.625,70.08575657,-1.875,73.35282787,-5.625,201.2628006,1.875,183.83773,5.625,124.4256314,1.875,168.9786671,1.875,146.4394971,-1.875,242.6583022,5.625,241.3668038,1.875,254.8788902,1.875,285.8810956,5.625,27.09704886,-1.875,216.3301409,1.875,29.67669402,-5.625,220.26766,5.625,6.514374605,-5.625,295.9697063,1.875,298.0585807,-5.625,274.3286494,-5.625,272.8732513,1.875,249.462247,-5.625,330.0208237,5.625,226.30977,-5.625,199.4171013,-5.625,157.7786744,5.625,-94.42538796,1.875,166.8547708,-5.625,-19.75503748,-5.625,264.6586051,5.625,-62.66243103,1.875,307.1628966,5.625,297.7751395,-1.875,135.7420529,-5.625
54.25680299,1.875,46.11528979,5.625,133.9177228,5.625,-68.82115216,-5.625,113.8278152,-5.625,-41.80430832,-5.625,32.52581197,1.875,56.99474584,-5.625,-100,-5.625,184.7768351,1.875,228.4736527,1.875,87.47531713,-5.625,-62.9481801,5.625,-41.5796786,1.875,224.338799,-1.875,100.5047485,-5.625,100.9383279,5.625,71.95483082,-1.875,74.39396639,-5.625,200.2098892,1.875,182.3484701,5.625,123.0210364,1.875,167.8549911,1.875,148.6203776,-1.875,241.6098632,5.625,240.498593,1.875,253.8619723,1.875,285.0691845,5.625,28.59230826,-1.875,215.3109227,1.875,30.69331728,-5.625,219.0762521,5.625,7.596875056,-5.625,294.9215421,1.875,299.1414521,-5.625,275.376869,-5.625,271.8888747,1.875,250.4769235,-5.625,329.3920797,5.625,227.3901975,-5.625,200.2814433,-5.625,156.7549151,5.625,-95.49094982,1.875,167.8671573,-5.625,-18.70717704,-5.625,263.6437162,5.625,-63.69389491,1.875,306.2119213,5.625,298.8247276,-1.875,136.8200421,-5.625
53.17347657,1.875,44.6130134,5.625,132.8601202,5.625,-66.7425623,-5.625,114.7764457,-5.625,-40.78997942,-5.625,31.40667311,1.875,58.14999955,-5.625,-97.71135114,-5.625,183.6891167,1.875,227.3883892,1.875,88.55087346,-5.625,-64.21722968,5.625,-42.67798134,1.875,225.9524248,-1.875,101.5148502,-5.625,99.73650683,5.625,73.82390506,-1.875,75.43510492,-5.625,199.1569779,1.875,180.8592102,5.625,121.6164415,1.875,166.7313152,1.875,150.8012581,-1.875,240.5614243,5.625,239.4480579,1.875,252.8450543,1.875,284.2572733,5.625,30.08756766,-1.875,214.2917045,1.875,31.70994055,-5.625,217.8848442,5.625,8.679375506,-5.625,293.8733779,1.875,313.8733779,1.875,276.4250885,-5.625,270.8060605,1.875,251.4916,-5.625,328.7633358,5.625,228.4706251,-5.625,201.3272972,-5.625,155.7311558,5.625,-96.55651168,1.875,168.8795438,-5.625,-17.65931661,-5.625,262.6288272,5.625,-64.72535879,1.875,305.4974395,5.625,299.8743156,-1.875,137.8980312,-5.625
52.09015015,1.875,43.110737,5.625,131.8025177,5.625,-64.66397244,-5.625,115.8199392,-5.625,-39.77565051,-5.625,30.28753424,1.875,59.30525326,-5.625,-95.42270229,-5.625,182.6013984,1.875,226.3031257,1.875,89.35895485,-5.625,-65.48627926,5.625,-43.77628408,1.875,227.5660507,-1.875,102.524952,-5.625,98.53468572,5.625,75.69297931,-1.875,76.47624344,-5.625,198.1040665,1.875,179.3699503,5.625,120.2118465,1.875,165.6076392,1.875,152.9821386,-1.875,239.5129853,5.625,238.3975229,1.875,251.8281363,1.875,283.4453622,5.625,31.58282706,-1.875,213.2724863,1.875,32.72656381,-5.625,216.6934363,5.625,9.761875957,-5.625,292.8252137,1.875,313.0348466,1.875,277.473308,-5.625,269.7232462,1.875,252.5062765,-5.625,328.1345918,5.625,229.5510526,-5.625,202.373151,-5.625,154.7073965,5.625,-97.62207354,1.875,169.8919304,-5.625,-16.61145617,-5.625,261.6139383,5.625,-65.75682267,1.875,304.5464643,5.625,356.1345918,5.625,138.7889314,-5.625
51.00682373,1.875,41.60846061,5.625,130.7449151,5.625,-62.58538259,-5.625,116.8634327,-5.625,-38.76132161,-5.625,29.16839538,1.875,60.46050697,-5.625,-93.13405343,-5.625,181.5136801,1.875,225.2178622,1.875,90.43451117,-5.625,-66.75532884,5.625,-44.60145519,1.875,229.1796766,-1.875,103.5350537,-5.625,97.33286461,5.625,77.56205356,-1.875,77.42273301,-5.625,197.0511552,1.875,177.8806905,5.625,118.8072516,1.875,164.4839633,1.875,155.1630191,-1.875,238.4645464,5.625,237.3469878,1.875,250.8112184,1.875,282.6334511,5.625,33.07808646,-1.875,212.2532682,1.875,33.74318707,-5.625,215.5020284,5.625,10.57517457,-5.625,291.7770495,1.875,312.1963152,1.875,278.5215275,-5.625,268.640432,1.875,253.520953,-5.625,327.5058478,5.625,230.3627938,-5.625,203.4190049,-5.625,153.6836372,5.625,-98.6876354,1.875,170.9043169,-5.625,-15.56359574,-5.625,260.5990494,5.625,-66.78828656,1.875,303.8319825,5.625,354.1625253,5.625,139.8669206,-5.625
49.92349731,1.875,40.10618422,5.625,129.6873125,5.625,-60.50679273,-5.625,117.8120632,-5.625,-37.74699271,-5.625,28.04925652,1.875,61.61576067,-5.625,-90.84540457,-5.625,180.4259617,1.875,224.4024876,1.875,91.5100675,-5.625,-68.02437842,5.625,-45.69975793,1.875,230.7933024,-1.875,104.5451554,-5.625,96.13104349,5.625,79.43112781,-1.875,78.46387153,-5.625,195.9982439,1.875,176.3914306,5.625,117.4026566,1.875,163.3602873,1.875,157.3438996,-1.875,237.4161074,5.625,236.478777,1.875,249.7943004,1.875,281.5527974,5.625,34.57334586,-1.875,211.23405,1.875,34.75981034,-5.625,214.3106205,5.625,11.65767502,-5.625,290.7288853,1.875,311.3577839,1.875,279.5697471,-5.625,267.5576177,1.875,254.5356295,-5.625,326.6689896,5.625,231.4432214,-5.625,204.2833469,-5.625,152.6598779,5.625,-99.75319726,1.875,171.9167034,-5.625,-14.5157353,-5.625,259.5841605,5.625,-67.81975044,1.875,302.7859097,5.625,353.2714387,5.625,140.9449098,-5.625
48.84017089,1.875,38.60390783,5.625,128.6297099,5.625,-58.42820288,-5.625,118.8555567,-5.625,-36.73266381,-5.625,26.93011766,1.875,62.77101438,-5.625,-88.55675572,-5.625,179.3382434,1.875,223.3172241,1.875,92.58562383,-5.625,-69.293428,5.625,-46.79806067,1.875,232.4069283,-1.875,105.5552572,-5.625,94.92922238,5.625,81.30020206,-1.875,79.50501005,-5.625,194.9453325,1.875,174.9021707,5.625,115.9980617,1.875,162.2366113,1.875,159.5247801,-1.875,236.3676685,5.625,235.4282419,1.875,248.7773824,1.875,280.7408863,5.625,36.06860525,-1.875,210.2148318,1.875,35.7764336,-5.625,213.1192126,5.625,12.74017547,-5.625,289.6807212,1.875,310.5192525,1.875,280.6179666,-5.625,266.4748035,1.875,255.550306,-5.625,326.0402456,5.625,232.5236489,-5.625,205.3292008,-5.625,151.6361186,5.625,338.5192525,1.875,172.92909,-5.625,-13.46787486,-5.625,258.5692716,5.625,-68.85121432,1.875,301.8349344,5.625,352.6019521,5.625,141.8358099,-5.625
47.75684448,1.875,37.10163144,5.625,127.5721073,5.625,-56.34961302,-5.625,119.8990502,-5.625,-35.71833491,-5.625,25.8109788,1.875,63.92626809,-5.625,-86.26810686,-5.625,178.2505251,1.875,222.2319606,1.875,93.39370521,-5.625,-70.56247758,5.625,-47.89636341,1.875,234.0205542,-1.875,106.5653589,-5.625,93.72740127,5.625,83.1692763,-1.875,80.54614858,-5.625,193.8924212,1.875,173.4129109,5.625,114.5934667,1.875,161.1129354,1.875,161.7056606,-1.875,235.3192295,5.625,234.3777068,1.875,247.7604645,1.875,279.6602326,5.625,37.56386465,-1.875,209.1956136,1.875,36.79305686,-5.625,211.9278047,5.625,13.82267592,-5.625,288.632557,1.875,309.6807212,1.875,281.6661861,-5.625,265.3919892,1.875,256.5649825,-5.625,325.2033874,5.625,233.6040764,-5.625,206.3750546,-5.625,150.6123593,5.625,336.5582952,1.875,173.9414765,-5.625,-12.42001443,-5.625,257.5543827,5.625,-69.8826782,1.875,300.7888616,5.625,351.7108654,5.625,142.9137991,-5.625
46.67351806,1.875,35.59935504,5.625,126.5145048,5.625,-54.27102316,-5.625,120.8476807,-5.625,-34.704006,-5.625,24.69183993,1.875,65.0815218,-5.625,-83.979458,-5.625,177.1628068,1.875,221.1466971,1.875,94.46926154,-5.625,-71.83152716,5.625,-48.72153452,1.875,235.63418,-1.875,107.5754606,-5.625,92.52558015,5.625,85.03835055,-1.875,81.49263815,-5.625,192.8395098,1.875,172.322812,5.625,113.1888718,1.875,159.9892594,1.875,163.8865411,-1.875,234.2707906,5.625,233.3271717,1.875,246.7435465,1.875,278.5795788,5.625,39.05912405,-1.875,208.1763955,1.875,37.80968013,-5.625,210.7363968,5.625,14.63597453,-5.625,287.5843928,1.875,308.8421898,1.875,282.7144056,-5.625,264.309175,1.875,257.579659,-5.625,324.3665292,5.625,234.4158176,-5.625,207.4209085,-5.625,149.5886,5.625,335.8203876,1.875,174.953863,-5.625,-11.37215399,-5.625,256.5394938,5.625,-70.91414208,1.875,299.7427889,5.625,350.8197788,5.625,143.9917883,-5.625
45.59019164,1.875,34.09707865,5.625,125.4569022,5.625,-52.19243331,-5.625,121.8911742,-5.625,-33.6896771,-5.625,23.57270107,1.875,66.23677551,-5.625,-81.69080915,-5.625,176.0750884,1.875,220.3313226,1.875,95.54481787,-5.625,-73.10057674,5.625,-49.81983726,1.875,237.2478059,-1.875,108.5855624,-5.625,91.32375904,5.625,86.9074248,-1.875,82.43912771,-5.625,191.7865985,1.875,171.2327131,5.625,111.7842768,1.875,158.8655835,1.875,166.0674216,-1.875,233.2223516,5.625,232.4589609,1.875,245.7266286,1.875,277.4989251,5.625,40.55438345,-1.875,207.1571773,1.875,38.82630339,-5.625,209.5449889,5.625,15.71847498,-5.625,286.5362286,1.875,308.0036585,1.875,283.7626252,-5.625,263.2263608,1.875,258.5943355,-5.625,323.5296709,5.625,235.4962452,-5.625,208.2852505,-5.625,148.5648407,5.625,335.08248,1.875,175.9662496,-5.625,-10.32429355,-5.625,255.5246049,5.625,-71.94560597,1.875,298.6967161,5.625,349.9286922,5.625,144.8826884,-5.625
44.50686522,1.875,32.59480226,5.625,124.3992996,5.625,-50.11384345,-5.625,122.9346678,-5.625,-32.6753482,-5.625,22.45356221,1.875,67.39202921,-5.625,-79.40216029,-5.625,174.9873701,1.875,219.246059,1.875,96.62037419,-5.625,-74.36962632,5.625,-50.91814,1.875,238.8614318,-1.875,109.5956641,-5.625,90.12193793,5.625,88.77649905,-1.875,83.48026624,-5.625,190.7336871,1.875,170.1426142,5.625,110.3796819,1.875,157.7419075,1.875,168.2483021,-1.875,232.1739127,5.625,231.4084258,1.875,244.7097106,1.875,276.687014,5.625,42.04964285,-1.875,206.1379591,1.875,39.84292665,-5.625,208.353581,5.625,16.80097543,-5.625,285.4880644,1.875,307.1651271,1.875,284.8108447,-5.625,262.1435465,1.875,259.609012,-5.625,322.900927,5.625,236.5766727,-5.625,209.3311044,-5.625,147.5410814,5.625,334.0021095,1.875,176.9786361,-5.625,-9.276433118,-5.625,254.509716,5.625,-72.97706985,1.875,297.7457408,5.625,349.2592056,5.625,145.9606776,-5.625
43.4235388,1.875,31.09252587,5.625,123.341697,5.625,-48.03525359,-5.625,123.8832983,-5.625,-31.6610193,-5.625,21.33442335,1.875,68.54728292,-5.625,-77.11351143,-5.625,173.8996518,1.875,218.1607955,1.875,97.42845558,-5.625,-75.6386759,5.625,-52.01644274,1.875,240.4750576,-1.875,110.6057658,-5.625,88.92011681,5.625,90.6455733,-1.875,84.52140476,-5.625,189.6807758,1.875,169.0525153,5.625,108.9750869,1.875,156.6182315,1.875,170.4291826,-1.875,231.1254737,5.625,230.3578907,1.875,243.6927926,1.875,275.6063603,5.625,43.54490225,-1.875,205.1187409,1.875,40.85954992,-5.625,207.1621731,5.625,17.88347588,-5.625,284.4399002,1.875,306.3265958,1.875,285.8590642,-5.625,261.0607323,1.875,260.6236885,-5.625,322.0640687,5.625,237.6571002,-5.625,210.3769582,-5.625,146.5173221,5.625,333.2642019,1.875,177.9910226,-5.625,-8.228572682,-5.625,253.4948271,5.625,-74.00853373,1.875,296.699668,5.625,348.3681189,5.625,147.0386668,-5.625
42.34021238,1.875,29.59024948,5.625,122.2840944,5.625,-45.95666374,-5.625,124.9267918,-5.625,-30.64669039,-5.625,20.21528449,1.875,69.70253663,-5.625,-74.82486257,-5.625,172.8119334,1.875,217.075532,1.875,98.50401191,-5.625,-76.90772548,5.625,-52.84161385,1.875,242.0886835,-1.875,111.6158676,-5.625,87.7182957,5.625,92.51464754,-1.875,85.46789433,-5.625,188.6278645,1.875,167.9624164,5.625,107.570492,1.875,155.4945556,1.875,172.6100632,-1.875,230.0770348,5.625,229.3073556,1.875,242.6758747,1.875,274.5257066,5.625,45.04016165,-1.875,204.0995227,1.875,41.87617318,-5.625,205.9707652,5.625,18.69677449,-5.625,283.391736,1.875,305.4880644,1.875,286.9072837,-5.625,259.977918,1.875,261.638365,-5.625,321.2272105,5.625,238.4688414,-5.625,211.4228121,-5.625,145.4935628,5.625,332.5262943,1.875,179.0034092,-5.625,-7.362572321,-5.625,252.4799382,5.625,-75.03999761,1.875,295.6535952,5.625,347.4770323,5.625,147.9295669,-5.625
41.25688596,1.875,28.08797309,5.625,121.2264919,5.625,-43.87807388,-5.625,125.9702853,-5.625,-29.63236149,-5.625,19.09614562,1.875,70.85779034,-5.625,-72.53621372,-5.625,171.7242151,1.875,216.2601575,1.875,99.57956823,-5.625,-78.17677507,5.625,-53.93991659,1.875,243.7023094,-1.875,112.6259693,-5.625,86.51647459,5.625,94.38372179,-1.875,86.50903285,-5.625,187.5749531,1.875,166.8723175,5.625,106.165897,1.875,154.3708796,1.875,174.7909437,-1.875,229.0285958,5.625,228.2568205,1.875,241.6589567,1.875,273.4450529,5.625,46.53542104,-1.875,203.0803046,1.875,42.89279644,-5.625,204.7793573,5.625,19.77927494,-5.625,282.3435718,1.875,304.649533,1.875,287.9555033,-5.625,258.8951038,1.875,262.6530415,-5.625,320.3903523,5.625,239.549269,-5.625,212.4686659,-5.625,144.4698036,5.625,331.4459238,1.875,180.0157957,-5.625,-6.314711885,-5.625,251.4650493,5.625,-76.07146149,1.875,294.6075225,5.625,346.5859456,5.625,149.0075561,-5.625
40.17355955,1.875,26.58569669,5.625,120.1688893,5.625,-41.79948403,-5.625,126.9189158,-5.625,-28.61803259,-5.625,17.97700676,1.875,72.01304405,-5.625,-70.24756486,-5.625,170.6364968,1.875,215.1748939,1.875,100.6551246,-5.625,-79.44582465,5.625,-55.03821933,1.875,245.3159352,-1.875,113.636071,-5.625,85.31465347,5.625,96.25279604,-1.875,87.55017138,-5.625,186.5220418,1.875,165.7822186,5.625,104.7613021,1.875,153.2472037,1.875,176.9718242,-1.875,227.9801568,5.625,227.2062855,1.875,240.6420388,1.875,272.6331418,5.625,48.03068044,-1.875,202.0610864,1.875,43.9094197,-5.625,203.5879494,5.625,20.86177539,-5.625,281.2954076,1.875,303.8110017,1.875,289.0037228,-5.625,257.8122895,1.875,263.667718,-5.625,319.7616083,5.625,240.6296965,-5.625,213.5145198,-5.625,143.4460443,5.625,330.7080162,1.875,181.0281822,-5.625,-5.266851449,-5.625,250.4501604,5.625,-77.10292538,1.875,293.8930407,5.625,346.0829505,5.625,150.0855453,-5.625
39.09023313,1.875,25.0834203,5.625,119.1112867,5.625,-40.71942661,-5.625,127.9624093,-5.625,-27.60370369,-5.625,16.8578679,1.875,73.16829775,-5.625,-67.958916,-5.625,169.5487785,1.875,214.0896304,1.875,101.4632059,-5.625,-80.71487423,5.625,-56.13652207,1.875,246.9295611,-1.875,114.6461728,-5.625,84.11283236,5.625,98.12187029,-1.875,88.5913099,-5.625,185.4691304,1.875,164.6921197,5.625,103.3567071,1.875,152.1235277,1.875,179.1527047,-1.875,226.9317179,5.625,226.1557504,1.875,239.6251208,1.875,271.5524881,5.625,49.52593984,-1.875,201.0418682,1.875,44.92604297,-5.625,202.3965415,5.625,21.94427584,-5.625,280.2472434,1.875,302.9724703,1.875,290.0519423,-5.625,256.7294753,1.875,264.6823945,-5.625,318.9247501,5.625,241.7101241,-5.625,214.5603737,-5.625,142.422285,5.625,329.9701087,1.875,182.0405688,-5.625,-4.218991013,-5.625,249.4352715,5.625,-78.13438926,1.875,292.8469679,5.625,345.1918638,5.625,150.9764454,-5.625
38.00690671,1.875,23.58114391,5.625,118.0536841,5.625,-39.6393692,-5.625,129.0059028,-5.625,-26.58937479,-5.625,15.73872904,1.875,74.32355146,-5.625,-65.67026715,-5.625,168.4610601,1.875,213.0043669,1.875,102.5387623,-5.625,-81.98392381,5.625,-56.96169318,1.875,248.543187,-1.875,115.6562745,-5.625,82.91101124,5.625,99.99094454,-1.875,89.53779947,-5.625,184.4162191,1.875,163.6020208,5.625,101.9521122,1.875,150.9998518,1.875,181.3335852,-1.875,225.8832789,5.625,225.1052153,1.875,238.6082028,1.875,270.4718344,5.625,51.02119924,-1.875,200.02265,1.875,45.94266623,-5.625,201.2051336,5.625,22.75757445,-5.625,279.1990793,1.875,302.133939,1.875,291.1001618,-5.625,255.646661,1.875,265.697071,-5.625,318.0878918,5.625,242.5218653,-5.625,215.6062275,-5.625,141.3985257,5.625,329.2322011,1.875,183.0529553,-5.625,-3.352990652,-5.625,248.4203826,5.625,-79.16585314,1.875,291.8008951,5.625,344.3007772,5.625,152.0544346,-5.625
36.92358029,1.875,22.07886752,5.625,116.9960816,5.625,-38.55931178,-5.625,129.9545333,-5.625,-25.57504588,-5.625,14.61959018,1.875,75.47880517,-5.625,-63.38161829,-5.625,167.3733418,1.875,212.1889924,1.875,103.6143186,-5.625,-83.25297339,5.625,-58.05999592,1.875,250.1568128,-1.875,116.6663762,-5.625,81.70919013,5.625,101.8600188,-1.875,90.57893799,-5.625,183.3633077,1.875,162.5119219,5.625,100.5475172,1.875,149.8761758,1.875,183.5144657,-1.875,224.83484,5.625,224.2370045,1.875,237.5912849,1.875,269.3911807,5.625,52.51645864,-1.875,199.0034318,1.875,46.95928949,-5.625,200.0137258,5.625,23.84007491,-5.625,278.1509151,1.875,301.2954076,1.875,292.1483814,-5.625,254.5638468,1.875,266.7117475,-5.625,317.2510336,5.625,243.6022928,-5.625,216.4705695,-5.625,140.3747664,5.625,328.1518306,1.875,184.0653418,-5.625,-2.305130216,-5.625,247.4054937,5.625,-80.19731702,1.875,290.7548223,5.625,343.4096905,5.625,152.9453348,-5.625
35.84025387,1.875,20.57659113,5.625,115.938479,5.625,-37.74784866,-5.625,130.9980268,-5.625,-24.56071698,-5.625,13.50045131,1.875,76.63405888,-5.625,-61.09296943,-5.625,166.2856235,1.875,211.1037288,1.875,104.6898749,-5.625,-84.52202297,5.625,-59.15829866,1.875,251.7704387,-1.875,117.676478,-5.625,80.50736902,5.625,103.729093,-1.875,91.62007651,-5.625,182.3103964,1.875,161.421823,5.625,99.14292227,1.875,148.7524998,1.875,185.6953462,-1.875,223.786401,5.625,223.1864694,1.875,236.5743669,1.875,268.5792695,5.625,54.01171804,-1.875,197.9842137,1.875,47.97591276,-5.625,198.8223179,5.625,24.92257536,-5.625,277.1027509,1.875,300.2807847,1.875,293.1966009,-5.625,253.7503124,1.875,267.726424,-5.625,316.6222896,5.625,244.6827203,-5.625,217.5164234,-5.625,139.3510071,5.625,327.2589624,1.875,185.0777284,-5.625,-1.25726978,-5.625,246.3906048,5.625,-81.2287809,1.875,289.803847,5.625,342.740204,5.625,154.023324,-5.625
34.75692745,1.875,19.07431473,5.625,114.8808764,5.625,-36.66779124,-5.625,131.9466573,-5.625,-23.54638808,-5.625,12.38131245,1.875,77.78931259,-5.625,-58.80432058,-5.625,165.1979051,1.875,210.0184653,1.875,105.4979563,-5.625,-85.79107255,5.625,-60.2566014,1.875,253.3840645,-1.875,118.6865797,-5.625,79.3055479,5.625,105.5981673,-1.875,92.66121504,-5.625,181.2574851,1.875,160.3317241,5.625,97.73832732,1.875,147.6288239,1.875,187.8762267,-1.875,222.7379621,5.625,222.1359343,1.875,235.5574489,1.875,267.4986158,5.625,55.50697743,-1.875,196.9649955,1.875,48.99253602,-5.625,197.63091,5.625,26.00507581,-5.625,276.0545867,1.875,299.2661618,1.875,294.2448204,-5.625,252.6674982,1.875,268.7411005,-5.625,315.7854314,5.625,245.7631479,-5.625,218.5622773,-5.625,138.3272478,5.625,326.3660942,1.875,186.0901149,-5.625,-0.209409344,-5.625,245.3757159,5.625,-82.26024479,1.875,288.7577743,5.625,342.0037687,5.625,155.1013131,-5.625
33.67360104,1.875,17.57203834,5.625,113.8232738,5.625,-35.58773383,-5.625,132.9901509,-5.625,-22.53205918,-5.625,11.26217359,1.875,78.9445663,-5.625,-56.51567172,-5.625,164.1101868,1.875,208.9332018,1.875,106.5735126,-5.625,-87.06012213,5.625,-61.35490415,1.875,254.9976904,-1.875,119.6966814,-5.625,78.10372679,5.625,107.4672415,-1.875,93.6077046,-5.625,180.2045737,1.875,159.2416252,5.625,96.33373237,1.875,146.5051479,1.875,190.0571072,-1.875,221.6895231,5.625,221.0853992,1.875,234.540531,1.875,266.4179621,5.625,57.00223683,-1.875,195.9457773,1.875,50.00915928,-5.625,196.4395021,5.625,26.81837442,-5.625,275.0064225,1.875,298.2515388,1.875,295.2930399,-5.625,251.5846839,1.875,269.755777,-5.625,314.772833,5.625,246.5748891,-5.625,219.6081311,-5.625,137.3034885,5.625,325.2857237,1.875,187.1025014,-5.625,0.838451093,-5.625,244.360827,5.625,-83.29170867,1.875,287.7117015,5.625,340.9255539,5.625,155.9922133,-5.625
32.59027462,1.875,16.06976195,5.625,112.7656712,5.625,-34.50767641,-5.625,134.0336444,-5.625,-21.51773027,-5.625,10.14303473,1.875,80.09982,-5.625,-54.22702286,-5.625,163.0224685,1.875,208.1178273,1.875,107.649069,-5.625,-88.32917171,5.625,-62.18007525,1.875,256.6113163,-1.875,120.7067832,-5.625,76.90190568,5.625,109.3363158,-1.875,94.55419417,-5.625,179.1516624,1.875,158.4226177,5.625,94.92913742,1.875,145.381472,1.875,192.2379877,-1.875,220.6410842,5.625,220.2171884,1.875,233.523613,1.875,265.3373084,5.625,58.49749623,-1.875,194.9265591,1.875,51.02578255,-5.625,195.2480942,5.625,27.90087487,-5.625,273.9582583,1.875,297.2369159,1.875,296.3412595,-5.625,250.5018697,1.875,270.7704535,-5.625,313.7602345,5.625,247.6553166,-5.625,220.4724731,-5.625,136.2797292,5.625,324.2053532,1.875,188.114888,-5.625,1.886311529,-5.625,243.3459381,5.625,-84.32317255,1.875,286.6656287,5.625,339.847339,5.625,157.0702025,-5.625
31.5069482,1.875,14.56748556,5.625,111.7080687,5.625,-33.69621329,-5.625,134.9822749,-5.625,-20.50340137,-5.625,9.023895865,1.875,81.25507371,-5.625,-51.93837401,-5.625,161.9347502,1.875,207.0325638,1.875,108.7246253,-5.625,-89.59822129,5.625,-63.27837799,1.875,258.2249421,-1.875,121.7168849,-5.625,75.70008456,5.625,111.20539,-1.875,95.5953327,-5.625,178.098751,1.875,157.3325188,5.625,93.52454247,1.875,144.257796,1.875,194.4188682,-1.875,219.5926452,5.625,219.1666533,1.875,232.5066951,1.875,264.5253973,5.625,59.99275563,-1.875,193.9073409,1.875,52.04240581,-5.625,194.0566863,5.625,28.98337532,-5.625,272.9100941,1.875,296.222293,1.875,297.389479,-5.625,249.6883353,1.875,271.78513,-5.625,312.747636,5.625,248.7357441,-5.625,221.518327,-5.625,135.2559699,5.625,323.312485,1.875,189.1272745,-5.625,2.934171965,-5.625,242.3310492,5.625,-85.35463643,1.875,285.7146534,5.625,338.7691242,5.625,158.1481916,-5.625
30.42362178,1.875,13.06520917,5.625,110.6504661,5.625,-32.61615588,-5.625,136.0257684,-5.625,-19.48907247,-5.625,7.904757003,1.875,82.41032742,-5.625,-49.64972515,-5.625,160.8470318,1.875,205.9473002,1.875,109.5327067,-5.625,-90.86727087,5.625,-64.37668073,1.875,259.838568,-1.875,122.7269866,-5.625,74.49826345,5.625,113.0744643,-1.875,96.63647122,-5.625,177.0458397,1.875,156.2424199,5.625,92.11994752,1.875,143.13412,1.875,196.5997487,-1.875,218.5442063,5.625,218.1161182,1.875,231.4897771,1.875,263.4447436,5.625,61.48801503,-1.875,192.8881228,1.875,53.05902907,-5.625,192.8652784,5.625,30.06587577,-5.625,271.8619299,1.875,295.20767,1.875,298.4376985,-5.625,248.6055211,1.875,272.7998065,-5.625,311.7350376,5.625,249.8161717,-5.625,222.5641809,-5.625,134.2322106,5.625,322.2321145,1.875,190.139661,-5.625,3.982032401,-5.625,241.3161603,5.625,-86.38610031,1.875,284.6685806,5.625,337.6909094,5.625,159.0390918,-5.625
29.34029536,1.875,11.56293278,5.625,109.5928635,5.625,-31.53609846,-5.625,137.0692619,-5.625,-18.47474357,-5.625,6.785618141,1.875,83.56558113,-5.625,-47.36107629,-5.625,159.7593135,1.875,204.8620367,1.875,110.608263,-5.625,-92.13632045,5.625,-65.47498348,1.875,261.4521939,-1.875,123.7370884,-5.625,73.29644234,5.625,114.9435385,-1.875,97.58296079,-5.625,175.9929284,1.875,155.152321,5.625,90.71535257,1.875,142.0104441,1.875,198.7806292,-1.875,217.4957673,5.625,217.0655832,1.875,230.4728591,1.875,262.3640899,5.625,62.98327443,-1.875,191.8689046,1.875,54.07565234,-5.625,191.6738705,5.625,30.87917438,-5.625,270.8137657,1.875,294.1930471,1.875,299.485918,-5.625,247.5227068,1.875,273.814483,-5.625,310.7224391,5.625,250.6279129,-5.625,223.6100347,-5.625,133.2084513,5.625,321.151744,1.875,191.1520476,-5.625,4.848032762,-5.625,240.3012714,5.625,-87.4175642,1.875,283.6225079,5.625,336.9544741,5.625,160.117081,-5.625
28.25696894,1.875,10.06065638,5.625,108.5352609,5.625,-30.45604105,-5.625,138.0178924,-5.625,-17.46041467,-5.625,5.666479279,1.875,84.72083484,-5.625,-45.07242744,-5.625,158.6715952,1.875,204.0466622,1.875,111.6838193,-5.625,-93.40537003,5.625,-66.30015458,1.875,263.0658197,-1.875,124.7471901,-5.625,72.09462122,5.625,116.8126128,-1.875,98.62409931,-5.625,174.940017,1.875,154.3333136,5.625,89.31075762,1.875,140.8867681,1.875,200.9615097,-1.875,216.4473284,5.625,216.0150481,1.875,229.4559412,1.875,261.2834362,5.625,64.47853382,-1.875,190.8496864,1.875,55.0922756,-5.625,190.4824626,5.625,31.96167483,-5.625,269.7656015,1.875,293.1784242,1.875,340.2588758,1.875,246.4398926,1.875,274.8291595,-5.625,309.7098407,5.625,251.7083404,-5.625,224.6558886,-5.625,132.184692,5.625,320.2588758,1.875,192.1644341,-5.625,5.895893198,-5.625,239.2863825,5.625,-88.44902808,1.875,282.5764351,5.625,335.8762593,5.625,161.1950702,-5.625
27.17364252,1.875,8.558379992,5.625,107.4776583,5.625,-29.64457792,-5.625,139.0613859,-5.625,-16.44608576,-5.625,4.547340417,1.875,85.72865693,-5.625,-42.78377858,-5.625,157.5838768,1.875,202.9613987,1.875,112.7593757,-5.625,-94.67441962,5.625,-67.39845732,1.875,264.6794456,-1.875,125.7572918,-5.625,70.89280011,5.625,118.681687,-1.875,99.66523783,-5.625,173.8871057,1.875,153.2432147,5.625,87.90616267,1.875,139.7630922,1.875,203.1423902,-1.875,215.3988894,5.625,214.964513,1.875,228.4390232,1.875,260.4715251,5.625,65.97379322,-1.875,189.8304682,1.875,56.10889886,-5.625,189.2910547,5.625,33.04417528,-5.625,268.7174374,1.875,292.1638012,1.875,339.3945794,1.875,245.3570783,1.875,275.843836,-5.625,308.6972422,5.625,252.788768,-5.625,225.7017424,-5.625,131.1609327,5.625,319.1785053,1.875,193.1768206,-5.625,6.943753634,-5.625,238.2714936,5.625,-89.48049196,1.875,281.6254598,5.625,334.7980444,5.625,162.0859703,-5.625
26.09031611,1.875,7.056103601,5.625,106.4200558,5.625,-28.56452051,-5.625,140.1048794,-5.625,-15.43175686,-5.625,3.428201555,1.875,86.73647902,-5.625,-40.49512972,-5.625,156.4961585,1.875,201.8761351,1.875,113.567457,-5.625,-95.9434692,5.625,-68.49676006,1.875,266.2930715,-1.875,126.7673936,-5.625,69.690979,5.625,120.5507613,-1.875,100.7063764,-5.625,172.8341943,1.875,152.1531158,5.625,86.50156772,1.875,138.6394162,1.875,205.3232707,-1.875,214.3504505,5.625,213.9139779,1.875,227.4221052,1.875,259.3908714,5.625,67.46905262,-1.875,188.81125,1.875,57.12552213,-5.625,188.0996468,5.625,34.12667573,-5.625,267.6692732,1.875,291.1491783,1.875,338.530283,1.875,244.543544,1.875,276.8585125,-5.625,307.6846438,5.625,253.8691955,-5.625,226.7475963,-5.625,130.1371734,5.625,318.0981348,1.875,194.1892072,-5.625,7.99161407,-5.625,237.2566047,5.625,-90.51195584,1.875,280.579387,5.625,333.7198296,5.625,163.1639595,-5.625
25.00698969,1.875,5.553827209,5.625,105.3624532,5.625,-27.48446309,-5.625,141.0535099,-5.625,-14.41742796,-5.625,2.309062693,1.875,87.74430111,-5.625,-39.44963414,-5.625,155.4084402,1.875,200.7908716,1.875,114.6430134,-5.625,-97.21251878,5.625,-69.59506281,1.875,267.9066973,-1.875,127.7774953,-5.625,68.48915788,5.625,122.4198355,-1.875,101.6528659,-5.625,171.781283,1.875,151.0630169,5.625,85.09697277,1.875,137.5157402,1.875,207.5041512,-1.875,213.3020115,5.625,212.8634428,1.875,226.4051873,1.875,258.3102177,5.625,68.96431202,-1.875,187.7920319,1.875,58.14214539,-5.625,186.9082389,5.625,34.93997434,-5.625,266.621109,1.875,290.1345553,1.875,337.8159885,1.875,243.4607297,1.875,277.873189,-5.625,306.6720453,5.625,254.6809367,-5.625,227.7934501,-5.625,129.1134141,5.625,317.1159798,1.875,195.2015937,-5.625,8.857614431,-5.625,236.2417158,5.625,-91.54341972,1.875,279.5333142,5.625,332.6416148,5.625,164.2419487,-5.625
23.92366327,1.875,4.051550817,5.625,104.3048506,5.625,-26.40440568,-5.625,142.0970034,-5.625,-13.40309906,-5.625,1.189923831,1.875,88.7521232,-5.625,-38.40413857,-5.625,154.3207218,1.875,199.9754971,1.875,115.7185697,-5.625,-98.48156836,5.625,-70.42023391,1.875,269.5203232,-1.875,128.787597,-5.625,67.28733677,5.625,124.2889098,-1.875,102.5993555,-5.625,170.7283716,1.875,150.2440094,5.625,83.69237782,1.875,136.3920643,1.875,209.6850317,-1.875,212.2535726,5.625,211.995232,1.875,225.3882693,1.875,257.229564,5.625,70.45957142,-1.875,186.7728137,1.875,59.15876865,-5.625,185.716831,5.625,36.02247479,-5.625,265.5729448,1.875,289.1199324,1.875,337.1016939,1.875,242.3779155,1.875,278.8878655,-5.625,305.6594468,5.625,255.7613642,-5.625,228.6577922,-5.625,128.0896548,5.625,316.1338248,1.875,196.2139802,-5.625,9.905474867,-5.625,235.2268268,5.625,-92.57488361,1.875,278.4872415,5.625,331.9051795,5.625,165.1328488,-5.625
22.84033685,1.875,2.549274425,5.625,103.247248,5.625,-25.32434826,-5.625,143.140497,-5.625,-12.38877015,-5.625,0.070784969,1.875,89.75994529,-5.625,-37.35864299,-5.625,153.2330035,1.875,198.8902336,1.875,116.794126,-5.625,-99.75061794,5.625,-71.51853665,1.875,271.1339491,-1.875,129.7976988,-5.625,66.08551566,5.625,126.157984,-1.875,103.640494,-5.625,169.6754603,1.875,149.1539105,5.625,82.28778288,1.875,135.2683883,1.875,211.8659122,-1.875,211.2051336,5.625,210.9446969,1.875,224.3713514,1.875,256.1489103,5.625,71.95483082,-1.875,185.7535955,1.875,60.17539192,-5.625,184.5254231,5.625,37.10497524,-5.625,264.5247806,1.875,288.1053095,1.875,336.2373975,1.875,241.2951012,1.875,279.902542,-5.625,304.6468484,5.625,256.8417918,-5.625,229.703646,-5.625,127.0658955,5.625,315.0534543,1.875,197.2263668,-5.625,10.9533353,-5.625,234.2119379,5.625,-93.60634749,1.875,277.4411687,5.625,330.8269647,5.625,166.210838,-5.625
21.75701043,1.875,1.046998033,5.625,102.1896454,5.625,-24.51288514,-5.625,144.0891275,-5.625,-11.37444125,-5.625,-1.048353893,1.875,90.76776738,-5.625,-36.57314669,-5.625,152.1452852,1.875,197.80497,1.875,117.8696823,-5.625,-100,-1.875,-72.61683939,1.875,272.7475749,-1.875,130.8078005,-5.625,64.88369454,5.625,128.0270583,-1.875,104.6816325,-5.625,168.622549,1.875,148.0638116,5.625,80.88318793,1.875,134.1447124,1.875,214.0467928,-1.875,210.1566947,5.625,209.8941618,1.875,223.3544334,1.875,255.3369991,5.625,73.45009021,-1.875,184.7343773,1.875,61.19201518,-5.625,183.3340152,5.625,38.18747569,-5.625,263.4766164,1.875,287.0906865,1.875,335.523103,1.875,240.4815668,1.875,280.9172185,-5.625,303.6342499,5.625,257.9222193,-5.625,230.7494999,-5.625,126.0421362,5.625,314.0712993,1.875,198.2387533,-5.625,12.00119574,-5.625,233.197049,5.625,-94.63781137,1.875,276.4901934,5.625,329.7487499,5.625,167.2888272,-5.625
20.67368401,1.875,-0.455278358,5.625,101.1320429,5.625,-23.43282773,-5.625,145.132621,-5.625,-10.36011235,-5.625,-2.167492755,1.875,91.77558947,-5.625,-35.52765111,-5.625,151.0575669,1.875,196.7197065,1.875,118.6777637,-5.625,-98.34501617,-1.875,-73.71514214,1.875,274.3612008,-1.875,131.8179023,-5.625,63.68187343,5.625,129.8961325,-1.875,105.7227711,-5.625,167.5696376,1.875,146.9737127,5.625,79.47859298,1.875,133.0210364,1.875,216.2276733,-1.875,209.1082557,5.625,208.8436268,1.875,222.3375154,1.875,254.2563454,5.625,74.94534961,-1.875,183.7151592,1.875,62.20863844,-5.625,182.1426073,5.625,39.26997614,-5.625,262.6891151,1.875,286.0760636,1.875,334.8088084,1.875,239.3987526,1.875,281.931895,-5.625,302.6216515,5.625,258.7339605,-5.625,231.7953537,-5.625,125.0183769,5.625,313.0891443,1.875,199.2511398,-5.625,13.04905618,-5.625,232.1821601,5.625,-95.66927525,1.875,275.4441206,5.625,328.670535,5.625,168.1797273,-5.625
19.5903576,1.875,-1.95755475,5.625,100.0744403,5.625,-22.35277031,-5.625,146.1761145,-5.625,-9.345783447,-5.625,-3.286631617,1.875,92.78341156,-5.625,-34.48215553,-5.625,149.9698485,1.875,195.634443,1.875,119.7533201,-5.625,-96.69003234,-1.875,-74.54031324,1.875,275.9748267,-1.875,132.828004,-5.625,62.48005232,5.625,131.7652068,-1.875,106.6692606,-5.625,166.5167263,1.875,146.1547053,5.625,78.07399803,1.875,131.8973604,1.875,218.4085538,-1.875,208.0598168,5.625,207.7930917,1.875,221.3205975,1.875,253.1756917,5.625,76.44060901,-1.875,182.695941,1.875,63.2252617,-5.625,180.9511994,5.625,40.08327476,-5.625,261.640951,1.875,285.0614407,1.875,333.944512,1.875,238.3159384,1.875,282.9465715,-5.625,301.609053,5.625,259.814388,-5.625,232.6596958,-5.625,123.9946176,5.625,312.0087738,1.875,200.2635264,-5.625,14.00165657,-5.625,231.1672712,5.625,-96.70073913,1.875,274.3980478,5.625,327.5923202,5.625,169.2577165,-5.625
18.50703118,1.875,-3.459831142,5.625,99.01683769,5.625,-21.2727129,-5.625,147.219608,-5.625,-8.331454545,-5.625,-4.405770479,1.875,93.79123366,-5.625,-33.43665995,-5.625,148.8821302,1.875,194.8190685,1.875,120.8288764,-5.625,-95.0350485,-1.875,-75.63861598,1.875,277.5884525,-1.875,133.8381057,-5.625,61.2782312,5.625,133.634281,-1.875,107.7103992,-5.625,165.4638149,1.875,145.0646064,5.625,76.66940308,1.875,130.7736845,1.875,220.5894343,-1.875,207.0113778,5.625,206.9248809,1.875,220.3036795,1.875,252.095038,5.625,77.93586841,-1.875,181.6767228,1.875,64.24188497,-5.625,179.7597915,5.625,41.16577521,-5.625,260.5927868,1.875,284.0468177,1.875,333.2302175,1.875,237.2331241,1.875,283.961248,-5.625,300.5964546,5.625,260.8948156,-5.625,233.7055496,-5.625,122.9708583,5.625,311.0266188,1.875,201.2759129,-5.625,15.04951701,-5.625,230.1523823,5.625,-97.73220302,1.875,273.351975,5.625,326.8558849,5.625,170.3357057,-5.625
17.42370476,1.875,-4.962107534,5.625,97.95923511,5.625,-20.46124978,-5.625,148.2631016,-5.625,-7.317125643,-5.625,-5.524909341,1.875,94.79905575,-5.625,-32.65116365,-5.625,147.7944119,1.875,193.7338049,1.875,121.9044327,-5.625,-93.38006467,-1.875,-76.73691872,1.875,279.2020784,-1.875,134.8482075,-5.625,60.07641009,5.625,135.5033552,-1.875,108.7515377,-5.625,164.4109036,1.875,143.9745075,5.625,75.26480813,1.875,129.6500085,1.875,222.7703148,-1.875,205.9629389,5.625,205.8743458,1.875,219.2867616,1.875,251.2831269,5.625,79.43112781,-1.875,180.6575046,1.875,65.25850823,-5.625,178.5683836,5.625,42.24827566,-5.625,259.5446226,1.875,283.0321948,1.875,332.5159229,1.875,236.4195897,1.875,284.9759245,-5.625,299.5838561,5.625,261.9752431,-5.625,234.7514035,-5.625,121.947099,5.625,310.0444638,1.875,202.2882994,-5.625,16.09737744,-5.625,229.1374934,5.625,-98.7636669,1.875,272.4009998,5.625,325.7776701,5.625,171.2266058,-5.625
16.34037834,1.875,-6.464383925,5.625,96.90163253,5.625,-19.38119236,-5.625,149.3065951,-5.625,-6.302796741,-5.625,-6.644048203,1.875,95.80687784,-5.625,-31.60566807,-5.625,146.7066935,1.875,192.6485414,1.875,122.7125141,-5.625,-91.72508084,-1.875,-77.83522147,1.875,280.8157043,-1.875,135.8583092,-5.625,58.87458898,5.625,137.3724295,-1.875,109.7926762,-5.625,163.3579922,1.875,142.8844086,5.625,73.86021318,1.875,128.5263326,1.875,224.9511953,-1.875,204.9144999,5.625,204.8238107,1.875,218.2698436,1.875,250.2024732,5.625,80.92638721,-1.875,179.6382864,1.875,66.27513149,-5.625,177.3769757,5.625,43.33077611,-5.625,258.4964584,1.875,282.0175719,1.875,331.6516265,1.875,235.3367755,1.875,285.990601,-5.625,298.5712576,5.625,263.0556707,-5.625,235.7972573,-5.625,120.9233397,5.625,308.9640933,1.875,203.300686,-5.625,17.14523788,-5.625,228.1226045,5.625,-99.79513078,1.875,271.354927,5.625,324.6994553,5.625,172.304595,-5.625
15.25705192,1.875,-7.966660317,5.625,95.84402995,5.625,-18.30113495,-5.625,150.2552256,-5.625,-5.288467838,-5.625,-7.763187066,1.875,96.81469993,-5.625,-30.5601725,-5.625,145.6189752,1.875,191.5632779,1.875,123.7880704,-5.625,-90.07009701,-1.875,-78.66039257,1.875,282.4293301,-1.875,136.8684109,-5.625,57.67276786,5.625,139.2415037,-1.875,110.7391658,-5.625,162.3050809,1.875,142.0654012,5.625,72.45561823,1.875,127.4026566,1.875,227.1320758,-1.875,203.866061,5.625,203.7732756,1.875,217.2529256,1.875,249.1218195,5.625,82.42164661,-1.875,178.6190683,1.875,67.29175476,-5.625,176.1855678,5.625,44.14407472,-5.625,257.4482942,1.875,281.0029489,1.875,330.937332,1.875,234.2539613,1.875,287.0052775,-5.625,297.5586592,5.625,263.8674119,-5.625,236.8431112,-5.625,119.8995804,5.625,307.9819383,1.875,204.3130725,-5.625,18.01123824,-5.625,227.1077156,5.625,-118.070097,-1.875,270.3088542,5.625,323.6212404,5.625,173.1954952,-5.625
14.1737255,1.875,-9.468936709,5.625,94.78642737,5.625,-17.22107753,-5.625,151.2987191,-5.625,-4.274138936,-5.625,-8.882325928,1.875,97.82252202,-5.625,-29.51467692,-5.625,144.5312569,1.875,190.7479034,1.875,124.8636268,-5.625,-88.41511317,-1.875,-79.75869531,1.875,284.042956,-1.875,137.8785127,-5.625,56.47094675,5.625,141.110578,-1.875,111.7803043,-5.625,161.2521696,1.875,140.9753023,5.625,71.05102328,1.875,126.2789806,1.875,229.3129563,-1.875,202.817622,5.625,202.7227405,1.875,216.2360077,1.875,248.0411658,5.625,83.916906,-1.875,177.5998501,1.875,68.30837802,-5.625,174.9941599,5.625,45.22657517,-5.625,256.40013,1.875,279.988326,1.875,330.2230374,1.875,233.171147,1.875,288.019954,-5.625,296.5460607,5.625,264.9478394,-5.625,237.8889651,-5.625,118.8758211,5.625,306.9997833,1.875,205.325459,-5.625,19.05909868,-5.625,226.0928267,5.625,-116.7981554,-1.875,269.2627814,5.625,322.5430256,5.625,174.2734843,-5.625
13.09039908,1.875,-10.9712131,5.625,93.72882479,5.625,-16.40961441,-5.625,152.2473496,-5.625,-3.259810034,-5.625,-10.00146479,1.875,98.83034411,-5.625,-28.65063099,-5.625,143.4435386,1.875,189.6626399,1.875,125.9391831,-5.625,-86.76012934,-1.875,-80.85699806,1.875,285.6565819,-1.875,138.8886144,-5.625,55.26912564,5.625,142.9796522,-1.875,112.8214428,-5.625,160.1992582,1.875,139.8852034,5.625,69.64642833,1.875,125.1553047,1.875,231.4938368,-1.875,201.7691831,5.625,201.6722054,1.875,215.2190897,1.875,247.2292547,5.625,85.4121654,-1.875,176.5806319,1.875,69.32500128,-5.625,173.802752,5.625,46.30907562,-5.625,255.3519658,1.875,278.973703,1.875,329.358741,1.875,232.3576126,1.875,289.0346305,-5.625,295.5334623,5.625,266.0282669,-5.625,238.9348189,-5.625,117.8520618,5.625,305.9194128,1.875,206.3378455,-5.625,20.10695911,-5.625,225.0779378,5.625,-115.5262137,-1.875,268.3118062,5.625,321.4648108,5.625,175.3514735,-5.625
12.00707267,1.875,-12.47348949,5.625,92.67122221,5.625,-15.32955699,-5.625,153.2908431,-5.625,-2.245481132,-5.625,-11.12060365,1.875,99.8381662,-5.625,-27.60513541,-5.625,142.3558202,1.875,188.5773763,1.875,126.7472645,-5.625,-85.10514551,-1.875,-81.9553008,1.875,287.2702077,-1.875,139.8987161,-5.625,54.06730452,5.625,144.8487265,-1.875,113.8625813,-5.625,159.1463469,1.875,138.7951045,5.625,68.24183338,1.875,124.0316287,1.875,233.6747173,-1.875,200.7207441,5.625,200.6216703,1.875,214.2021717,1.875,246.148601,5.625,86.9074248,-1.875,175.5614137,1.875,70.34162455,-5.625,172.6113441,5.625,47.39157607,-5.625,254.5644645,1.875,277.9590801,1.875,328.6444465,1.875,231.2747984,1.875,290.049307,-5.625,294.5208638,5.625,267.1086945,-5.625,239.9806728,-5.625,116.8283025,5.625,304.9372578,1.875,207.3502321,-5.625,21.15481955,-5.625,224.0630489,5.625,-114.2542721,-1.875,267.2657334,5.625,320.7283755,5.625,176.2423737,-5.625
10.92374625,1.875,-13.97576588,5.625,91.61361963,5.625,-14.24949958,-5.625,154.3343366,-5.625,-1.231152229,-5.625,-12.23974251,1.875,100.8459883,-5.625,-26.55963983,-5.625,141.2681019,1.875,187.4921128,1.875,127.8228208,-5.625,-83.45016168,-1.875,-83.05360354,1.875,288.8838336,-1.875,140.9088179,-5.625,52.86548341,5.625,146.7178007,-1.875,114.8090709,-5.625,158.0934355,1.875,137.976097,5.625,66.83723843,1.875,122.9079528,1.875,235.8555978,-1.875,199.6723052,5.625,199.5711353,1.875,213.1852538,1.875,245.0679472,5.625,88.4026842,-1.875,174.5421955,1.875,71.35824781,-5.625,171.4199362,5.625,48.20487468,-5.625,253.5163004,1.875,276.9444572,1.875,327.9301519,1.875,230.1919841,1.875,291.0639835,-5.625,293.5082654,5.625,267.9204357,-5.625,241.0265266,-5.625,115.8045432,5.625,303.9551028,1.875,208.3626186,-5.625,22.10741995,-5.625,223.04816,5.625,-112.9823304,-1.875,266.2196606,5.625,319.6501607,5.625,177.3203629,-5.625
9.840419829,1.875,-15.47804228,5.625,90.55601705,5.625,-13.16944216,-5.625,155.2829671,-5.625,-0.216823327,-5.625,-13.35888138,1.875,101.8538104,-5.625,-25.51414425,-5.625,140.1803836,1.875,186.6767383,1.875,128.8983771,-5.625,-81.79517785,-1.875,-84.15190628,1.875,290.4974595,-1.875,141.9189196,-5.625,51.6636623,5.625,148.586875,-1.875,115.8502094,-5.625,157.0405242,1.875,136.8859981,5.625,65.43264349,1.875,121.7842768,1.875,238.0364783,-1.875,198.6238662,5.625,198.7029244,1.875,212.1683358,1.875,243.9872935,5.625,89.8979436,-1.875,173.5229774,1.875,72.37487107,-5.625,170.2285283,5.625,49.28737513,-5.625,252.4681362,1.875,275.9298342,1.875,327.0658555,1.875,229.1091699,1.875,292.07866,-5.625,292.4956669,5.625,269.0008632,-5.625,241.8908687,-5.625,114.7807839,5.625,302.8747323,1.875,209.3750051,-5.625,23.15528038,-5.625,222.0332711,5.625,-111.7103888,-1.875,265.1735878,5.625,318.5719458,5.625,178.398352,-5.625
8.757093411,1.875,-16.98031867,5.625,89.49841447,5.625,-12.35797904,-5.625,156.3264606,-5.625,0.797505575,-5.625,-14.47802024,1.875,102.8616325,-5.625,-24.65009832,-5.625,139.0926652,1.875,185.5914748,1.875,129.9739334,-5.625,-80.14019401,-1.875,-85.25020902,1.875,292.1110853,-1.875,142.9290213,-5.625,50.46184118,5.625,150.4559492,-1.875,116.891348,-5.625,155.9876129,1.875,135.7958992,5.625,64.02804854,1.875,120.6606008,1.875,240.2173588,-1.875,197.5754273,5.625,197.6523894,1.875,211.1514179,1.875,243.1753824,5.625,91.393203,-1.875,172.5037592,1.875,73.39149434,-5.625,169.0371204,5.625,50.36987558,-5.625,251.419972,1.875,274.9152113,1.875,326.351561,1.875,228.2956355,1.875,293.0933365,-5.625,291.4830685,5.625,270.0812908,-5.625,242.9367225,-5.625,113.7570246,5.625,301.8925773,1.875,210.3873917,-5.625,24.20314082,-5.625,221.0183822,5.625,-110.4384471,-1.875,264.459106,5.625,317.493731,5.625,179.2892522,-5.625
7.673766992,1.875,-18.48259506,5.625,88.44081189,5.625,-11.27792163,-5.625,157.3699542,-5.625,1.811834477,-5.625,-15.5971591,1.875,103.8694546,-5.625,-23.60460274,-5.625,138.0049469,1.875,184.5062112,1.875,130.7820148,-5.625,-78.48521018,-1.875,-86.34851176,1.875,293.7247112,-1.875,143.9391231,-5.625,49.26002007,5.625,152.3250235,-1.875,117.9324865,-5.625,154.9347015,1.875,134.7058003,5.625,62.62345359,1.875,119.5369249,1.875,242.3982393,-1.875,196.5269883,5.625,196.6018543,1.875,210.1344999,1.875,242.0947287,5.625,92.88846239,-1.875,171.484541,1.875,74.4081176,-5.625,167.8457125,5.625,51.45237603,-5.625,250.3718078,1.875,273.9005884,1.875,325.6372664,1.875,227.2128213,1.875,294.108013,-5.625,290.47047,5.625,271.1617183,-5.625,243.9825764,-5.625,112.7332653,5.625,300.9104223,1.875,211.3997782,-5.625,25.25100126,-5.625,220.0034933,5.625,-109.1665055,-1.875,263.4130332,5.625,316.4155162,5.625,180.3672414,-5.625
6.590440574,1.875,-19.98487145,5.625,87.38320932,5.625,-10.19786421,-5.625,158.3185846,-5.625,2.82616338,-5.625,-16.71629796,1.875,104.8772767,-5.625,-22.55910716,-5.625,136.9172286,1.875,183.4209477,1.875,131.8575712,-5.625,-76.83022635,-1.875,-87.4468145,1.875,295.3383371,-1.875,144.9492248,-5.625,48.05819896,5.625,154.1940977,-1.875,118.878976,-5.625,153.8817902,1.875,133.8867929,5.625,61.21885864,1.875,118.4132489,1.875,244.5791198,-1.875,195.4785494,5.625,195.5513192,1.875,209.1175819,1.875,241.014075,5.625,94.38372179,-1.875,170.4653228,1.875,75.42474086,-5.625,166.6543046,5.625,52.26567464,-5.625,249.3236436,1.875,272.8859654,1.875,324.77297,1.875,226.130007,1.875,295.1226895,-5.625,289.4578715,5.625,271.9734595,-5.625,245.0284302,-5.625,111.709506,5.625,299.8300518,1.875,212.4121647,-5.625,26.20360165,-5.625,218.9886044,5.625,-107.8945639,-1.875,262.3669604,5.625,315.6790809,5.625,181.4452305,-5.625
5.507114155,1.875,-21.48714784,5.625,86.32560674,5.625,-9.117806796,-5.625,159.3620782,-5.625,3.840492282,-5.625,-17.83543682,1.875,105.8850987,-5.625,-21.51361159,-5.625,135.8295103,1.875,182.6055732,1.875,132.9331275,-5.625,-75.17524252,-1.875,-88.54511725,1.875,296.9519629,-1.875,145.9593265,-5.625,46.85637784,5.625,156.063172,-1.875,119.8254656,-5.625,152.8288788,1.875,132.796694,5.625,59.81426369,1.875,117.289573,1.875,246.7600003,-1.875,194.4301104,5.625,194.6831084,1.875,208.100664,1.875,239.9334213,5.625,95.87898119,-1.875,169.4461046,1.875,76.44136413,-5.625,165.4628967,5.625,53.34817509,-5.625,248.2754794,1.875,271.8713425,1.875,324.0586755,1.875,225.0471928,1.875,296.137366,-5.625,288.4452731,5.625,273.053887,-5.625,245.8927723,-5.625,110.6857467,5.625,298.8478968,1.875,213.4245513,-5.625,27.25146209,-5.625,217.9737155,5.625,-106.6226222,-1.875,261.3208877,5.625,314.6008661,5.625,182.3361307,-5.625
4.423787737,1.875,-22.98942424,5.625,85.26800416,5.625,-8.306343674,-5.625,160.4055717,-5.625,4.854821184,-5.625,-18.95457569,1.875,106.8929208,-5.625,-20.64956565,-5.625,134.7417919,1.875,181.5203097,1.875,134.0086838,-5.625,-73.52025868,-1.875,-89.64341999,1.875,298.5655888,-1.875,146.9694283,-5.625,45.65455673,5.625,157.9322462,-1.875,120.8666041,-5.625,151.7759675,1.875,131.7065951,5.625,58.40966874,1.875,116.165897,1.875,248.9408808,-1.875,193.3816715,5.625,193.6325733,1.875,207.083746,1.875,239.1215102,5.625,97.37424059,-1.875,168.4268865,1.875,77.45798739,-5.625,164.2714888,5.625,54.43067554,-5.625,247.2273152,1.875,270.8567196,1.875,323.3443809,1.875,224.2336584,1.875,297.1520425,-5.625,287.4326746,5.625,274.1343146,-5.625,246.9386261,-5.625,109.6619874,5.625,297.8657418,1.875,214.4369378,-5.625,28.29932252,-5.625,216.9588266,5.625,-105.3506806,-1.875,260.3699124,5.625,313.5226513,5.625,183.4141199,-5.625
3.340461318,1.875,-24.49170063,5.625,84.21040158,5.625,-7.226286259,-5.625,161.3542022,-5.625,5.869150086,-5.625,-20.07371455,1.875,107.9007429,-5.625,-19.60407008,-5.625,133.6540736,1.875,180.4350461,1.875,134.8167652,-5.625,-71.86527485,-1.875,-90.74172273,1.875,-114.0787389,-1.875,147.97953,-5.625,44.45273562,5.625,159.8013205,-1.875,121.9077427,-5.625,150.7230561,1.875,130.6164962,5.625,57.00507379,1.875,115.0422211,1.875,251.1217613,-1.875,192.3332325,5.625,192.5820382,1.875,206.066828,1.875,238.0408565,5.625,98.86949999,-1.875,167.4076683,1.875,78.47461065,-5.625,163.0800809,5.625,55.51317599,-5.625,246.4398139,1.875,269.8420966,1.875,322.4800845,1.875,223.1508442,1.875,298.166719,-5.625,286.4200762,5.625,275.2147421,-5.625,247.98448,-5.625,108.6382281,5.625,296.7853713,1.875,215.4493243,-5.625,29.34718296,-5.625,215.9439377,5.625,-104.0787389,-1.875,259.3238396,5.625,312.4444364,5.625,184.4921091,-5.625
2.2571349,1.875,-25.99397702,5.625,83.152799,5.625,-6.146228844,-5.625,162.3976957,-5.625,6.883478989,-5.625,-21.19285341,1.875,108.908565,-5.625,-18.5585745,-5.625,132.5663553,1.875,179.3497826,1.875,135.8923215,-5.625,-70.21029102,-1.875,-91.84002547,1.875,-113.0611856,-1.875,148.9896317,-5.625,43.2509145,5.625,161.6703947,-1.875,122.8542322,-5.625,149.6701448,1.875,129.7974888,5.625,55.60047884,1.875,113.9185451,1.875,253.3026418,-1.875,191.2847936,5.625,191.5315031,1.875,205.0499101,1.875,236.9602028,5.625,100.3647594,-1.875,166.3884501,1.875,79.49123392,-5.625,161.888673,5.625,56.3264746,-5.625,245.3916498,1.875,268.8274737,1.875,321.76579,1.875,222.0680299,1.875,299.1813955,-5.625,285.4074777,5.625,276.0264833,-5.625,249.0303338,-5.625,107.6144688,5.625,295.8032163,1.875,216.4617109,-5.625,30.21318332,-5.625,214.9290488,5.625,-102.8067973,-1.875,258.2777668,5.625,311.3662216,5.625,185.3830092,-5.625
1.173808481,1.875,-27.49625341,5.625,82.09519642,5.625,-5.066171428,-5.625,163.4411892,-5.625,7.897807891,-5.625,-22.31199227,1.875,109.9163871,-5.625,-17.51307892,-5.625,131.4786369,1.875,178.5344081,1.875,136.9678779,-5.625,-68.55530719,-1.875,-92.93832821,1.875,-112.0436323,-1.875,149.9997335,-5.625,42.04909339,5.625,163.539469,-1.875,123.8953708,-5.625,148.6172335,1.875,128.7073899,5.625,54.19588389,1.875,112.7948691,1.875,255.4835223,-1.875,190.2363546,5.625,190.6632923,1.875,204.0329921,1.875,235.8795491,5.625,101.8600188,-1.875,165.3692319,1.875,80.50785718,-5.625,160.6972651,5.625,57.40897506,-5.625,244.3434856,1.875,267.8128508,1.875,321.0514955,1.875,220.9852157,1.875,-132.0436323,-1.875,284.3948793,5.625,277.1069108,-5.625,249.8946759,-5.625,106.5907096,5.625,294.8210613,1.875,217.4740974,-5.625,31.26104376,-5.625,213.9141599,5.625,-101.5348556,-1.875,257.231694,5.625,310.6297863,5.625,186.4609984,-5.625
0.090482063,1.875,-28.9985298,5.625,81.03759384,5.625,-4.254708307,-5.625,164.3898197,-5.625,8.912136793,-5.625,-23.43113113,1.875,110.9242092,-5.625,-16.64903299,-5.625,130.3909186,1.875,177.4491446,1.875,138.0434342,-5.625,-66.90032336,-1.875,-94.03663095,1.875,-111.026079,-1.875,151.0098352,-5.625,40.84727227,5.625,165.4085432,-1.875,124.9365093,-5.625,147.5643221,1.875,127.617291,5.625,52.79128894,1.875,111.6711932,1.875,257.6644029,-1.875,189.1879157,5.625,189.6127572,1.875,203.0160742,1.875,235.0676379,5.625,103.3552782,-1.875,164.3500137,1.875,81.52448044,-5.625,159.5058572,5.625,58.49147551,-5.625,243.2953214,1.875,266.7982278,1.875,320.1871991,1.875,220.1716813,1.875,-129.505051,-1.875,283.3822808,5.625,278.1873384,-5.625,250.9405297,-5.625,105.5669503,5.625,293.7406908,1.875,218.4864839,-5.625,32.30890419,-5.625,212.899271,5.625,-100.262914,-1.875,256.2807188,5.625,309.5515715,5.625,187.5389876,-5.625
-0.992844355,1.875,-30.50080619,5.625,79.97999126,5.625,-3.174650892,-5.625,165.4333132,-5.625,9.926465695,-5.625,-24.55027,1.875,111.9320313,-5.625,-15.60353741,-5.625,129.3032003,1.875,176.3638811,1.875,138.8515156,-5.625,-65.24533952,-1.875,-95.1349337,1.875,-110.0085257,-1.875,152.0199369,-5.625,39.64545116,5.625,167.2776175,-1.875,125.9776478,-5.625,146.5114108,1.875,126.5271921,5.625,51.38669399,1.875,110.5475172,1.875,259.8452834,-1.875,188.1394767,5.625,188.5622221,1.875,201.9991562,1.875,233.9869842,5.625,104.8505376,-1.875,163.3307956,1.875,82.54110371,-5.625,158.3144493,5.625,59.57397596,-5.625,242.2471572,1.875,265.7836049,1.875,319.4729045,1.875,219.0888671,1.875,-126.9664697,-1.875,282.3696823,5.625,279.2677659,-5.625,251.9863836,-5.625,104.543191,5.625,292.7585358,1.875,219.4988705,-5.625,33.35676463,-5.625,211.8843821,5.625,-98.99097236,-1.875,255.234646,5.625,308.4733567,5.625,188.4298877,-5.625
-2.076170774,1.875,-32.00308259,5.625,78.92238868,5.625,-2.094593476,-5.625,166.4768068,-5.625,10.9407946,-5.625,-25.66940886,1.875,112.9398534,-5.625,-14.55804183,-5.625,128.215482,1.875,175.2786175,1.875,139.9270719,-5.625,-63.59035569,-1.875,-96.23323644,1.875,-108.9909724,-1.875,153.0300387,-5.625,38.44363005,5.625,169.1466917,-1.875,126.9241374,-5.625,145.4584994,1.875,125.7081846,5.625,49.98209904,1.875,109.4238413,1.875,262.0261639,-1.875,187.0910378,5.625,187.5116871,1.875,200.9822382,1.875,232.9063305,5.625,106.345797,-1.875,162.3115774,1.875,83.55772697,-5.625,157.1230414,5.625,60.38727457,-5.625,241.198993,1.875,264.7689819,1.875,318.75861,1.875,218.0060528,1.875,-126.1524271,-1.875,281.3570839,5.625,280.3481935,-5.625,253.0322374,-5.625,103.5194317,5.625,291.7763808,1.875,220.511257,-5.625,34.22276499,-5.625,210.8694932,5.625,-97.71903072,-1.875,254.1885732,5.625,307.3951418,5.625,189.5078769,-5.625
-3.159497192,1.875,-33.50535898,5.625,77.8647861,5.625,-1.014536061,-5.625,167.4254372,-5.625,11.9551235,-5.625,-26.78854772,1.875,113.9476755,-5.625,-13.51254625,-5.625,127.1277636,1.875,174.463243,1.875,141.0026282,-5.625,-61.93537186,-1.875,-97.33153918,1.875,-107.973419,-1.875,154.0401404,-5.625,37.24180893,5.625,171.015766,-1.875,127.9652759,-5.625,144.4055881,1.875,124.6180857,5.625,48.5775041,1.875,108.3001653,1.875,264.2070444,-1.875,186.0425988,5.625,186.461152,1.875,199.9653203,1.875,231.8256768,5.625,107.8410564,-1.875,161.2923592,1.875,84.57435023,-5.625,155.9316335,5.625,61.46977502,-5.625,240.1508288,1.875,263.754359,1.875,317.8943136,1.875,216.9232386,1.875,-125.0689363,-1.875,280.3444854,5.625,281.428621,-5.625,254.0780913,-5.625,102.4956724,5.625,290.6960103,1.875,221.5236435,-5.625,35.27062543,-5.625,209.8546043,5.625,-96.44708908,-1.875,253.1425004,5.625,306.316927,5.625,190.5858661,-5.625
-4.242823611,1.875,-35.00763537,5.625,76.80718352,5.625,-0.20307294,-5.625,168.4689308,-5.625,12.9694524,-5.625,-27.90768658,1.875,114.9554976,-5.625,-12.64850032,-5.625,126.0400453,1.875,173.3779795,1.875,142.0781845,-5.625,-60.28038803,-1.875,-98.42984192,1.875,-106.9558657,-1.875,155.0502421,-5.625,36.03998782,5.625,172.8848402,-1.875,129.0064144,-5.625,143.3526767,1.875,123.5279868,5.625,47.17290915,1.875,107.1764893,1.875,266.3879249,-1.875,184.9941599,5.625,185.4106169,1.875,198.9484023,1.875,231.0137657,5.625,109.3363158,-1.875,160.273141,1.875,85.59097349,-5.625,154.7402256,5.625,62.55227547,-5.625,239.1026646,1.875,262.7397361,1.875,316.8485149,1.875,216.1097042,1.875,-123.9854455,-1.875,279.331887,5.625,282.5090485,-5.625,255.1239451,-5.625,101.4719131,5.625,289.7138553,1.875,222.5360301,-5.625,36.31848586,-5.625,208.8397154,5.625,-95.17514743,-1.875,252.1915252,5.625,305.6474404,5.625,191.4767662,-5.625
-5.326150029,1.875,-36.50991176,5.625,75.74958094,5.625,0.876984476,-5.625,169.5124243,-5.625,13.9837813,-5.625,-29.02682544,1.875,115.9633197,-5.625,-11.60300475,-5.625,124.952327,1.875,172.292716,1.875,142.8862659,-5.625,-58.62540419,-1.875,-99.52814466,1.875,-105.9383124,-1.875,156.0603439,-5.625,34.83816671,5.625,174.7539145,-1.875,130.0475529,-5.625,142.2997654,1.875,122.4378879,5.625,45.7683142,1.875,106.0528134,1.875,268.5688054,-1.875,183.9457209,5.625,184.3600818,1.875,197.9314844,1.875,229.933112,5.625,110.8315752,-1.875,159.2539229,1.875,86.60759676,-5.625,153.5488177,5.625,63.63477592,-5.625,238.3151633,1.875,261.7251131,1.875,315.8027163,1.875,215.02689,1.875,-122.9019547,-1.875,278.3192885,5.625,283.5894761,-5.625,256.169799,-5.625,100.4481538,5.625,288.7317003,1.875,223.5484166,-5.625,37.3663463,-5.625,207.8248264,5.625,-93.90320579,-1.875,251.1454524,5.625,304.5692256,5.625,192.5547554,-5.625
-6.409476448,1.875,-38.01218815,5.625,74.69197836,5.625,1.957041891,-5.625,170.4610548,-5.625,14.99811021,-5.625,-30.14596431,1.875,116.9711418,-5.625,-10.55750917,-5.625,123.8646086,1.875,171.2074524,1.875,143.9618223,-5.625,-56.97042036,-1.875,313.4910107,5.625,-104.9207591,-1.875,157.0704456,-5.625,33.63634559,5.625,176.6229887,-1.875,130.9940425,-5.625,141.2468541,1.875,121.6188805,5.625,44.36371925,1.875,104.9291374,1.875,270.7496859,-1.875,182.897282,5.625,183.3095467,1.875,196.9145664,1.875,228.8524583,5.625,112.3268346,-1.875,158.2347047,1.875,87.62422002,-5.625,152.3574098,5.625,64.44807453,-5.625,237.2669992,1.875,260.7104902,1.875,314.7569176,1.875,213.9440757,1.875,-122.0879121,-1.875,277.3066901,5.625,284.6699036,-5.625,257.2156528,-5.625,99.42439447,5.625,287.6513298,1.875,224.5608031,-5.625,38.23234666,-5.625,206.8099375,5.625,-92.63126415,-1.875,250.0993796,5.625,303.4910107,5.625,193.4456556,-5.625
-7.492802866,1.875,-39.51446454,5.625,73.63437578,5.625,3.037099306,-5.625,171.5045483,-5.625,16.01243911,-5.625,-31.26510317,1.875,117.9789638,-5.625,-9.512013589,-5.625,122.7768903,1.875,170.3920779,1.875,145.0373786,-5.625,-55.31543653,-1.875,312.6284389,5.625,-103.9032058,-1.875,158.0805473,-5.625,32.43452448,5.625,178.492063,-1.875,131.9405321,-5.625,140.1939427,1.875,120.5287816,5.625,42.9591243,1.875,103.8054615,1.875,272.9305664,-1.875,181.848843,5.625,182.4413359,1.875,195.8976484,1.875,227.7718046,5.625,113.822094,-1.875,157.2154865,1.875,88.64084328,-5.625,151.1660019,5.625,65.53057498,-5.625,236.218835,1.875,259.6958673,1.875,313.711119,1.875,212.8612615,1.875,-121.0044213,-1.875,276.2940916,5.625,285.7503311,-5.625,258.2615067,-5.625,98.40063517,5.625,286.6691748,1.875,225.5731897,-5.625,39.2802071,-5.625,205.7950486,5.625,-91.35932251,-1.875,249.0533068,5.625,302.4127959,5.625,194.5236447,-5.625
-8.576129285,1.875,-41.01674094,5.625,72.5767732,5.625,3.848562428,-5.625,172.4531788,-5.625,17.02676801,-5.625,-32.38424203,1.875,118.9867859,-5.625,-8.647967657,-5.625,121.689172,1.875,169.3068144,1.875,146.1129349,-5.625,-53.6604527,-1.875,311.765867,5.625,-102.8856525,-1.875,159.0906491,-5.625,31.23270337,5.625,180.3611372,-1.875,132.9816706,-5.625,139.1410314,1.875,119.4386827,5.625,41.55452935,1.875,102.6817855,1.875,275.1114469,-1.875,180.8004041,5.625,181.3908008,1.875,194.8807305,1.875,226.9598935,5.625,115.3173534,-1.875,156.1962683,1.875,89.65746655,-5.625,149.974594,5.625,66.61307543,-5.625,235.1706708,1.875,258.6812443,1.875,312.6653203,1.875,212.0477271,1.875,-119.9209306,-1.875,275.2814931,5.625,286.8307587,-5.625,259.3073606,-5.625,97.37687588,5.625,285.6870198,1.875,226.5855762,-5.625,40.32806753,-5.625,204.7801597,5.625,-90.08738086,-1.875,248.1023315,5.625,301.3345811,5.625,195.6016339,-5.625
-9.659455703,1.875,-42.51901733,5.625,71.51917062,5.625,4.928619843,-5.625,173.4966723,-5.625,18.04109691,-5.625,-33.50338089,1.875,119.994608,-5.625,-7.602472079,-5.625,120.6014537,1.875,168.2215509,1.875,146.9210163,-5.625,-52.00546887,-1.875,310.9032951,5.625,-101.8680992,-1.875,160.1007508,-5.625,30.03088225,5.625,182.2302114,-1.875,134.0228091,-5.625,138.08812,1.875,118.3485838,5.625,40.1499344,1.875,101.5581095,1.875,277.2923274,-1.875,179.7519651,5.625,180.3402657,1.875,193.8638125,1.875,225.8792398,5.625,116.8126128,-1.875,155.1770501,1.875,90.67408981,-5.625,148.7831861,5.625,67.69557588,-5.625,234.1225066,1.875,257.6666214,1.875,311.8010239,1.875,210.9649129,1.875,-118.8374398,-1.875,274.2688947,5.625,287.9111862,-5.625,260.3532144,-5.625,96.35311658,5.625,284.6066492,1.875,227.5979627,-5.625,41.37592797,-5.625,203.7652708,5.625,-88.81543922,-1.875,247.0562588,5.625,300.2563662,5.625,196.4925341,-5.625
-10.74278212,1.875,-44.02129372,5.625,70.46156804,5.625,6.008677258,-5.625,174.5401658,-5.625,19.05542582,-5.625,-34.62251975,1.875,121.0024301,-5.625,-6.556976502,-5.625,119.5137353,1.875,167.1362873,1.875,147.9965726,-5.625,-50.35048503,-1.875,310.0407233,5.625,-100.8505458,-1.875,161.1108525,-5.625,28.82906114,5.625,184.0992857,-1.875,134.9692987,-5.625,137.0352087,1.875,117.5295764,5.625,38.74533945,1.875,100.4344336,1.875,279.4732079,-1.875,178.7035262,5.625,179.2897307,1.875,192.8468945,1.875,224.7985861,5.625,118.3078722,-1.875,154.157832,1.875,91.69071307,-5.625,147.5917782,5.625,68.50887449,-5.625,233.0743424,1.875,256.6519985,1.875,310.7552253,1.875,209.8820986,1.875,-118.0233971,-1.875,273.2562962,5.625,288.9916138,-5.625,261.3990683,-5.625,95.32935728,5.625,283.6244942,1.875,228.6103493,-5.625,42.24192833,-5.625,202.7503819,5.625,-87.54349758,-1.875,246.010186,5.625,299.1781514,5.625,197.5705232,-5.625
-11.82610854,1.875,-45.52357011,5.625,69.40396546,5.625,7.088734673,-5.625,175.4887963,-5.625,20.06975472,-5.625,-35.74165862,1.875,122.0102522,-5.625,-5.511480924,-5.625,118.426017,1.875,166.3209128,1.875,149.0721289,-5.625,-48.6955012,-1.875,309.1781514,5.625,-99.83299253,-1.875,162.1209543,-5.625,27.62724003,5.625,185.9683599,-1.875,136.0104372,-5.625,135.9822973,1.875,116.4394775,5.625,37.3407445,1.875,99.31075762,1.875,281.6540884,-1.875,177.6550872,5.625,178.4215198,1.875,191.8299766,1.875,223.7179324,5.625,119.8031316,-1.875,153.1386138,1.875,92.70733634,-5.625,146.4003703,5.625,69.59137494,-5.625,232.0261782,1.875,255.6373755,1.875,309.7094266,1.875,208.7992844,1.875,-116.9399064,-1.875,272.2436978,5.625,290.0720413,-5.625,262.4449221,-5.625,94.30559799,5.625,282.6423392,1.875,229.6227358,-5.625,43.28978876,-5.625,201.735493,5.625,-86.27155593,-1.875,244.9641132,5.625,298.4417161,5.625,198.6485124,-5.625
-12.90943496,1.875,-47.0258465,5.625,68.34636288,5.625,7.900197795,-5.625,176.5322898,-5.625,21.08408362,-5.625,-36.86079748,1.875,123.0180743,-5.625,-4.647434992,-5.625,117.3382987,1.875,165.2356493,1.875,150.1476853,-5.625,-47.04051737,-1.875,308.3939951,5.625,-98.81543922,-1.875,163.131056,-5.625,26.42541891,5.625,187.8374342,-1.875,137.0515757,-5.625,134.929386,1.875,115.3493786,5.625,35.93614955,1.875,98.18708166,1.875,283.8349689,-1.875,176.6066483,5.625,177.3709848,1.875,190.8130586,1.875,222.9060212,5.625,121.298391,-1.875,152.1193956,1.875,93.7239596,-5.625,145.2089625,5.625,70.67387539,-5.625,230.978014,1.875,254.6227526,1.875,308.663628,1.875,207.98575,1.875,-115.8564156,-1.875,271.2310993,5.625,291.1524688,-5.625,263.490776,-5.625,93.28183869,5.625,281.5619687,1.875,230.6351223,-5.625,44.3376492,-5.625,200.7206041,5.625,-84.99961429,-1.875,244.0131379,5.625,297.3635013,5.625,199.5394126,-5.625
-13.99276138,1.875,-48.5281229,5.625,67.2887603,5.625,8.98025521,-5.625,177.5757834,-5.625,22.09841252,-5.625,-37.97993634,1.875,124.0258964,-5.625,-3.601939414,-5.625,116.2505803,1.875,164.1503858,1.875,150.9557667,-5.625,-45.38553354,-1.875,307.5314233,5.625,-97.79788591,-1.875,164.1411577,-5.625,25.2235978,5.625,189.7065084,-1.875,138.0927143,-5.625,133.8764747,1.875,114.2592797,5.625,34.5315546,1.875,97.0634057,1.875,286.0158494,-1.875,175.5582093,5.625,176.3204497,1.875,189.7961407,1.875,221.8253675,5.625,122.7936504,-1.875,151.1001774,1.875,94.74058286,-5.625,144.0175546,5.625,71.75637584,-5.625,230.1905127,1.875,253.6081297,1.875,307.6178293,1.875,206.9029357,1.875,-114.7729248,-1.875,270.2185009,5.625,292.2328964,-5.625,264.5366298,-5.625,92.25807939,5.625,280.5798137,1.875,231.6475089,-5.625,45.38550964,-5.625,199.7057152,5.625,-83.72767265,-1.875,242.9670651,5.625,296.2852865,5.625,200.6174018,-5.625
-15.0760878,1.875,-50.03039929,5.625,66.23115772,5.625,10.06031263,-5.625,178.5244138,-5.625,23.11274142,-5.625,-39.0990752,1.875,125.0337185,-5.625,-2.556443836,-5.625,115.162862,1.875,163.0651223,1.875,152.031323,-5.625,-43.7305497,-1.875,306.6688514,5.625,-96.78033259,-1.875,165.1512595,-5.625,24.02177669,5.625,191.5755827,-1.875,139.0392038,-5.625,132.8235633,1.875,113.1691808,5.625,33.12695965,1.875,95.93972974,1.875,288.1967299,-1.875,174.5097704,5.625,175.2699146,1.875,188.7792227,1.875,220.7447138,5.625,124.2889098,-1.875,150.0809592,1.875,95.75720613,-5.625,142.8261467,5.625,72.56967445,-5.625,229.1423486,1.875,252.5935067,1.875,306.5720307,1.875,205.8201215,1.875,-113.9588822,-1.875,269.2059024,5.625,293.3133239,-5.625,265.5824837,-5.625,91.23432009,5.625,279.5976587,1.875,232.6598954,-5.625,46.25151,-5.625,198.6908263,5.625,-82.45573101,-1.875,241.9209924,5.625,295.2070716,5.625,201.6953909,-5.625
-16.15941421,1.875,-51.53267568,5.625,65.17355514,5.625,11.14037004,-5.625,179.5679074,-5.625,24.12707033,-5.625,-40.21821407,1.875,126.0415406,-5.625,-1.510948258,-5.625,114.0751437,1.875,162.2497477,1.875,153.1068793,-5.625,-42.07556587,-1.875,305.8062795,5.625,-95.76277928,-1.875,166.1613612,-5.625,22.81995557,5.625,193.4446569,-1.875,139.9856934,-5.625,131.770652,1.875,112.3501733,5.625,31.72236471,1.875,94.81605378,1.875,290.3776104,-1.875,173.4613314,5.625,174.2193795,1.875,187.7623047,1.875,219.6640601,5.625,125.7841692,-1.875,149.0617411,1.875,96.77382939,-5.625,141.6347388,5.625,73.65217491,-5.625,228.0941844,1.875,251.5788838,1.875,305.7077343,1.875,204.7373073,1.875,-112.8753914,-1.875,268.1933039,5.625,294.3937514,-5.625,266.6283376,-5.625,90.2105608,5.625,278.5172882,1.875,233.6722819,-5.625,47.29937043,-5.625,197.6759374,5.625,-81.18378936,-1.875,240.8749196,5.625,294.1288568,5.625,202.5862911,-5.625
-17.24274063,1.875,-53.03495207,5.625,64.11595256,5.625,11.95183316,-5.625,180.6114009,-5.625,25.14139923,-5.625,-41.33735293,1.875,127.0493627,-5.625,-0.646902326,-5.625,112.9874254,1.875,161.1644842,1.875,154.1824356,-5.625,-40.42058204,-1.875,304.9437077,5.625,-94.74522596,-1.875,167.1714629,-5.625,21.61813446,5.625,195.3137312,-1.875,141.0268319,-5.625,130.7177406,1.875,111.2600744,5.625,30.31776976,1.875,93.69237782,1.875,292.5584909,-1.875,172.4128925,5.625,173.1688444,1.875,186.7453868,1.875,218.852149,5.625,127.2794286,-1.875,148.0425229,1.875,97.79045265,-5.625,140.4433309,5.625,74.73467536,-5.625,227.0460202,1.875,250.5642608,1.875,304.6619356,1.875,203.9237729,1.875,-111.7919006,-1.875,267.1807055,5.625,295.474179,-5.625,267.6741914,-5.625,89.1868015,5.625,277.5351332,1.875,234.6846685,-5.625,48.34723087,-5.625,196.6610485,5.625,-79.91184772,-1.875,239.9239443,5.625,293.4593702,5.625,203.6642803,-5.625
-18.32606705,1.875,-54.53722846,5.625,63.05834998,5.625,13.03189058,-5.625,181.5600314,-5.625,26.15572813,-5.625,-42.45649179,1.875,128.0571848,-5.625,0.398593252,-5.625,111.899707,1.875,160.0792207,1.875,154.990517,-5.625,-38.76559821,-1.875,304.2308384,5.625,-93.72767265,-1.875,168.1815647,-5.625,20.41631335,5.625,197.1828054,-1.875,142.0679704,-5.625,129.6648293,1.875,110.1699755,5.625,28.91317481,1.875,92.56870187,1.875,294.7393714,-1.875,171.3644535,5.625,172.1183093,1.875,185.7284688,1.875,217.7714953,5.625,128.774688,-1.875,147.0233047,1.875,98.80707592,-5.625,139.251923,5.625,75.81717581,-5.625,225.997856,1.875,249.5496379,1.875,303.616137,1.875,202.8409586,1.875,-110.7084099,-1.875,266.168107,5.625,296.5546065,-5.625,268.7200453,-5.625,88.1630422,5.625,276.5529782,1.875,235.697055,-5.625,49.39509131,-5.625,195.6461596,5.625,-78.63990608,-1.875,238.8778715,5.625,292.3811554,5.625,204.7422694,-5.625
-19.40939347,1.875,-56.03950485,5.625,62.0007474,5.625,14.11194799,-5.625,182.6035249,-5.625,27.17005703,-5.625,-43.57563065,1.875,129.0650068,-5.625,1.44408883,-5.625,110.8119887,1.875,158.9939572,1.875,156.0660734,-5.625,-37.11061438,-1.875,303.3682665,5.625,-92.71011933,-1.875,169.1916664,-5.625,19.21449223,5.625,199.0518797,-1.875,143.01446,-5.625,128.611918,1.875,109.0798766,5.625,27.50857986,1.875,91.44502591,1.875,296.9202519,-1.875,170.3160146,5.625,171.0677742,1.875,184.7115508,1.875,216.6908416,5.625,130.2699474,-1.875,146.0040865,1.875,99.82369918,-5.625,138.0605151,5.625,76.63047442,-5.625,224.9496918,1.875,248.535015,1.875,302.5703384,1.875,201.7581444,1.875,-109.8943672,-1.875,265.1555086,5.625,297.6350341,-5.625,269.7658991,-5.625,87.1392829,5.625,275.4726077,1.875,236.7094415,-5.625,50.26109167,-5.625,194.6312707,5.625,-77.36796443,-1.875,237.8317987,5.625,291.3029405,5.625,205.6331696,-5.625
-20.49271989,1.875,-57.54178125,5.625,60.94314482,5.625,15.19200541,-5.625,183.6470184,-5.625,28.18438594,-5.625,-44.69476951,1.875,130.0728289,-5.625,2.489584407,-5.625,109.7242704,1.875,158.1785826,1.875,157.1416297,-5.625,-35.45563054,-1.875,302.5056946,5.625,-91.69256602,-1.875,170.2017681,-5.625,18.01267112,5.625,200.9209539,-1.875,144.0555985,-5.625,127.5590066,1.875,108.2608692,5.625,26.10398491,1.875,90.32134995,1.875,299.1011325,-1.875,169.2675756,5.625,170.1995634,1.875,183.6946329,1.875,215.6101879,5.625,131.7652068,-1.875,144.9848683,1.875,100.8403224,-5.625,136.8691072,5.625,77.71297487,-5.625,223.9015276,1.875,247.520392,1.875,301.5245397,1.875,200.6753301,1.875,-108.8108764,-1.875,264.1429101,5.625,298.7154616,-5.625,270.811753,-5.625,86.11552361,5.625,274.4904527,1.875,237.7218281,-5.625,51.3089521,-5.625,193.6163818,5.625,-76.09602279,-1.875,236.785726,5.625,290.2247257,5.625,206.7111588,-5.625
-21.57604631,1.875,-59.04405764,5.625,59.88554224,5.625,16.00346853,-5.625,184.5956489,-5.625,29.19871484,-5.625,-45.81390838,1.875,131.080651,-5.625,3.35363034,-5.625,108.636552,1.875,157.0933191,1.875,158.217186,-5.625,-33.80064671,-1.875,301.6431227,5.625,-90.67501271,-1.875,171.2118699,-5.625,16.81085001,5.625,202.7900282,-1.875,145.0967371,-5.625,126.5060953,1.875,107.1707703,5.625,24.69938996,1.875,89.19767399,1.875,310.4787411,1.875,168.2191367,5.625,169.1490283,1.875,182.6777149,1.875,214.7982768,5.625,133.2604662,-1.875,143.9656502,1.875,101.8569457,-5.625,135.6776993,5.625,78.79547532,-5.625,222.8533634,1.875,246.5057691,1.875,300.4787411,1.875,199.8617958,1.875,-107.7273857,-1.875,263.1303117,5.625,299.7958891,-5.625,271.8576068,-5.625,85.09176431,5.625,273.5082977,1.875,238.7342146,-5.625,52.35681254,-5.625,192.6014929,5.625,-74.82408115,-1.875,236.0712442,5.625,289.1465109,5.625,207.789148,-5.625
-22.65937272,1.875,-60.54633403,5.625,58.82793966,5.625,17.08352594,-5.625,185.6391424,-5.625,30.21304374,-5.625,-46.93304724,1.875,132.0884731,-5.625,4.399125917,-5.625,107.5488337,1.875,156.0080556,1.875,159.0252674,-5.625,-32.14566288,-1.875,300.7805509,5.625,-89.65745939,-1.875,172.2219716,-5.625,15.60902889,5.625,204.6591024,-1.875,146.1378756,-5.625,125.4531839,1.875,106.0806714,5.625,23.29479501,1.875,88.07399803,1.875,309.6421021,1.875,167.1706977,5.625,168.0984933,1.875,181.660797,1.875,213.7176231,5.625,134.7557255,-1.875,142.946432,1.875,102.873569,-5.625,134.4862914,5.625,79.87797577,-5.625,222.0658621,1.875,245.4911462,1.875,299.6144447,1.875,198.7789815,1.875,-106.7423941,-1.875,262.1177132,5.625,-126.7423941,-1.875,272.9034607,-5.625,84.06800501,5.625,272.4279272,1.875,239.7466011,-5.625,53.40467298,-5.625,191.586604,5.625,-73.55213951,-1.875,235.0251714,5.625,288.068296,5.625,208.6800481,-5.625
-23.74269914,1.875,-62.04861042,5.625,57.77033708,5.625,18.16358336,-5.625,186.682636,-5.625,31.22737264,-5.625,-48.0521861,1.875,133.0962952,-5.625,5.444621495,-5.625,106.4611154,1.875,154.9227921,1.875,160.1008237,-5.625,-30.49067905,-1.875,299.917979,5.625,-88.63990608,-1.875,173.2320733,-5.625,14.40720778,5.625,206.5281767,-1.875,147.0843651,-5.625,124.4002726,1.875,104.9905725,5.625,21.89020006,1.875,86.95032207,1.875,308.8054632,1.875,166.1222588,5.625,167.0479582,1.875,180.643879,1.875,212.6369694,5.625,136.2509849,-1.875,141.9272138,1.875,103.8901922,-5.625,133.2948835,5.625,80.69127438,-5.625,221.017698,1.875,244.4765232,1.875,298.568646,1.875,197.6961673,1.875,-105.7574025,-1.875,261.1051147,5.625,-125.8756015,-1.875,273.9493146,-5.625,83.04424572,5.625,271.4457722,1.875,240.7589877,-5.625,54.19194603,-5.625,190.5717151,5.625,-72.28019786,-1.875,233.9790986,5.625,287.3318608,5.625,209.7580373,-5.625
-24.82602556,1.875,-63.55088681,5.625,56.7127345,5.625,19.24364077,-5.625,187.6312664,-5.625,32.24170154,-5.625,-49.17132496,1.875,134.1041173,-5.625,6.490117073,-5.625,105.3733971,1.875,154.1074175,1.875,161.17638,-5.625,-28.83569521,-1.875,299.1338228,5.625,-87.62235276,-1.875,174.2421751,-5.625,13.20538667,5.625,208.3972509,-1.875,148.1255037,-5.625,123.3473612,1.875,104.171565,5.625,20.48560511,1.875,85.82664611,1.875,307.9688243,1.875,165.0738198,5.625,166.1797474,1.875,179.626961,1.875,211.5563156,5.625,137.7462443,-1.875,140.9079956,1.875,104.9068155,-5.625,132.1034756,5.625,81.77377483,-5.625,219.9695338,1.875,243.4619003,1.875,297.5228474,1.875,196.613353,1.875,-104.7724109,-1.875,260.0925163,5.625,-125.0088088,-1.875,274.9951684,-5.625,82.02048642,5.625,270.4636172,1.875,241.7713742,-5.625,55.23980647,-5.625,189.5568262,5.625,-71.00825622,-1.875,232.9330258,5.625,286.253646,5.625,210.8360265,-5.625
-25.90935198,1.875,-65.05316321,5.625,55.65513192,5.625,20.0551039,-5.625,188.67476,-5.625,33.25603045,-5.625,-50.29046382,1.875,135.1119394,-5.625,7.354163005,-5.625,104.2856787,1.875,153.022154,1.875,162.2519364,-5.625,-27.18071138,-1.875,298.2712509,5.625,-86.60479945,-1.875,175.2522768,-5.625,12.00356555,5.625,210.2663252,-1.875,149.1666422,-5.625,122.2944499,1.875,103.0814661,5.625,19.08101016,1.875,84.70297015,1.875,307.1321854,1.875,164.0253809,5.625,165.1292123,1.875,178.6100431,1.875,210.7444045,5.625,139.2415037,-1.875,139.8887774,1.875,105.9234388,-5.625,130.9120677,5.625,82.85627528,-5.625,218.9213696,1.875,242.4472774,1.875,296.4770487,1.875,195.5305388,1.875,-103.7874192,-1.875,259.0799178,5.625,-124.1420162,-1.875,276.0410223,-5.625,80.99672712,5.625,269.3832467,1.875,242.7837607,-5.625,56.2876669,-5.625,188.5419373,5.625,-69.73631458,-1.875,231.9820505,5.625,285.1754311,5.625,211.7269266,-5.625
-26.9926784,1.875,-66.5554396,5.625,54.59752934,5.625,21.13516131,-5.625,189.7182535,-5.625,34.27035935,-5.625,-51.40960269,1.875,136.1197615,-5.625,8.399658583,-5.625,103.1979604,1.875,151.9368905,1.875,163.3274927,-5.625,-25.52572755,-1.875,297.408679,5.625,-85.58724613,-1.875,176.2623785,-5.625,10.80174444,5.625,212.1353994,-1.875,150.2077807,-5.625,121.2415386,1.875,101.9913672,5.625,17.67641521,1.875,83.57929419,1.875,306.2955465,1.875,162.9769419,5.625,164.0786772,1.875,177.5931251,1.875,209.6637508,5.625,140.7367631,-1.875,138.8695593,1.875,106.940062,-5.625,129.7206598,5.625,83.93877573,-5.625,217.8732054,1.875,241.4326544,1.875,295.4312501,1.875,194.7170044,1.875,-102.8024276,-1.875,258.0673194,5.625,-123.2752236,-1.875,277.0868761,-5.625,79.97296782,5.625,268.4010917,1.875,243.7961473,-5.625,57.33552734,-5.625,187.5270484,5.625,-68.46437293,-1.875,230.9359778,5.625,284.0972163,5.625,212.8049158,-5.625
-28.07600482,1.875,-68.05771599,5.625,53.53992676,5.625,22.21521873,-5.625,190.761747,-5.625,35.28468825,-5.625,-52.52874155,1.875,137.1275836,-5.625,9.445154161,-5.625,102.1102421,1.875,150.851627,1.875,164.1355741,-5.625,-23.87074372,-1.875,296.5461072,5.625,-84.56969282,-1.875,177.2724803,-5.625,9.599923325,5.625,214.0044737,-1.875,151.2489192,-5.625,120.1886272,1.875,100.9012683,5.625,16.27182026,1.875,82.45561823,1.875,305.4589076,1.875,161.928503,5.625,163.0281421,1.875,176.5762072,1.875,208.5830971,5.625,142.2320225,-1.875,137.8503411,1.875,107.9566853,-5.625,128.5292519,5.625,85.02127618,-5.625,216.8250412,1.875,240.4180315,1.875,294.3854514,1.875,193.6341902,1.875,-101.817436,-1.875,257.0547209,5.625,-122.408431,-1.875,278.13273,-5.625,78.94920853,5.625,267.4189367,1.875,244.8085338,-5.625,58.38338777,-5.625,186.5121595,5.625,-67.19243129,-1.875,229.889905,5.625,283.0190014,5.625,213.6958159,-5.625
-29.15933124,1.875,-69.55999238,5.625,52.48232418,5.625,23.29527614,-5.625,191.8052405,-5.625,36.29901715,-5.625,-53.64788041,1.875,138.1354057,-5.625,10.49064974,-5.625,101.0225237,1.875,149.7663634,1.875,165.2111304,-5.625,-22.21575989,-1.875,295.6835353,5.625,-83.55213951,-1.875,178.282582,-5.625,8.398102212,5.625,215.8735479,-1.875,152.1954088,-5.625,119.1357159,1.875,100.0822609,5.625,14.86722531,1.875,81.33194227,1.875,304.6222686,1.875,160.880064,5.625,161.977607,1.875,175.5592892,1.875,207.5024434,5.625,143.7272819,-1.875,136.8311229,1.875,108.9733085,-5.625,127.337844,5.625,85.83457479,-5.625,215.776877,1.875,239.4034085,1.875,293.521155,1.875,192.5513759,1.875,-100.8324444,-1.875,256.0421225,5.625,-121.5416384,-1.875,279.1785838,-5.625,77.92544923,5.625,266.3385662,1.875,245.8209203,-5.625,59.17066083,-5.625,185.4972706,5.625,-65.92048965,-1.875,228.8438322,5.625,282.2825662,5.625,214.7738051,-5.625
-30.24265765,1.875,-71.06226877,5.625,51.4247216,5.625,24.37533356,-5.625,192.753871,-5.625,37.31334606,-5.625,-54.76701927,1.875,139.1432278,-5.625,11.53614532,-5.625,99.93480542,1.875,148.9509889,1.875,166.2866867,-5.625,-20.56077605,-1.875,294.899379,5.625,-82.53458619,-1.875,179.2926837,-5.625,7.196281099,5.625,217.7426222,-1.875,153.2365473,-5.625,118.0828045,1.875,98.99216201,5.625,13.46263037,1.875,80.20826631,1.875,303.7856297,1.875,159.8316251,5.625,160.9270719,1.875,174.5423712,1.875,206.4217897,5.625,145.2225413,-1.875,135.8119047,1.875,109.9899318,-5.625,126.1464361,5.625,86.91707524,-5.625,214.7287128,1.875,238.3887856,1.875,292.4753564,1.875,191.4685617,1.875,-99.84745281,-1.875,255.029524,5.625,-120.6748458,-1.875,280.2244377,-5.625,76.90168993,5.625,265.3564112,1.875,246.8333069,-5.625,60.21852127,-5.625,184.4823817,5.625,-64.64854801,-1.875,227.7977594,5.625,281.2043514,5.625,215.8517943,-5.625
-31.32598407,1.875,-72.56454516,5.625,50.36711902,5.625,25.18679668,-5.625,193.7973645,-5.625,38.32767496,-5.625,-55.88615813,1.875,140.1510498,-5.625,12.40019125,-5.625,98.84708709,1.875,147.8657254,1.875,167.3622431,-5.625,-18.90579222,-1.875,294.0368072,5.625,-81.51703288,-1.875,180.3027855,-5.625,5.994459985,5.625,219.6116964,-1.875,154.2776859,-5.625,117.0298932,1.875,97.90206311,5.625,12.05803542,1.875,79.08459035,1.875,302.9489908,1.875,158.7831861,5.625,159.8765369,1.875,173.5254533,1.875,205.6098786,5.625,146.7178007,-1.875,134.7926866,1.875,111.0065551,-5.625,124.9550282,5.625,87.99957569,-5.625,213.6805486,1.875,237.3741627,1.875,291.4295577,1.875,190.6550273,1.875,-98.86246121,-1.875,254.0169255,5.625,-119.8080531,-1.875,281.2702915,-5.625,75.87793063,5.625,264.3742562,1.875,247.8456934,-5.625,61.2663817,-5.625,183.4674928,5.625,-63.37660636,-1.875,226.8467841,5.625,280.1261365,5.625,216.7426945,-5.625
-32.40931049,1.875,-74.06682156,5.625,49.30951644,5.625,26.26685409,-5.625,194.8408581,-5.625,39.34200386,-5.625,-57.005297,1.875,141.1588719,-5.625,13.44568683,-5.625,97.75936876,1.875,146.7804619,1.875,168.1703245,-5.625,-17.25080839,-1.875,293.1742353,5.625,-80.49947956,-1.875,181.3128872,-5.625,4.792638872,5.625,221.4807707,-1.875,155.3188244,-5.625,115.9769818,1.875,96.81196421,5.625,10.65344047,1.875,77.96091439,1.875,302.1123519,1.875,157.7347472,5.625,158.8260018,1.875,172.5085353,1.875,204.5292249,5.625,148.2130601,-1.875,133.7734684,1.875,112.0231783,-5.625,123.7636203,5.625,89.08207614,-5.625,212.6323844,1.875,236.3595397,1.875,290.3837591,1.875,189.5722131,1.875,-97.8774696,-1.875,253.0043271,5.625,-118.9412605,-1.875,282.3161454,-5.625,74.85417134,5.625,263.2938857,1.875,248.8580799,-5.625,62.31424214,-5.625,182.4526039,5.625,-62.10466472,-1.875,225.8007114,5.625,279.0479217,5.625,217.8206836,-5.625
-33.49263691,1.875,-75.56909795,5.625,48.25191386,5.625,27.34691151,-5.625,195.7894886,-5.625,40.35633276,-5.625,-58.12443586,1.875,142.166694,-5.625,14.4911824,-5.625,96.67165043,1.875,145.6951984,1.875,169.2458808,-5.625,-15.59582456,-1.875,292.3116634,5.625,-79.48192625,-1.875,182.3229889,-5.625,3.590817758,5.625,223.3498449,-1.875,156.2653139,-5.625,114.9240705,1.875,95.99295677,5.625,9.248845518,1.875,76.83723843,1.875,301.275713,1.875,156.6863082,5.625,157.7754667,1.875,171.4916173,1.875,203.4485712,5.625,149.7083195,-1.875,132.7542502,1.875,113.0398016,-5.625,122.5722124,5.625,89.89537475,-5.625,211.5842202,1.875,235.3449168,1.875,289.3379604,1.875,188.4893988,1.875,-96.89247799,-1.875,251.9917286,5.625,-118.0744679,-1.875,283.3619993,-5.625,73.83041204,5.625,262.3117307,1.875,249.8704665,-5.625,63.10151519,-5.625,181.437715,5.625,-60.83272308,-1.875,224.7546386,5.625,277.9697069,5.625,218.8986728,-5.625
-34.57596333,1.875,-77.07137434,5.625,47.19431128,5.625,28.42696892,-5.625,196.8329821,-5.625,41.19462111,-5.625,-59.24357472,1.875,143.1745161,-5.625,15.53667798,-5.625,95.5839321,1.875,144.8798238,1.875,170.3214371,-5.625,-13.94084072,-1.875,291.4490916,5.625,-78.46437293,-1.875,183.3330907,-5.625,2.388996645,5.625,225.2189192,-1.875,157.2118035,-5.625,113.8711592,1.875,94.90285787,5.625,7.844250569,1.875,75.71356248,1.875,300.4390741,1.875,155.6378693,5.625,156.9072559,1.875,170.4746994,1.875,202.3679175,5.625,151.2035789,-1.875,131.735032,1.875,114.0564249,-5.625,121.3808045,5.625,90.97787521,-5.625,210.5360561,1.875,234.3302939,1.875,288.2921618,1.875,187.4065846,1.875,-95.90748638,-1.875,250.9791302,5.625,-117.2076753,-1.875,284.4078531,-5.625,72.80665274,5.625,261.3295757,1.875,250.882853,-5.625,64.14937563,-5.625,180.4228261,5.625,-59.56078143,-1.875,223.7085658,5.625,277.2332716,5.625,219.789573,-5.625
-35.65928975,1.875,-78.57365073,5.625,46.1367087,5.625,29.23843205,-5.625,197.8764756,-5.625,42.20895001,-5.625,-60.36271358,1.875,144.1823382,-5.625,16.40072391,-5.625,94.49621377,1.875,143.7945603,1.875,171.3969934,-5.625,-12.28585689,-1.875,290.6649353,5.625,-77.44681962,-1.875,184.3431924,-5.625,1.187175531,5.625,227.0879934,-1.875,158.252942,-5.625,112.8182478,1.875,93.81275897,5.625,6.43965562,1.875,74.58988652,1.875,299.6024351,1.875,154.5894303,5.625,155.8567208,1.875,169.4577814,1.875,201.5560063,5.625,152.6988383,-1.875,130.7158138,1.875,115.0730481,-5.625,120.1893966,5.625,92.06037566,-5.625,209.4878919,1.875,233.3156709,1.875,287.5778673,1.875,186.5930502,1.875,-94.92249477,-1.875,249.9665317,5.625,-116.3408827,-1.875,285.453707,-5.625,71.78289345,5.625,260.3474207,1.875,251.8952395,-5.625,65.19723607,-5.625,179.4079371,5.625,-58.28883979,-1.875,222.7575905,5.625,276.1550568,5.625,220.8675621,-5.625
-36.74261616,1.875,-80.07592712,5.625,45.07910612,5.625,30.04989517,-5.625,198.8251061,-5.625,43.22327892,-5.625,-61.48185244,1.875,145.1901603,-5.625,17.26476985,-5.625,93.40849545,1.875,142.7092968,1.875,172.2050748,-5.625,-10.63087306,-1.875,289.8023634,5.625,-76.42926631,-1.875,185.3532941,-5.625,-0.014645582,5.625,228.9570676,-1.875,159.2940806,-5.625,111.7653365,1.875,92.72266007,5.625,5.03506067,1.875,73.46621056,1.875,298.7657962,1.875,153.5409914,5.625,154.8061857,1.875,168.4408635,1.875,200.4753526,5.625,154.1940977,-1.875,129.6965957,1.875,116.0896714,-5.625,118.9979887,5.625,93.14287611,-5.625,208.7003906,1.875,232.301048,1.875,286.5320686,1.875,185.510236,1.875,-93.93750316,-1.875,248.9539333,5.625,-115.4740901,-1.875,286.4995608,-5.625,70.75913415,5.625,259.2670502,1.875,252.9076261,-5.625,66.2450965,-5.625,178.3930482,5.625,-57.01689815,-1.875,221.7115177,5.625,275.0768419,5.625,221.9455513,-5.625
-37.82594258,1.875,-81.57820352,5.625,44.02150354,5.625,31.12995258,-5.625,199.8685996,-5.625,44.23760782,-5.625,-62.60099131,1.875,146.1979824,-5.625,18.31026542,-5.625,92.32077712,1.875,141.6240333,1.875,173.2806311,-5.625,-8.975889227,-1.875,288.9397916,5.625,-75.41171299,-1.875,186.3633959,-5.625,-1.216466695,5.625,230.8261419,-1.875,160.2405701,-5.625,110.7124251,1.875,91.90365263,5.625,3.630465721,1.875,72.3425346,1.875,297.9291573,1.875,152.4925524,5.625,153.7556506,1.875,167.4239455,1.875,199.3946989,5.625,155.6893571,-1.875,128.6773775,1.875,117.1062947,-5.625,117.8065808,5.625,93.95617472,-5.625,207.6522264,1.875,231.2864251,1.875,285.48627,1.875,184.4274217,1.875,-92.95251156,-1.875,247.9413348,5.625,-114.6072975,-1.875,287.5454147,-5.625,69.73537485,5.625,258.2848952,1.875,253.9200126,-5.625,67.03236956,-5.625,177.3781593,5.625,-55.74495651,-1.875,220.665445,5.625,273.9986271,5.625,222.8364515,-5.625
-38.909269,1.875,-83.08047991,5.625,42.96390096,5.625,32.21001,-5.625,200.9120931,-5.625,45.25193672,-5.625,-63.72013017,1.875,147.2058045,-5.625,19.355761,-5.625,91.23305879,1.875,140.8086587,1.875,174.3561875,-5.625,-7.320905395,-1.875,288.0772197,5.625,-74.39415968,-1.875,187.3734976,-5.625,-2.418287809,5.625,232.6952161,-1.875,161.2817087,-5.625,109.6595138,1.875,90.81355373,5.625,2.225870772,1.875,71.21885864,1.875,297.0925184,1.875,151.4441135,5.625,152.8874398,1.875,166.4070275,1.875,198.3140452,5.625,157.1846165,-1.875,127.6581593,1.875,118.1229179,-5.625,116.6151729,5.625,95.03867517,-5.625,206.6040622,1.875,230.2718021,1.875,284.4404713,1.875,183.3446075,1.875,-91.96751995,-1.875,246.9287363,5.625,-113.7405048,-1.875,288.5912685,-5.625,68.71161555,5.625,257.3027402,1.875,254.9323991,-5.625,68.08022999,-5.625,176.3632704,5.625,-54.47301486,-1.875,219.6193722,5.625,272.9204123,5.625,223.9144407,-5.625
-39.99259542,1.875,-84.5827563,5.625,41.90629838,5.625,33.29006741,-5.625,201.8607236,-5.625,46.26626562,-5.625,-64.83926903,1.875,148.2136266,-5.625,20.40125658,-5.625,90.14534046,1.875,139.7233952,1.875,175.4317438,-5.625,-5.665921563,-1.875,287.2146478,5.625,-73.37660636,-1.875,188.3835993,-5.625,-3.620108922,5.625,234.5642904,-1.875,162.3228472,-5.625,108.6066025,1.875,89.72345483,5.625,0.821275823,1.875,70.09518268,1.875,296.2558795,1.875,150.3956745,5.625,151.8369047,1.875,165.3901096,1.875,197.5021341,5.625,158.6798759,-1.875,126.6389411,1.875,119.1395412,-5.625,115.423765,5.625,96.12117562,-5.625,205.555898,1.875,229.2571792,1.875,283.3946727,1.875,182.5310731,1.875,-90.98252834,-1.875,245.9161379,5.625,-112.8737122,-1.875,289.6371224,-5.625,67.68785626,5.625,256.2223697,1.875,255.9447857,-5.625,69.12809043,-5.625,175.3483815,5.625,-53.20107322,-1.875,218.6683969,5.625,271.8421974,5.625,224.9924298,-5.625
-41.07592184,1.875,-86.08503269,5.625,40.8486958,5.625,34.10153053,-5.625,202.9042171,-5.625,47.28059453,-5.625,-65.95840789,1.875,149.2214487,-5.625,21.26530251,-5.625,89.05762213,1.875,138.6381317,1.875,176.2398252,-5.625,-4.010937731,-1.875,286.352076,5.625,-72.35905305,-1.875,189.3937011,-5.625,-4.821930036,5.625,236.4333646,-1.875,163.3639857,-5.625,107.5536911,1.875,88.63335593,5.625,-0.583319126,1.875,68.97150672,1.875,295.4192406,1.875,149.3472356,5.625,150.7863696,1.875,164.3731916,1.875,196.4214804,5.625,160.1751353,-1.875,125.6197229,1.875,120.1561644,-5.625,114.2323571,5.625,97.20367607,-5.625,204.5077338,1.875,228.2425563,1.875,282.348874,1.875,181.4482589,1.875,-89.99753673,-1.875,244.9035394,5.625,-112.0069196,-1.875,290.6829763,-5.625,66.66409696,5.625,255.2402147,1.875,256.9571722,-5.625,70.17595087,-5.625,174.3334926,5.625,-51.92913158,-1.875,217.6223241,5.625,271.1057622,5.625,225.88333,-5.625
-42.15924826,1.875,-87.58730908,5.625,39.79109322,5.625,35.18158795,-5.625,203.9477107,-5.625,48.29492343,-5.625,-67.07754675,1.875,150.2292708,-5.625,22.31079809,-5.625,87.9699038,1.875,137.5528682,1.875,177.3153815,-5.625,-2.355953899,-1.875,285.5679197,5.625,-71.34149973,-1.875,190.4038028,-5.625,-6.023751149,5.625,238.3024389,-1.875,164.3104753,-5.625,106.5007798,1.875,87.81434849,5.625,-1.987914075,1.875,67.84783076,1.875,294.5826016,1.875,148.2987966,5.625,149.7358346,1.875,163.3562736,1.875,195.3408267,5.625,161.6703947,-1.875,124.6005048,1.875,121.1727877,-5.625,113.0409492,5.625,98.01697468,-5.625,203.4595696,1.875,227.2279333,1.875,281.3030754,1.875,180.3654446,1.875,-89.01254512,-1.875,243.890941,5.625,-111.140127,-1.875,291.7288301,-5.625,65.64033766,5.625,254.2580597,1.875,257.9695587,-5.625,71.2238113,-5.625,173.3186037,5.625,-50.65718993,-1.875,216.5762513,5.625,270.0275473,5.625,226.9613192,-5.625
-43.24257468,1.875,-89.08958547,5.625,38.73349064,5.625,36.26164536,-5.625,204.8963412,-5.625,49.30925233,-5.625,-68.19668562,1.875,151.2370928,-5.625,23.35629367,-5.625,86.88218547,1.875,136.7374936,1.875,178.3909378,-5.625,-0.700970066,-1.875,284.7053478,5.625,-70.32394642,-1.875,191.4139046,-5.625,-7.225572263,5.625,240.1715131,-1.875,165.3516138,-5.625,105.4478684,1.875,86.72424959,5.625,-3.392509025,1.875,66.7241548,1.875,293.7459627,1.875,147.2503577,5.625,148.8676237,1.875,162.3393557,1.875,194.260173,5.625,163.1656541,-1.875,123.5812866,1.875,122.189411,-5.625,111.8495413,5.625,99.09947513,-5.625,202.4114055,1.875,226.2133104,1.875,280.2572767,1.875,179.2826304,1.875,-88.02755352,-1.875,242.8783425,5.625,-110.3521337,-1.875,292.774684,-5.625,64.61657836,5.625,253.1776892,1.875,258.9819453,-5.625,72.27167174,-5.625,172.3037148,5.625,-49.38524829,-1.875,215.5301785,5.625,268.9493325,5.625,228.0393083,-5.625
-44.32590109,1.875,-90.59186187,5.625,37.67588806,5.625,37.34170278,-5.625,205.9398347,-5.625,50.32358123,-5.625,-69.31582448,1.875,152.2449149,-5.625,24.40178925,-5.625,85.79446714,1.875,135.6522301,1.875,179.4664942,-5.625,0.954013766,-1.875,283.842776,5.625,-69.30639311,-1.875,192.4240063,-5.625,-8.427393376,5.625,242.0405874,-1.875,166.3927523,-5.625,104.3949571,1.875,85.63415069,5.625,-4.797103974,1.875,65.60047884,1.875,292.9093238,1.875,146.2019187,5.625,147.8170887,1.875,161.3224377,1.875,193.4482619,5.625,164.6609135,-1.875,122.5620684,1.875,123.2060342,-5.625,110.6581334,5.625,100.1819756,-5.625,201.3632413,1.875,225.1986874,1.875,279.2114781,1.875,178.469096,1.875,-87.04256191,-1.875,241.8657441,5.625,-109.5641404,-1.875,293.8205378,-5.625,63.59281907,5.625,252.1955342,1.875,259.9943318,-5.625,73.31953217,-5.625,171.2888259,5.625,-48.11330665,-1.875,214.5792033,5.625,267.8711177,5.625,228.9302085,-5.625
-45.40922751,1.875,-92.09413826,5.625,36.61828548,5.625,38.1531659,-5.625,206.9833282,-5.625,51.33791013,-5.625,-70.43496334,1.875,153.252737,-5.625,25.26583518,-5.625,84.70674882,1.875,134.5669666,1.875,180.2745756,-5.625,2.608997598,-1.875,282.9802041,5.625,-68.28883979,-1.875,193.434108,-5.625,-9.629214489,5.625,243.9096616,-1.875,167.4338908,-5.625,103.3420457,1.875,84.54405179,5.625,-6.201698923,1.875,64.47680288,1.875,292.0726849,1.875,145.1534798,5.625,146.7665536,1.875,160.3055198,1.875,192.3676082,5.625,166.1561729,-1.875,121.5428502,1.875,124.2226575,-5.625,109.4667255,5.625,101.264476,-5.625,200.57574,1.875,224.1840645,1.875,278.1656794,1.875,177.3862818,1.875,-86.0575703,-1.875,240.8531456,5.625,-108.7761471,-1.875,294.8663917,-5.625,62.56905977,5.625,251.2133792,1.875,261.0067183,-5.625,74.36739261,-5.625,170.273937,5.625,-46.84136501,-1.875,213.5331305,5.625,266.7929028,5.625,230.0081977,-5.625
-46.49255393,1.875,-93.59641465,5.625,35.5606829,5.625,39.23322332,-5.625,207.9319587,-5.625,52.35223904,-5.625,-71.5541022,1.875,154.2605591,-5.625,26.31133076,-5.625,83.61903049,1.875,133.4817031,1.875,181.3501319,-5.625,4.26398143,-1.875,282.1176322,5.625,-67.27128648,-1.875,194.4442098,-5.625,-10.8310356,5.625,245.7787359,-1.875,168.3803804,-5.625,102.2891344,1.875,83.72504436,5.625,-7.606293872,1.875,63.35312692,1.875,291.236046,1.875,144.1050408,5.625,145.7160185,1.875,159.2886018,1.875,191.2869545,5.625,167.6514323,-1.875,120.523632,1.875,125.2392808,-5.625,108.2753176,5.625,102.0777746,-5.625,199.5275758,1.875,223.1694416,1.875,277.301383,1.875,176.3034675,1.875,-85.07257869,-1.875,239.8405471,5.625,-107.9881539,-1.875,295.9122455,-5.625,61.54530047,5.625,250.1330087,1.875,262.0191049,-5.625,75.15466567,-5.625,169.2590481,5.625,-45.56942336,-1.875,212.4870577,5.625,266.0564676,5.625,230.8990978,-5.625
-47.57588035,1.875,-95.09869104,5.625,34.50308032,5.625,40.31328073,-5.625,208.9754522,-5.625,53.36656794,-5.625,-72.67324106,1.875,155.2683812,-5.625,27.35682633,-5.625,82.53131216,1.875,132.6663285,1.875,182.4256882,-5.625,5.918965263,-1.875,281.333476,5.625,-66.25373316,-1.875,195.4543115,-5.625,-12.03285672,5.625,247.6478101,-1.875,169.32687,-5.625,101.2362231,1.875,82.63494546,5.625,-9.010888821,1.875,62.22945096,1.875,290.3994071,1.875,143.0566019,5.625,144.6654834,1.875,158.2716838,1.875,190.2063008,5.625,169.1466917,-1.875,119.5044139,1.875,126.255904,-5.625,107.0839097,5.625,103.1602751,-5.625,198.4794116,1.875,222.1548186,1.875,276.2555844,1.875,175.2206533,1.875,-84.08758708,-1.875,238.8279487,5.625,-107.2001606,-1.875,296.9580994,-5.625,60.52154118,5.625,249.1508537,1.875,263.0314914,-5.625,76.2025261,-5.625,168.2441592,5.625,-44.29748172,-1.875,211.4409849,5.625,264.9782528,5.625,231.977087,-5.625
-48.65920677,1.875,-96.60096743,5.625,33.44547774,5.625,41.39333815,-5.625,209.9240827,-5.625,54.38089684,-5.625,-73.79237993,1.875,156.2762033,-5.625,28.40232191,-5.625,81.44359383,1.875,131.581065,1.875,183.5012445,-5.625,7.573949095,-1.875,280.4709041,5.625,-65.23617985,-1.875,196.4644132,-5.625,-13.23467783,5.625,249.5168844,-1.875,170.3680085,-5.625,100.1833117,1.875,81.54484656,5.625,-10.41548377,1.875,61.105775,1.875,289.5627681,1.875,142.0081629,5.625,143.6149483,1.875,157.2547659,1.875,189.3943896,5.625,170.6419511,-1.875,118.4851957,1.875,127.2725273,-5.625,105.8925018,5.625,104.2427755,-5.625,197.4312474,1.875,221.1401957,1.875,275.2097857,1.875,174.4071189,1.875,-83.10259547,-1.875,237.8153502,5.625,-106.1513415,-1.875,298.0039533,-5.625,59.49778188,5.625,248.1686987,1.875,264.0438779,-5.625,77.25038654,-5.625,167.2292703,5.625,-43.02554008,-1.875,210.4900097,5.625,263.9000379,5.625,233.0550762,-5.625
-49.74253319,1.875,-98.10324382,5.625,32.38787516,5.625,42.20480127,-5.625,210.9675762,-5.625,55.39522574,-5.625,-74.91151879,1.875,157.2840254,-5.625,29.26636784,-5.625,80.3558755,1.875,130.4958015,1.875,184.3093259,-5.625,9.228932927,-1.875,279.6083323,5.625,-64.21862653,-1.875,197.474515,-5.625,-14.43649894,5.625,251.3859586,-1.875,171.409147,-5.625,99.13040037,1.875,80.45474766,5.625,-11.82007872,1.875,59.98209904,1.875,288.7261292,1.875,140.959724,5.625,142.5644132,1.875,156.2378479,1.875,188.3137359,5.625,172.1372105,-1.875,117.4659775,1.875,128.2891505,-5.625,104.7010939,5.625,105.325276,-5.625,196.3830832,1.875,220.1255728,1.875,274.1639871,1.875,173.3243046,1.875,-82.11760387,-1.875,236.8027518,5.625,-105.1025224,-1.875,299.0498071,-5.625,58.47402258,5.625,247.0883282,1.875,265.0562645,-5.625,78.29824697,-5.625,166.2143814,5.625,-41.75359843,-1.875,209.4439369,5.625,262.8218231,5.625,233.9459763,-5.625
-50.82585961,1.875,-99.60552022,5.625,31.33027258,5.625,43.28485868,-5.625,212.0110697,-5.625,56.40955465,-5.625,-76.03065765,1.875,158.2918475,-5.625,30.31186342,-5.625,79.26815717,1.875,129.410538,1.875,185.3848822,-5.625,10.88391676,-1.875,278.7457604,5.625,-63.20107322,-1.875,198.4846167,-5.625,-15.63832006,5.625,253.2550329,-1.875,172.3556366,-5.625,98.07748903,1.875,79.63574022,5.625,-13.22467367,1.875,58.85842309,1.875,287.8894903,1.875,139.911285,5.625,141.5138781,1.875,155.2209299,1.875,187.2330822,5.625,173.6324699,-1.875,116.4467593,1.875,129.3057738,-5.625,103.509686,5.625,106.1385746,-5.625,195.334919,1.875,219.1109498,1.875,273.1181884,1.875,172.2414904,1.875,-81.13261226,-1.875,235.7901533,5.625,-104.3145291,-1.875,-100,-5.625,57.45026328,5.625,246.1061732,1.875,266.068651,-5.625,79.34610741,-5.625,165.1994925,5.625,-40.48165679,-1.875,208.3978641,5.625,261.7436082,5.625,235.0239655,-5.625
-51.90918602,1.875,300,5.625,30.27267,5.625,44.3649161,-5.625,212.9597002,-5.625,57.42388355,-5.625,-77.14979651,1.875,159.2996696,-5.625,31.357359,-5.625,78.18043884,1.875,128.5951634,1.875,186.4604386,-5.625,12.53890059,-1.875,277.8831885,5.625,-62.18351991,-1.875,199.4947184,-5.625,-16.84014117,5.625,255.1241071,-1.875,173.3967751,-5.625,97.02457769,1.875,78.54564132,5.625,-14.62926862,1.875,57.73474713,1.875,287.0528514,1.875,138.8628461,5.625,140.6456673,1.875,154.204012,1.875,186.1524285,5.625,175.1277293,-1.875,115.4275411,1.875,130.3223971,-5.625,102.3182781,5.625,107.2210751,-5.625,194.2867549,1.875,218.0963269,1.875,272.0723898,1.875,171.1586762,1.875,-80.14762065,-1.875,234.7775549,5.625,-103.2657101,-1.875,-97.94310233,-5.625,56.42650399,5.625,245.1240182,1.875,267.0810375,-5.625,80.39396785,-5.625,164.1846036,5.625,-39.20971515,-1.875,207.3517913,5.625,261.007173,5.625,236.1019547,-5.625
-52.99251244,1.875,297.9853254,5.625,29.21506742,5.625,45.44497351,-5.625,214.0031937,-5.625,58.43821245,-5.625,-78.26893538,1.875,160.3074917,-5.625,32.40285458,-5.625,77.09272052,1.875,127.5098999,1.875,187.5359949,-5.625,14.19388442,-1.875,277.0990323,5.625,-61.16596659,-1.875,200.5048202,-5.625,-18.04196228,5.625,256.9931814,-1.875,174.4379136,-5.625,95.97166635,1.875,77.45554242,5.625,-16.03386357,1.875,56.61107117,1.875,286.2162125,1.875,137.8144071,5.625,139.5951322,1.875,153.187094,1.875,185.3405174,5.625,176.6229887,-1.875,114.408323,1.875,131.3390203,-5.625,101.1268702,5.625,108.3035755,-5.625,193.2385907,1.875,217.081704,1.875,271.2080934,1.875,170.3451418,1.875,-79.16262904,-1.875,233.7649564,5.625,-102.216891,-1.875,-95.88620466,-5.625,55.40274469,5.625,244.0436477,1.875,268.0934241,-5.625,81.44182828,-5.625,163.1697147,5.625,-37.93777351,-1.875,206.400816,5.625,259.9289582,5.625,236.9928548,-5.625
-54.07583886,1.875,295.9706509,5.625,28.15746485,5.625,46.25643664,-5.625,215.0466873,-5.625,59.45254135,-5.625,-79.38807424,1.875,161.3153138,-5.625,33.44835015,-5.625,76.00500219,1.875,126.4246364,1.875,188.3440763,-5.625,15.84886826,-1.875,276.2364604,5.625,-60.14841328,-1.875,201.5149219,-5.625,-19.2437834,5.625,258.8622556,-1.875,175.4790522,-5.625,94.91875501,1.875,76.36544352,5.625,-17.43845852,1.875,55.48739521,1.875,285.3795736,1.875,136.7659682,5.625,138.5445972,1.875,152.1701761,1.875,184.2598637,5.625,178.1182481,-1.875,113.3891048,1.875,132.3556436,-5.625,99.93546233,5.625,109.386076,-5.625,192.4510894,1.875,216.067081,1.875,270.1622948,1.875,169.2623275,1.875,-78.17763743,-1.875,232.7523579,5.625,-101.168072,-1.875,-93.82930699,-5.625,54.37898539,5.625,243.0614927,1.875,269.1058106,-5.625,82.48968872,-5.625,162.1548258,5.625,-36.66583186,-1.875,205.3547433,5.625,258.8507433,5.625,238.070844,-5.625
-55.15916528,1.875,293.9559763,5.625,27.09986227,5.625,47.33649405,-5.625,215.9953178,-5.625,60.46687025,-5.625,-80.5072131,1.875,162.3231358,-5.625,34.49384573,-5.625,74.91728386,1.875,125.3393729,1.875,189.4196326,-5.625,17.50385209,-1.875,275.3738885,5.625,-59.13085996,-1.875,202.5250236,-5.625,-20.44560451,5.625,260.7313299,-1.875,176.4255417,-5.625,93.86584366,1.875,75.54643608,5.625,-18.84305347,1.875,54.36371925,1.875,284.5429346,1.875,135.7175292,5.625,137.4940621,1.875,151.1532581,1.875,183.17921,5.625,179.6135075,-1.875,112.3698866,1.875,133.3722669,-5.625,98.74405444,5.625,110.1993746,-5.625,191.4029252,1.875,215.0524581,1.875,269.1164961,1.875,168.1795133,1.875,-77.09414666,-1.875,231.7397595,5.625,-100.3012793,-1.875,-91.77240932,-5.625,53.35522609,5.625,242.0793377,1.875,270.1181971,-5.625,83.27696177,-5.625,161.1399369,5.625,-35.39389022,-1.875,204.3086705,5.625,257.7725285,5.625,239.1488332,-5.625
-56.2424917,1.875,291.9413018,5.625,26.04225969,5.625,48.41655147,-5.625,217.0388113,-5.625,61.48119916,-5.625,-81.62635196,1.875,163.3309579,-5.625,35.53934131,-5.625,73.82956553,1.875,124.5239983,1.875,190.4951889,-5.625,19.15883592,-1.875,274.5113167,5.625,-58.11330665,-1.875,203.5351254,-5.625,-21.64742562,5.625,262.6004041,-1.875,177.3720313,-5.625,92.81293232,1.875,74.45633718,5.625,-20.24764841,1.875,53.24004329,1.875,283.7062957,1.875,134.6690903,5.625,136.6258513,1.875,150.1363401,1.875,182.0985563,5.625,181.1087669,-1.875,111.3506684,1.875,134.3888901,-5.625,97.55264654,5.625,111.281875,-5.625,190.354761,1.875,214.0378352,1.875,268.0706975,1.875,167.096699,1.875,-76.10915506,-1.875,230.727161,5.625,-99.25246028,-1.875,-89.71551165,-5.625,52.3314668,5.625,240.9989672,1.875,271.1305837,-5.625,84.32482221,-5.625,160.125048,5.625,-34.12194858,-1.875,203.2625977,5.625,256.6943137,5.625,240.0397334,-5.625
-57.32581812,1.875,289.9266272,5.625,24.98465711,5.625,49.49660888,-5.625,218.0823048,-5.625,62.49552806,-5.625,-82.74549082,1.875,164.33878,-5.625,36.58483689,-5.625,72.7418472,1.875,123.4387348,1.875,191.5707453,-5.625,20.81381975,-1.875,273.6487448,5.625,-57.09575333,-1.875,204.5452271,-5.625,-22.84924674,5.625,264.4694784,-1.875,178.4131698,-5.625,91.76002098,1.875,73.36623828,5.625,-21.65224336,1.875,52.11636733,1.875,282.8696568,1.875,133.6206513,5.625,135.5753162,1.875,149.1194222,1.875,181.2866452,5.625,182.6040263,-1.875,110.3314503,1.875,135.4055134,-5.625,96.36123864,5.625,112.3643755,-5.625,189.3065968,1.875,213.0232122,1.875,267.0248988,1.875,166.2831647,1.875,-75.12416345,-1.875,229.7145626,5.625,-98.20364121,-1.875,-87.65861398,-5.625,51.3077075,5.625,240.0168122,1.875,272.1429702,-5.625,85.37268265,-5.625,159.1101591,5.625,-32.85000693,-1.875,202.5481159,5.625,256.1913185,5.625,241.1177225,-5.625
-58.40914453,1.875,287.9119526,5.625,23.92705453,5.625,50.308072,-5.625,219.0309353,-5.625,63.50985696,-5.625,-83.86462969,1.875,165.3466021,-5.625,37.44888282,-5.625,71.65412887,1.875,122.3534713,1.875,192.3788266,-5.625,22.46880358,-1.875,273.1131555,5.625,-56.07820002,-1.875,205.5553288,-5.625,-24.05106785,5.625,266.3385526,-1.875,179.4543083,-5.625,90.70710964,1.875,72.27613938,5.625,-23.05683831,1.875,50.99269137,1.875,282.0330179,1.875,132.5722124,5.625,134.5247811,1.875,148.1025042,1.875,180.2059915,5.625,184.0992857,-1.875,109.3122321,1.875,136.4221367,-5.625,95.16983074,5.625,113.4468759,-5.625,188.2584326,1.875,212.0085893,1.875,265.9791002,1.875,165.2003504,1.875,-74.04067268,-1.875,228.7019641,5.625,-97.15482215,-1.875,-85.60171631,-5.625,50.2839482,5.625,239.0346572,1.875,273.1553567,-5.625,86.42054308,-5.625,158.0952702,5.625,-31.57806529,-1.875,201.5020431,5.625,255.1131036,5.625,242.1957117,-5.625
-59.49247095,1.875,285.8972781,5.625,22.86945195,5.625,51.38812942,-5.625,220.0744288,-5.625,64.52418586,-5.625,-84.98376855,1.875,166.3544242,-5.625,38.4943784,-5.625,70.56641054,1.875,121.2682078,1.875,193.454383,-5.625,24.12378742,-1.875,272.2505837,5.625,-55.06064671,-1.875,206.5654306,-5.625,-25.25288896,5.625,268.2076269,-1.875,180.4007979,-5.625,89.6541983,1.875,71.45713195,5.625,-24.46143326,1.875,49.86901541,1.875,281.196379,1.875,131.5237734,5.625,133.474246,1.875,147.0855863,1.875,179.1253378,5.625,185.5945451,-1.875,108.2930139,1.875,137.4387599,-5.625,93.97842285,5.625,114.2601745,-5.625,187.2102684,1.875,210.9939663,1.875,265.1148038,1.875,164.1175362,1.875,-73.05568107,-1.875,227.6893657,5.625,-96.10600308,-1.875,-83.54481864,-5.625,49.26018891,5.625,237.9542867,1.875,274.1677433,-5.625,87.46840352,-5.625,157.0803813,5.625,-30.30612365,-1.875,200.4559703,5.625,254.0348888,5.625,243.0866119,-5.625
-60.57579737,1.875,284.8869649,5.625,21.81184937,5.625,52.46818683,-5.625,221.1179223,-5.625,65.53851477,-5.625,-86.10290741,1.875,167.3622463,-5.625,39.53987398,-5.625,69.47869221,1.875,120.4528332,1.875,194.5299393,-5.625,25.77877125,-1.875,271.3880118,5.625,-54.04309339,-1.875,207.5755323,-5.625,-26.45471008,5.625,270.0767011,-1.875,181.4419364,-5.625,88.60128695,1.875,70.36703305,5.625,-25.86602821,1.875,48.74533945,1.875,280.3597401,1.875,130.4753345,5.625,132.4237109,1.875,146.0686683,1.875,178.0446841,5.625,187.0898045,-1.875,107.2737957,1.875,138.4553832,-5.625,92.78701495,5.625,115.342675,-5.625,186.1621043,1.875,209.9793434,1.875,264.0690051,1.875,163.0347219,1.875,-72.07068946,-1.875,226.6767672,5.625,-95.05718402,-1.875,-81.48792098,-5.625,48.23642961,5.625,236.9721317,1.875,275.1801298,-5.625,88.51626396,-5.625,156.0654924,5.625,-29.03418201,-1.875,199.4098975,5.625,252.956674,5.625,244.164601,-5.625
-61.65912379,1.875,283.8766517,5.625,20.75424679,5.625,53.54824425,-5.625,222.0665528,-5.625,66.55284367,-5.625,-87.22204627,1.875,168.3700684,-5.625,40.58536955,-5.625,68.39097389,1.875,119.3675697,1.875,195.6054956,-5.625,27.43375508,-1.875,270.5254399,5.625,-53.02554008,-1.875,208.585634,-5.625,-27.65653119,5.625,271.9457754,-1.875,182.483075,-5.625,87.54837561,1.875,69.27693415,5.625,-27.27062316,1.875,47.62166349,1.875,279.5231011,1.875,129.4268955,5.625,131.3731758,1.875,145.0517503,1.875,177.2327729,5.625,188.5850639,-1.875,106.2545775,1.875,139.4720064,-5.625,91.59560705,5.625,116.4251754,-5.625,185.1139401,1.875,208.9647205,1.875,263.0232065,1.875,162.2211876,1.875,-70.98719869,-1.875,225.6641688,5.625,-94.1903914,-1.875,-79.43102331,-5.625,47.21267031,5.625,235.9899767,1.875,276.1925163,-5.625,89.56412439,-5.625,155.0506035,5.625,-27.76224036,-1.875,198.4589223,5.625,251.8784591,5.625,245.2425902,-5.625
-62.74245021,1.875,282.8663385,5.625,19.69664421,5.625,54.62830166,-5.625,223.1100463,-5.625,67.56717257,-5.625,-88.34118513,1.875,169.3778905,-5.625,41.63086513,-5.625,67.30325556,1.875,118.2823062,1.875,196.413577,-5.625,29.08873891,-1.875,269.6628681,5.625,-52.00798676,-1.875,209.5957358,-5.625,-28.8583523,5.625,273.8148496,-1.875,183.5242135,-5.625,86.49546427,1.875,68.18683525,5.625,-28.67521811,1.875,46.49798753,1.875,278.6864622,1.875,128.3784566,5.625,130.3226408,1.875,144.0348324,1.875,176.1521192,5.625,190.0803233,-1.875,105.2353594,1.875,140.4886297,-5.625,90.40419915,5.625,117.5076759,-5.625,184.3264388,1.875,207.9500975,1.875,261.9774078,1.875,161.1383733,1.875,-70.00220708,-1.875,224.6515703,5.625,-93.14157234,-1.875,-77.37412564,-5.625,46.18891101,5.625,234.9096061,1.875,277.2049029,-5.625,90.61198483,-5.625,154.0357146,5.625,-26.49029872,-1.875,197.4128495,5.625,250.8002443,5.625,246.1334904,-5.625
-63.82577663,1.875,281.8560254,5.625,18.63904163,5.625,55.43976479,-5.625,224.1535399,-5.625,68.58150147,-5.625,-89.460324,1.875,170.3857126,-5.625,42.49491106,-5.625,66.21553723,1.875,117.1970427,1.875,197.4891333,-5.625,30.74372275,-1.875,268.8002962,5.625,-50.99043345,-1.875,210.6058375,-5.625,-30.06017342,5.625,275.6839238,-1.875,184.470703,-5.625,85.44255293,1.875,67.36782781,5.625,-30.07981306,1.875,45.37431157,1.875,277.8498233,1.875,127.3300176,5.625,129.2721057,1.875,143.0179144,1.875,175.0714655,5.625,191.5755827,-1.875,104.2161412,1.875,141.505253,-5.625,89.21279125,5.625,118.3209745,-5.625,183.2782746,1.875,206.9354746,1.875,260.9316092,1.875,160.0555591,1.875,-69.01721548,-1.875,223.6389718,5.625,-92.09275327,-1.875,-75.31722797,-5.625,45.16515172,5.625,233.9274511,1.875,278.2172894,-5.625,91.39925788,-5.625,153.0208257,5.625,-25.21835708,-1.875,196.3667767,5.625,249.7220295,5.625,247.2114796,-5.625
-64.90910305,1.875,280.8457122,5.625,17.58143905,5.625,56.5198222,-5.625,225.1021704,-5.625,69.59583037,-5.625,-90.57946286,1.875,171.3935347,-5.625,43.54040664,-5.625,65.1278189,1.875,116.3816681,1.875,198.5646897,-5.625,32.39870658,-1.875,267.9377243,5.625,-49.97288013,-1.875,211.6159392,-5.625,-31.26199453,5.625,277.5529981,-1.875,185.5118416,-5.625,84.38964159,1.875,66.27772891,5.625,-31.48440801,1.875,44.25063561,1.875,277.0131844,1.875,126.2815787,5.625,128.4038949,1.875,142.0009964,1.875,173.9908118,5.625,193.0708421,-1.875,103.196923,1.875,142.5218762,-5.625,88.02138336,5.625,119.4034749,-5.625,182.2301104,1.875,205.9208517,1.875,259.8858105,1.875,158.9727448,1.875,-67.93372471,-1.875,222.6263734,5.625,-91.04393421,-1.875,-73.2603303,-5.625,44.14139242,5.625,232.9452961,1.875,279.2296759,-5.625,92.44711832,-5.625,152.0059367,5.625,-23.94641543,-1.875,195.3207039,5.625,248.6438146,5.625,248.2894687,-5.625
-65.99242946,1.875,280.0866489,5.625,16.52383647,5.625,57.59987962,-5.625,226.1456639,-5.625,70.61015928,-5.625,-91.69860172,1.875,172.4013568,-5.625,44.58590222,-5.625,64.04010057,1.875,115.2964046,1.875,199.640246,-5.625,34.05369041,-1.875,267.0751524,5.625,-48.95532682,-1.875,212.626041,-5.625,-32.46381564,5.625,279.4220723,-1.875,186.5529801,-5.625,83.33673024,1.875,65.18763001,5.625,-32.88900296,1.875,43.12695965,1.875,276.1765455,1.875,125.2331397,5.625,127.3533598,1.875,140.9840785,1.875,173.1789007,5.625,194.5661015,-1.875,102.1777048,1.875,143.5384995,-5.625,86.82997546,5.625,120.4859754,-5.625,181.1819462,1.875,204.9062287,1.875,259.0215141,1.875,158.1592105,1.875,-66.9487331,-1.875,221.6137749,5.625,-89.99511515,-1.875,-71.20343263,-5.625,43.11763312,5.625,231.8649256,1.875,280.2420625,-5.625,93.49497876,-5.625,150.9910478,5.625,-22.67447379,-1.875,194.3697287,5.625,247.5655998,5.625,249.1803689,-5.625
-67.07575588,1.875,279.0763358,5.625,15.46623389,5.625,58.67993703,-5.625,227.1891574,-5.625,71.62448818,-5.625,-92.81774058,1.875,173.4091789,-5.625,45.6313978,-5.625,62.95238224,1.875,114.2111411,1.875,200.4483274,-5.625,35.70867424,-1.875,266.2125806,5.625,-47.93777351,-1.875,213.6361427,-5.625,-33.66563676,5.625,281.2911466,-1.875,187.5941186,-5.625,82.2838189,1.875,64.09753111,5.625,-34.29359791,1.875,42.00328369,1.875,275.3399066,1.875,124.1847008,5.625,126.3028247,1.875,139.9671605,1.875,172.098247,5.625,196.0613609,-1.875,101.1584866,1.875,144.5551228,-5.625,85.63856756,5.625,121.5684758,-5.625,180.133782,1.875,203.8916058,1.875,257.9757155,1.875,157.0763962,1.875,-65.96374149,-1.875,220.6011765,5.625,-88.94629608,-1.875,-69.14653496,-5.625,42.09387382,5.625,230.8827706,1.875,281.254449,-5.625,94.54283919,-5.625,149.9761589,5.625,-21.40253215,-1.875,193.3236559,5.625,246.8291645,5.625,250.2583581,-5.625
-68.1590823,1.875,278.3172725,5.625,14.40863131,5.625,59.49140015,-5.625,228.1377879,-5.625,72.63881708,-5.625,-93.93687944,1.875,174.4170009,-5.625,46.67689337,-5.625,61.86466391,1.875,113.1258776,1.875,201.5238837,-5.625,37.36365807,-1.875,265.4284243,5.625,-46.92022019,-1.875,214.6462444,-5.625,-34.86745787,5.625,283.1602208,-1.875,188.5406082,-5.625,81.23090756,1.875,63.00743221,5.625,-35.69819286,1.875,40.87960774,1.875,274.5032676,1.875,123.1362618,5.625,125.2522896,1.875,138.9502426,1.875,171.0175933,5.625,197.5566203,-1.875,100.1392685,1.875,145.571746,-5.625,84.44715966,5.625,122.3817745,-5.625,179.0856178,1.875,202.8769829,1.875,256.9299168,1.875,155.993582,1.875,-64.88025072,-1.875,219.588578,5.625,-88.07950347,-1.875,-67.08963729,-5.625,41.07011453,5.625,229.9006156,1.875,282.2668355,-5.625,95.59069963,-5.625,148.96127,5.625,-20.13059051,-1.875,192.2775831,5.625,245.7509497,5.625,251.1492582,-5.625
-69.24240872,1.875,277.5582093,5.625,13.35102873,5.625,60.57145757,-5.625,229.1812814,-5.625,73.65314598,-5.625,-95.05601831,1.875,175.424823,-5.625,47.72238895,-5.625,60.77694559,1.875,112.3105031,1.875,202.59944,-5.625,39.01864191,-1.875,264.5658525,5.625,-45.90266688,-1.875,215.6563462,-5.625,-36.06927898,5.625,285.0292951,-1.875,189.4870978,-5.625,80.17799622,1.875,62.18842477,5.625,-37.10278781,1.875,39.75593178,1.875,273.6666287,1.875,122.0878229,5.625,124.3840788,1.875,137.9333246,1.875,169.9369396,5.625,199.0518797,-1.875,99.12005028,1.875,146.5883693,-5.625,83.25575176,5.625,123.4642749,-5.625,178.0374537,1.875,201.8623599,1.875,255.8841182,1.875,154.9107677,1.875,-63.89525911,-1.875,218.5759796,5.625,-87.0306844,-1.875,-65.03273962,-5.625,40.04635523,5.625,228.8202451,1.875,283.2792221,-5.625,96.63856006,-5.625,147.9463811,5.625,-18.85864886,-1.875,191.2315103,5.625,244.6727349,5.625,252.2272474,-5.625
-70.32573514,1.875,276.799146,5.625,12.29342615,5.625,61.65151498,-5.625,230.1299119,-5.625,74.66747489,-5.625,-96.17515717,1.875,176.4326451,-5.625,48.76788453,-5.625,59.68922726,1.875,111.2252395,1.875,203.6749964,-5.625,40.67362574,-1.875,263.7032806,5.625,-44.88511356,-1.875,216.6664479,-5.625,-37.2711001,5.625,286.8983693,-1.875,190.5282363,-5.625,79.12508487,1.875,61.09832587,5.625,-38.50738275,1.875,38.63225582,1.875,272.8299898,1.875,121.0393839,5.625,123.3335437,1.875,136.9164066,1.875,169.1250285,5.625,200.5471391,-1.875,98.1008321,1.875,147.6049925,-5.625,82.06434387,5.625,124.5467754,-5.625,176.9892895,1.875,200.847737,1.875,254.8383196,1.875,154.0972334,1.875,-62.91026751,-1.875,217.5633811,5.625,-85.98186534,-1.875,-62.97584195,-5.625,39.02259593,5.625,227.8380901,1.875,284.2916086,-5.625,97.6864205,-5.625,146.9314922,5.625,-17.58670722,-1.875,190.280535,5.625,243.59452,5.625,253.3052366,-5.625
-71.40906156,1.875,275.7888328,5.625,11.23582357,5.625,62.7315724,-5.625,231.1734054,-5.625,75.68180379,-5.625,-97.29429603,1.875,177.4404672,-5.625,49.81338011,-5.625,58.60150893,1.875,110.139976,1.875,204.4830777,-5.625,42.32860957,-1.875,262.8407087,5.625,-43.86756025,-1.875,217.6765496,-5.625,-38.47292121,5.625,288.7674436,-1.875,191.5693748,-5.625,78.07217353,1.875,60.00822697,5.625,-39.9119777,1.875,37.50857986,1.875,271.9933509,1.875,119.990945,5.625,122.2830086,1.875,135.8994887,1.875,168.0443747,5.625,202.0423985,-1.875,97.08161392,1.875,148.6216158,-5.625,80.87293597,5.625,125.6292758,-5.625,176.2017882,1.875,199.833114,1.875,253.7925209,1.875,153.0144191,1.875,-61.82677674,-1.875,216.5507826,5.625,-84.93304627,-1.875,-60.91894428,-5.625,37.99883664,5.625,226.8559351,1.875,285.3039951,-5.625,98.73428094,-5.625,145.9166033,5.625,-16.31476558,-1.875,189.2344623,5.625,242.5163052,5.625,254.1961367,-5.625
-72.49238797,1.875,275.0297696,5.625,10.17822099,5.625,63.54303552,-5.625,232.2168989,-5.625,76.69613269,-5.625,-98.41343489,1.875,178.4482893,-5.625,50.67742604,-5.625,57.5137906,1.875,109.0547125,1.875,205.5586341,-5.625,43.9835934,-1.875,261.9781368,5.625,-42.85000693,-1.875,218.6866514,-5.625,-39.67474233,5.625,290.6365178,-1.875,192.5158644,-5.625,77.01926219,1.875,58.91812807,5.625,-41.31657265,1.875,36.3849039,1.875,270.9810178,1.875,118.942506,5.625,121.2324735,1.875,134.8825707,1.875,166.963721,5.625,203.5376579,-1.875,96.06239574,1.875,149.6382391,-5.625,79.68152807,5.625,126.4425744,-5.625,175.153624,1.875,198.8184911,1.875,252.9282245,1.875,151.9316049,1.875,-60.84178513,-1.875,215.5381842,5.625,-83.88422721,-1.875,-58.86204661,-5.625,36.97507734,5.625,225.7755646,1.875,286.3163817,-5.625,99.52155399,-5.625,144.9017144,5.625,-15.04282393,-1.875,188.1883895,5.625,241.77987,5.625,255.2741259,-5.625
-73.57571439,1.875,274.0194564,5.625,9.120618408,5.625,64.62309293,-5.625,233.1655294,-5.625,77.71046159,-5.625,-99.53257375,1.875,179.4561114,-5.625,51.72292162,-5.625,56.42607227,1.875,108.239338,1.875,206.6341904,-5.625,45.63857724,-1.875,261.1939806,5.625,-41.83245362,-1.875,219.6967531,-5.625,-40.87656344,5.625,292.5055921,-1.875,193.5570029,-5.625,75.96635085,1.875,58.09912064,5.625,-42.7211676,1.875,35.26122794,1.875,269.9686847,1.875,117.8940671,5.625,120.3642627,1.875,133.8656527,1.875,165.8830673,5.625,205.0329173,-1.875,95.04317756,1.875,150.6548623,-5.625,78.49012017,5.625,127.5250749,-5.625,174.1054598,1.875,197.8038682,1.875,251.8824259,1.875,150.8487906,1.875,-59.85679352,-1.875,214.5255857,5.625,-82.83540814,-1.875,-56.80514894,-5.625,35.95131804,5.625,224.7934096,1.875,287.3287682,-5.625,100.5694144,-5.625,143.8868255,5.625,-13.77088229,-1.875,187.1423167,5.625,240.7016551,5.625,256.3521151,-5.625
-74.65904081,1.875,273.2603932,5.625,8.063015829,5.625,65.70315035,-5.625,234.2090229,-5.625,78.7247905,-5.625,300,1.875,180.4639335,-5.625,52.7684172,-5.625,55.33835394,1.875,107.1540744,1.875,207.7097467,-5.625,47.29356107,-1.875,260.3314087,5.625,-40.81490031,-1.875,220.7068548,-5.625,-42.07838455,5.625,294.3746663,-1.875,194.5981414,-5.625,74.91343951,1.875,57.00902174,5.625,-44.12576255,1.875,34.13755198,1.875,268.9563516,1.875,116.8456281,5.625,119.3137276,1.875,132.8487348,1.875,165.0711562,5.625,206.5281767,-1.875,94.02395938,1.875,151.6714856,-5.625,77.29871228,5.625,128.6075753,-5.625,173.0572956,1.875,196.7892452,1.875,250.8366272,1.875,149.7659764,1.875,-58.77330275,-1.875,213.5129873,5.625,-81.96861553,-1.875,-54.74825127,-5.625,34.92755874,5.625,223.8112546,1.875,288.3411547,-5.625,101.6172749,-5.625,142.8719366,5.625,-12.49894065,-1.875,186.1913414,5.625,239.6234403,5.625,257.2430152,-5.625
-75.74236723,1.875,272.5013299,5.625,7.005413249,5.625,66.78320777,-5.625,235.2525165,-5.625,79.7391194,-5.625,297.2669888,1.875,181.4717556,-5.625,53.81391277,-5.625,54.25063561,1.875,106.0688109,1.875,208.5178281,-5.625,48.9485449,-1.875,259.4688369,5.625,-39.79734699,-1.875,221.7169566,-5.625,-43.28020567,5.625,296.2437406,-1.875,195.6392799,-5.625,73.86052816,1.875,55.91892284,5.625,-45.5303575,1.875,33.01387602,1.875,267.9440185,1.875,115.7971892,5.625,118.2631926,1.875,131.8318168,1.875,163.9905025,5.625,208.0234361,-1.875,93.00474121,1.875,152.6881089,-5.625,76.10730438,5.625,129.6900758,-5.625,172.0091314,1.875,195.7746223,1.875,249.7908286,1.875,148.952442,1.875,-57.78831114,-1.875,212.5003888,5.625,-80.91979646,-1.875,-52.6913536,-5.625,33.90379945,5.625,222.7308841,1.875,289.3535413,-5.625,102.6651353,-5.625,141.8570477,5.625,-11.22699901,-1.875,185.1452686,5.625,238.5452254,5.625,258.3210044,-5.625
-76.82569365,1.875,271.4910167,5.625,5.947810669,5.625,67.59467089,-5.625,236.201147,-5.625,80.7534483,-5.625,294.5339776,1.875,182.4795777,-5.625,54.67795871,-5.625,53.16291728,1.875,104.9835474,1.875,209.5933844,-5.625,50.60352873,-1.875,258.606265,5.625,-38.77979368,-1.875,222.7270583,-5.625,-44.48202678,5.625,298.1128148,-1.875,196.5857695,-5.625,72.80761682,1.875,54.82882394,5.625,-46.93495245,1.875,31.89020006,1.875,266.9316854,1.875,114.7487502,5.625,117.2126575,1.875,130.8148989,1.875,162.9098488,5.625,209.5186955,-1.875,91.98552303,1.875,153.7047321,-5.625,74.91589648,5.625,130.5033744,-5.625,170.9609672,1.875,194.7599994,1.875,248.7450299,1.875,147.8696278,1.875,-56.80331953,-1.875,211.4877904,5.625,-79.8709774,-1.875,-50.63445593,-5.625,32.88004015,5.625,221.7487291,1.875,290.3659278,-5.625,103.7129957,-5.625,140.8421588,5.625,-9.955057363,-1.875,184.0991959,5.625,237.4670106,5.625,259.3989936,-5.625
-77.90902007,1.875,270.7319535,5.625,4.890208089,5.625,68.6747283,-5.625,237.2446405,-5.625,81.7677772,-5.625,291.8009664,1.875,183.4873998,-5.625,55.72345428,-5.625,52.07519896,1.875,104.1681729,1.875,210.6689408,-5.625,52.25851256,-1.875,257.7436931,5.625,-37.76224036,-1.875,223.73716,-5.625,-45.68384789,5.625,299.9818891,-1.875,197.626908,-5.625,71.75470548,1.875,54.0098165,5.625,-48.3395474,1.875,30.7665241,1.875,265.9193523,1.875,113.7003113,5.625,116.1621224,1.875,129.7979809,1.875,161.8291951,5.625,211.0139549,-1.875,90.96630485,1.875,154.7213554,-5.625,73.72448858,5.625,131.5858748,-5.625,169.9128031,1.875,193.7453764,1.875,248.0307354,1.875,146.7868135,1.875,-55.71982877,-1.875,210.4751919,5.625,-78.82215833,-1.875,-48.57755827,-5.625,31.85628085,5.625,220.7665741,1.875,291.3783143,-5.625,104.7608562,-5.625,139.8272699,5.625,-8.68311572,-1.875,183.0531231,5.625,236.7305754,5.625,260.2898937,-5.625
-78.99234649,1.875,269.9728903,5.625,3.832605509,5.625,69.75478572,-5.625,238.288134,-5.625,82.7821061,-5.625,289.0679553,1.875,184.4952219,-5.625,56.76894986,-5.625,50.98748063,1.875,103.0829093,1.875,211.7444971,-5.625,53.9134964,-1.875,256.9595369,5.625,-36.74468705,-1.875,224.7472618,-5.625,-46.88566901,5.625,300,5.625,198.6680466,-5.625,70.70179414,1.875,52.9197176,5.625,-49.74414235,1.875,29.64284814,1.875,265.0827134,1.875,112.6518723,5.625,115.1115873,1.875,128.7810629,1.875,160.7485414,5.625,212.5092143,-1.875,89.94708667,1.875,155.7379787,-5.625,72.53308068,5.625,132.6683753,-5.625,168.8646389,1.875,192.7307535,1.875,246.9849367,1.875,145.7039993,1.875,-54.73483716,-1.875,209.4625934,5.625,-77.77333927,-1.875,-46.5206606,-5.625,30.83252155,5.625,219.6862036,1.875,292.3907009,-5.625,105.8087166,-5.625,138.812381,5.625,-7.411174077,-1.875,182.0070503,5.625,235.6523605,5.625,261.3678829,-5.625
-80.0756729,1.875,268.9625771,5.625,2.775002929,5.625,70.83484313,-5.625,239.3316275,-5.625,83.79643501,-5.625,286.3349441,1.875,185.5030439,-5.625,57.81444544,-5.625,49.8997623,1.875,101.9976458,1.875,212.8200534,-5.625,55.56848023,-1.875,256.096965,5.625,-35.72713373,-1.875,225.7573635,-5.625,-48.08749012,5.625,297.2874105,5.625,199.7091851,-5.625,69.6488828,1.875,51.8296187,5.625,-51.1487373,1.875,28.51917218,1.875,264.0703803,1.875,111.6034334,5.625,114.0610522,1.875,127.764145,1.875,159.9366303,5.625,214.0044737,-1.875,88.92786849,1.875,156.7546019,-5.625,71.34167279,5.625,133.7508757,-5.625,167.8164747,1.875,191.7161306,1.875,245.9391381,1.875,144.8904649,1.875,-53.83939024,-1.875,208.449995,5.625,-76.72452021,-1.875,-44.46376293,-5.625,29.80876226,5.625,218.7040486,1.875,293.4030874,-5.625,106.856577,-5.625,137.7974921,5.625,-6.139232434,-1.875,181.056075,5.625,234.5741457,5.625,262.4458721,-5.625
-81.15899932,1.875,268.2035138,5.625,1.71740035,5.625,71.64630625,-5.625,240.3751211,-5.625,84.81076391,-5.625,283.6019329,1.875,186.510866,-5.625,58.85994102,-5.625,48.81204397,1.875,100.9123823,1.875,213.6281348,-5.625,57.22346406,-1.875,255.2343931,5.625,-34.70958042,-1.875,226.7674652,-5.625,-49.28931123,5.625,294.5748209,5.625,200.7503236,-5.625,68.59597145,1.875,50.7395198,5.625,-52.55333225,1.875,27.39549622,1.875,263.0580473,1.875,110.5549944,5.625,113.0105171,1.875,126.747227,1.875,158.8559766,5.625,215.4997331,-1.875,87.90865031,1.875,157.7712252,-5.625,70.15026489,5.625,134.8333762,-5.625,167.0289734,1.875,190.7015076,1.875,244.8933394,1.875,143.8076506,1.875,-52.75589947,-1.875,207.4373965,5.625,-75.85772759,-1.875,-42.40686526,-5.625,28.78500296,5.625,217.7218936,1.875,294.4154739,-5.625,107.9044375,-5.625,136.7826032,5.625,-4.867290791,-1.875,180.0100022,5.625,233.4959309,5.625,263.3367723,-5.625
-82.24232574,1.875,267.4444506,5.625,0.65979777,5.625,72.72636367,-5.625,241.4186146,-5.625,85.82509281,-5.625,280.8689217,1.875,187.5186881,-5.625,59.9054366,-5.625,47.72432564,1.875,99.82711879,1.875,214.7036911,-5.625,58.87844789,-1.875,254.3718213,5.625,-33.69202711,-1.875,227.777567,-5.625,-50.49113235,5.625,291.8622314,5.625,201.6968132,-5.625,67.54306011,1.875,49.92051236,5.625,-53.9579272,1.875,26.27182026,1.875,262.0457142,1.875,109.5065555,5.625,111.959982,1.875,125.7303091,1.875,157.7753229,5.625,216.9949925,-1.875,86.88943213,1.875,158.7878484,-5.625,68.95885699,5.625,135.6466748,-5.625,165.9808092,1.875,189.6868847,1.875,243.8475408,1.875,142.7248364,1.875,-51.6724087,-1.875,206.4247981,5.625,-74.80890853,-1.875,-40.34996759,-5.625,27.76124366,5.625,216.6415231,1.875,295.4278605,-5.625,108.6917105,-5.625,135.7677143,5.625,-3.595349148,-1.875,178.9639295,5.625,232.417716,5.625,264.4147614,-5.625
-83.32565216,1.875,266.4341374,5.625,-0.39780481,5.625,73.80642108,-5.625,242.3672451,-5.625,86.83942171,-5.625,278.1359105,1.875,188.5265102,-5.625,60.95093217,-5.625,46.63660731,1.875,99.01174425,1.875,215.7792475,-5.625,60.53343173,-1.875,253.5092494,5.625,-32.67447379,-1.875,228.7876687,-5.625,-51.69295346,5.625,289.1496419,5.625,202.7379517,-5.625,66.49014877,1.875,48.83041346,5.625,-55.36252214,1.875,25.1481443,1.875,261.0333811,1.875,108.4581165,5.625,111.0917712,1.875,124.7133911,1.875,156.6946692,5.625,218.4902519,-1.875,85.87021395,1.875,159.8044717,-5.625,67.76744909,5.625,136.7291752,-5.625,164.932645,1.875,188.6722618,1.875,242.8017421,1.875,141.6420222,1.875,-50.77696179,-1.875,205.4121996,5.625,-73.76008946,-1.875,-38.29306992,-5.625,26.73748437,5.625,215.6593681,1.875,296.440247,-5.625,109.739571,-5.625,134.7528254,5.625,-2.323407505,-1.875,177.9178567,5.625,231.3395012,5.625,265.4927506,-5.625
-84.40897858,1.875,265.6750742,5.625,-1.45540739,5.625,74.8864785,-5.625,243.4107386,-5.625,87.85375062,-5.625,275.4028993,1.875,189.5343323,-5.625,61.99642775,-5.625,45.54888898,1.875,97.92648073,1.875,216.8548038,-5.625,62.18841556,-1.875,252.4655374,5.625,-31.65692048,-1.875,229.7977704,-5.625,-52.89477457,5.625,286.4370524,5.625,203.7790902,-5.625,65.43723743,1.875,47.74031456,5.625,-56.76711709,1.875,24.02446835,1.875,260.021048,1.875,107.4096776,5.625,110.0412361,1.875,123.6964731,1.875,155.882758,5.625,219.9855113,-1.875,84.85099577,1.875,160.821095,-5.625,66.5760412,5.625,137.8116757,-5.625,163.8844808,1.875,187.6576388,1.875,241.7559435,1.875,140.8284878,1.875,-49.69347102,-1.875,204.3996012,5.625,-72.89329685,-1.875,-36.23617225,-5.625,25.71372507,5.625,214.6772131,1.875,297.4526335,-5.625,110.7874314,-5.625,133.7379365,5.625,-1.051465863,-1.875,176.9668814,5.625,230.6700146,5.625,266.3836508,-5.625
-85.492305,1.875,264.664761,5.625,-2.51300997,5.625,75.69794162,-5.625,244.4542321,-5.625,88.86807952,-5.625,272.6698881,1.875,190.5421544,-5.625,62.86047368,-5.625,44.46117066,1.875,96.84121721,1.875,217.6628852,-5.625,63.84339939,-1.875,251.7526681,5.625,-30.63936716,-1.875,230.8078722,-5.625,-54.09659569,5.625,283.7244628,5.625,204.8202287,-5.625,64.38432608,1.875,46.65021566,5.625,-58.17171204,1.875,22.90079239,1.875,259.0087149,1.875,106.3612386,5.625,108.9907011,1.875,122.6795552,1.875,154.8021043,5.625,221.4807707,-1.875,83.83177759,1.875,161.8377182,-5.625,65.3846333,5.625,138.8941761,-5.625,162.8363166,1.875,186.6430159,1.875,240.7101449,1.875,139.7456735,1.875,-48.60998025,-1.875,203.3870027,5.625,-71.84447778,-1.875,-34.17927458,-5.625,24.68996577,5.625,213.5968426,1.875,298.4650201,-5.625,111.8352918,-5.625,132.7230476,5.625,0.22047578,-1.875,175.9208086,5.625,229.5917998,5.625,267.4616399,-5.625
-86.57563141,1.875,263.9056977,5.625,-3.57061255,5.625,76.77799904,-5.625,245.4028626,-5.625,89.88240842,-5.625,271.5919559,1.875,191.5499765,-5.625,63.90596926,-5.625,43.37345233,1.875,95.7559537,1.875,218.7384415,-5.625,65.49838322,-1.875,250.7089562,5.625,-29.62181385,-1.875,231.8179739,-5.625,-55.2984168,5.625,281.0118733,5.625,205.7667183,-5.625,63.33141474,1.875,45.83120822,5.625,-59.57630699,1.875,21.77711643,1.875,257.9963818,1.875,105.3127997,5.625,107.940166,1.875,121.6626372,1.875,153.7214506,5.625,222.9760301,-1.875,82.81255941,1.875,162.8543415,-5.625,64.1932254,5.625,139.7074748,-5.625,161.7881525,1.875,185.6283929,1.875,239.6643462,1.875,138.6628593,1.875,-47.71453333,-1.875,202.3744042,5.625,-70.79565872,-1.875,-32.12237691,-5.625,23.66620647,5.625,212.6146876,1.875,299.4774066,-5.625,112.8831523,-5.625,131.7081587,5.625,1.492417423,-1.875,174.8747358,5.625,228.5135849,5.625,268.5396291,-5.625
-87.65895783,1.875,262.8953846,5.625,-4.628215129,5.625,77.85805645,-5.625,246.4463561,-5.625,90.89673732,-5.625,270.5140236,1.875,192.5577986,-5.625,64.95146484,-5.625,42.285734,1.875,94.94057915,1.875,219.8139978,-5.625,67.15336706,-1.875,249.6652442,5.625,-28.60426053,-1.875,232.8280756,-5.625,-56.50023791,5.625,278.2992838,5.625,206.7132079,-5.625,62.2785034,1.875,44.74110932,5.625,-60.98090194,1.875,20.65344047,1.875,256.9840487,1.875,104.2643607,5.625,107.0719552,1.875,120.6457192,1.875,152.6407969,5.625,224.4712895,-1.875,81.79334123,1.875,163.8709648,-5.625,63.0018175,5.625,140.7899752,-5.625,160.7399883,1.875,184.61377,1.875,238.6185476,1.875,137.580045,1.875,-46.63104256,-1.875,201.3618058,5.625,-69.74683965,-1.875,-30.06547924,-5.625,22.64244718,5.625,211.6325326,1.875,-100,-5.625,113.9310127,-5.625,130.6932698,5.625,2.764359066,-1.875,173.828663,5.625,227.4353701,5.625,269.4305293,-5.625
-88.74228425,1.875,261.8850714,5.625,-5.685817709,5.625,78.93811387,-5.625,247.4898497,-5.625,91.91106622,-5.625,269.4360913,1.875,193.5656207,-5.625,65.99696042,-5.625,41.19801567,1.875,93.85531564,1.875,220.8895541,-5.625,68.80835089,-1.875,248.6215322,5.625,-27.58670722,-1.875,233.8381774,-5.625,-57.70205903,5.625,275.5866942,5.625,207.7543464,-5.625,61.22559206,1.875,43.65101042,5.625,-62.38549689,1.875,19.52976451,1.875,255.9717156,1.875,103.2159218,5.625,106.0214201,1.875,119.6288013,1.875,151.8288858,5.625,225.9665489,-1.875,80.77412306,1.875,164.887588,-5.625,61.8104096,5.625,141.8724757,-5.625,159.6918241,1.875,183.5991471,1.875,237.7542512,1.875,136.7665107,1.875,-45.54755179,-1.875,200.3492073,5.625,-68.69802059,-1.875,-28.00858157,-5.625,21.61868788,5.625,210.5521621,1.875,-97.13327885,-5.625,114.9788732,-5.625,129.6783809,5.625,4.036300709,-1.875,173.1141813,5.625,226.3571552,5.625,270.5085185,-5.625
-89.82561067,1.875,260.8747582,5.625,-6.743420289,5.625,79.74957699,-5.625,248.4384801,-5.625,92.92539513,-5.625,268.358159,1.875,194.5734428,-5.625,66.86100635,-5.625,40.11029734,1.875,92.77005212,1.875,221.6976355,-5.625,70.46333472,-1.875,247.5778203,5.625,-26.56915391,-1.875,234.8482791,-5.625,-58.90388014,5.625,272.8741047,5.625,208.7954849,-5.625,60.17268072,1.875,42.56091153,5.625,-63.79009184,1.875,18.40608855,1.875,254.9593825,1.875,102.1674828,5.625,104.970885,1.875,118.6118833,1.875,150.7482321,5.625,227.4618083,-1.875,79.75490488,1.875,165.9042113,-5.625,60.61900171,5.625,142.9549761,-5.625,158.9043228,1.875,182.5845241,1.875,236.7084525,1.875,135.6836964,1.875,-44.65210488,-1.875,199.3366089,5.625,-67.64920152,-1.875,-25.9516839,-5.625,20.59492858,5.625,209.5700071,1.875,-94.26655769,-5.625,116.0267336,-5.625,128.663492,5.625,5.308242352,-1.875,172.0681085,5.625,225.2789404,5.625,271.5865076,-5.625
-90.90893709,1.875,259.864445,5.625,-7.801022869,5.625,80.8296344,-5.625,249.4819737,-5.625,93.93972403,-5.625,267.2802268,1.875,195.5812649,-5.625,67.90650193,-5.625,39.02257901,1.875,91.6847886,1.875,222.7731919,-5.625,72.11831855,-1.875,246.5341083,5.625,-25.55160059,-1.875,235.8583808,-5.625,-60.10570125,5.625,271.7983232,5.625,209.7419745,-5.625,59.11976937,1.875,41.74190409,5.625,-65.19468679,1.875,17.28241259,1.875,253.9470494,1.875,101.1190439,5.625,103.9203499,1.875,117.5949654,1.875,149.6675784,5.625,228.9570676,-1.875,78.7356867,1.875,166.9208345,-5.625,59.42759381,5.625,143.7682747,-5.625,157.8561586,1.875,181.5699012,1.875,235.6626539,1.875,134.6008822,1.875,-43.56861411,-1.875,198.3240104,5.625,-66.78240891,-1.875,-23.89478623,-5.625,19.57116928,5.625,208.5878521,1.875,-91.39983654,-5.625,116.8140066,-5.625,127.6486031,5.625,6.580183995,-1.875,171.0220357,5.625,224.5425052,5.625,272.6644968,-5.625
-91.99226351,1.875,258.8541318,5.625,-8.858625449,5.625,81.90969182,-5.625,250.5254672,-5.625,94.95405293,-5.625,266.2022945,1.875,196.5890869,-5.625,68.9519975,-5.625,37.93486068,1.875,90.86941406,1.875,223.8487482,-5.625,73.77330238,-1.875,245.7499521,5.625,-24.53404728,-1.875,236.8684826,-5.625,-61.30752237,5.625,270.9900727,5.625,210.783113,-5.625,58.06685803,1.875,40.65180519,5.625,-66.59928174,1.875,16.15873663,1.875,252.9347164,1.875,100.0706049,5.625,102.8698148,1.875,116.5780474,1.875,148.5869247,5.625,230.452327,-1.875,77.71646852,1.875,167.9374578,-5.625,58.37237807,5.625,144.8507752,-5.625,156.8079944,1.875,180.5552783,1.875,234.6168552,1.875,133.5180679,1.875,-42.48512334,-1.875,197.311412,5.625,-65.73358984,-1.875,-21.83788856,-5.625,18.54740999,5.625,207.5074816,1.875,-88.53311539,-5.625,117.8618671,-5.625,126.6337142,5.625,7.852125637,-1.875,169.9759629,5.625,223.4642903,5.625,273.742486,-5.625
-93.07558993,1.875,257.8438187,5.625,-9.916228028,5.625,82.98974923,-5.625,251.5689607,-5.625,95.96838183,-5.625,265.1243622,1.875,197.596909,-5.625,69.99749308,-5.625,36.84714236,1.875,89.78415054,1.875,224.9243045,-5.625,75.42828622,-1.875,244.7062401,5.625,-23.51649396,-1.875,237.8785843,-5.625,-62.50934348,5.625,269.9142912,5.625,211.8242515,-5.625,57.01394669,1.875,39.56170629,5.625,-68.00387669,1.875,15.03506067,1.875,251.9223833,1.875,99.02216599,5.625,101.8192797,1.875,115.5611294,1.875,147.7750136,5.625,231.9475864,-1.875,76.69725034,1.875,168.9540811,-5.625,57.31716234,5.625,145.9332756,-5.625,155.7598302,1.875,179.5406553,1.875,233.5710566,1.875,132.7045336,1.875,-41.58967642,-1.875,196.2988135,5.625,-64.68477078,-1.875,-19.78099089,-5.625,17.52365069,5.625,206.5253266,1.875,-85.66639424,-5.625,118.9097275,-5.625,125.6188253,5.625,9.12406728,-1.875,169.0249876,5.625,222.3860755,5.625,274.8204752,-5.625
-94.15891634,1.875,256.8335055,5.625,-10.97383061,5.625,83.80121236,-5.625,252.6124542,-5.625,96.98271074,-5.625,264.0464299,1.875,198.6047311,-5.625,70.86153901,-5.625,35.75942403,1.875,88.69888702,1.875,225.7323859,-5.625,77.08327005,-1.875,243.6625281,5.625,-22.49894065,-1.875,238.888686,-5.625,-63.71116459,5.625,268.8385097,5.625,212.8653901,-5.625,55.96103535,1.875,38.47160739,5.625,-69.40847164,1.875,13.91138471,1.875,250.9100502,1.875,97.97372704,5.625,100.7687447,1.875,114.5442115,1.875,146.6943599,5.625,233.4428458,-1.875,75.67803216,1.875,169.9707043,-5.625,56.2619466,5.625,147.0157761,-5.625,154.711666,1.875,178.5260324,1.875,232.5252579,1.875,131.6217193,1.875,-40.50618565,-1.875,195.286215,5.625,-63.63595172,-1.875,-17.72409322,-5.625,16.49989139,5.625,205.5431716,1.875,-82.79967308,-5.625,119.957588,-5.625,124.6039363,5.625,10.39600892,-1.875,167.9789149,5.625,221.3078607,5.625,275.8984644,-5.625
-95.24224276,1.875,255.8231923,5.625,-12.03143319,5.625,84.88126977,-5.625,253.6559478,-5.625,97.99703964,-5.625,262.9684977,1.875,199.6125532,-5.625,71.90703459,-5.625,34.6717057,1.875,87.61362351,1.875,226.8079422,-5.625,78.73825388,-1.875,242.6188162,5.625,-21.48138733,-1.875,239.8987878,-5.625,-64.91298571,5.625,267.7627283,5.625,213.8118796,-5.625,54.90812401,1.875,37.65259995,5.625,-70.81306659,1.875,12.78770875,1.875,249.8977171,1.875,96.92528809,5.625,99.71820957,1.875,113.5272935,1.875,145.6137062,5.625,234.9381052,-1.875,74.65881398,1.875,170.9873276,-5.625,55.20673087,5.625,147.8290747,-5.625,153.6635019,1.875,177.5114095,1.875,231.6609615,1.875,130.5389051,1.875,-39.42269488,-1.875,194.2736166,5.625,-62.58713265,-1.875,-15.66719556,-5.625,15.4761321,5.625,204.4628011,1.875,-79.93295193,-5.625,121.0054484,-5.625,123.5890474,5.625,11.66795057,-1.875,166.9328421,5.625,220.2296458,5.625,276.9764535,-5.625
-96.32556918,1.875,254.8128791,5.625,-13.08903577,5.625,85.96132719,-5.625,254.6994413,-5.625,99.01136854,-5.625,261.8905654,1.875,200.6203753,-5.625,72.95253017,-5.625,33.58398737,1.875,86.79824896,1.875,227.8834986,-5.625,80.39323771,-1.875,241.5751042,5.625,-20.46383402,-1.875,240.9088895,-5.625,-66.11480682,5.625,266.9544777,5.625,214.7583692,-5.625,53.85521266,1.875,36.56250105,5.625,-72.21766153,1.875,11.66403279,1.875,248.885384,1.875,95.87684914,5.625,98.84999876,1.875,112.5103755,1.875,144.5330525,5.625,236.4333646,-1.875,73.6395958,1.875,172.0039509,-5.625,54.15151513,5.625,148.9115751,-5.625,152.6153377,1.875,176.4967865,1.875,230.6151629,1.875,129.4560908,1.875,-38.52724797,-1.875,193.2610181,5.625,-61.53831359,-1.875,-13.61029789,-5.625,14.4523728,5.625,203.4806461,1.875,-77.06623078,-5.625,122.0533088,-5.625,122.5741585,5.625,12.93989221,-1.875,165.8867693,5.625,219.4932106,5.625,278.0544427,-5.625
-97.4088956,1.875,253.8025659,5.625,-14.14663835,5.625,87.0413846,-5.625,255.7429348,-5.625,100.0256974,-5.625,260.8126331,1.875,201.6281974,-5.625,73.99802575,-5.625,32.49626904,1.875,85.71298545,1.875,228.9590549,-5.625,82.04822155,-1.875,240.5313923,5.625,-19.44628071,-1.875,241.9189912,-5.625,-67.31662793,5.625,265.8786963,5.625,215.7995077,-5.625,52.80230132,1.875,35.47240215,5.625,-73.62225648,1.875,10.54035683,1.875,247.8730509,1.875,94.82841019,5.625,97.79946367,1.875,111.4934576,1.875,143.7211413,5.625,237.928624,-1.875,72.62037762,1.875,173.0205741,-5.625,53.0962994,5.625,149.9940756,-5.625,151.5671735,1.875,175.4821636,1.875,229.5693642,1.875,128.6425565,1.875,-37.4437572,-1.875,192.2484197,5.625,-60.48949452,-1.875,-11.55340022,-5.625,13.4286135,5.625,202.4984911,1.875,-74.19950962,-5.625,123.1011693,-5.625,121.5592696,5.625,14.21183385,-1.875,164.935794,5.625,218.4149957,5.625,279.1324319,-5.625
-98.49222202,1.875,252.7922528,5.625,-15.20424093,5.625,87.85284772,-5.625,256.7864283,-5.625,101.0400263,-5.625,260.0027667,1.875,202.6360195,-5.625,75.04352133,-5.625,31.40855071,1.875,84.62772193,1.875,229.7671363,-5.625,83.70320538,-1.875,239.4876803,5.625,-18.42872739,-1.875,242.929093,-5.625,-68.51844905,5.625,264.8029148,5.625,216.8406462,-5.625,51.74938998,1.875,34.38230325,5.625,-75.02685143,1.875,9.416680874,1.875,246.8607178,1.875,93.77997124,5.625,96.74892859,1.875,110.4765396,1.875,142.6404876,5.625,239.4238834,-1.875,71.60115944,1.875,174.0371974,-5.625,52.04108366,5.625,151.076576,-5.625,150.7796722,1.875,174.4675406,1.875,228.5235656,1.875,127.5597422,1.875,-36.54831028,-1.875,191.2358212,5.625,-59.44067546,-1.875,-9.496502547,-5.625,12.4048542,5.625,201.4181206,1.875,-71.33278847,-5.625,124.1490297,-5.625,120.5443807,5.625,15.48377549,-1.875,163.8897212,5.625,217.3367809,5.625,280.2104211,-5.625
-99.57554844,1.875,251.7819396,5.625,-16.26184351,5.625,88.93290514,-5.625,257.8299219,-5.625,102.0543552,-5.625,258.9248344,1.875,203.6438416,-5.625,76.0890169,-5.625,30.32083238,1.875,83.54245841,1.875,230.8426926,-5.625,85.35818921,-1.875,238.4439683,5.625,-17.41117408,-1.875,243.9391947,-5.625,-69.72027016,5.625,263.7271333,5.625,217.7871358,-5.625,50.69647864,1.875,33.56329581,5.625,-76.43144638,1.875,8.293004914,1.875,245.8483847,1.875,92.73153229,5.625,95.6983935,1.875,109.4596217,1.875,141.5598339,5.625,240.9191428,-1.875,70.58194126,1.875,175.0538207,-5.625,50.98586793,5.625,151.8898746,-5.625,149.731508,1.875,173.4529177,1.875,227.4777669,1.875,126.476928,1.875,-35.46481951,-1.875,190.2232228,5.625,-58.57388284,-1.875,-7.439604878,-5.625,11.38109491,5.625,200.4359656,1.875,-68.46606732,-5.625,124.9363028,-5.625,119.5294918,5.625,16.75571714,-1.875,162.8436485,5.625,216.2585661,5.625,281.2884103,-5.625
300,5.625,250.7716264,5.625,-17.31944609,5.625,90.01296255,-5.625,258.8734154,-5.625,103.0686841,-5.625,257.8469021,1.875,204.6516637,-5.625,77.13451248,-5.625,29.23311405,1.875,82.72708387,1.875,231.9182489,-5.625,87.01317304,-1.875,237.4002564,5.625,-16.39362076,-1.875,244.9492964,-5.625,-70.92209127,5.625,262.9188828,5.625,218.8282743,-5.625,49.64356729,1.875,32.47319691,5.625,-77.83604133,1.875,7.169328955,1.875,244.8360516,1.875,91.68309334,5.625,94.83018269,1.875,108.4427037,1.875,140.4791802,5.625,242.4144022,-1.875,69.56272308,1.875,176.0704439,-5.625,49.93065219,5.625,152.9723751,-5.625,148.6833438,1.875,172.4382948,1.875,226.4319683,1.875,125.3941137,1.875,-34.38132874,-1.875,189.2106243,5.625,-57.52506378,-1.875,-5.382707209,-5.625,10.35733561,5.625,199.4538106,1.875,-65.59934617,-5.625,125.9841632,-5.625,118.5146029,5.625,18.02765878,-1.875,161.7975757,5.625,215.1803512,5.625,282.3663994,-5.625
297.8800389,5.625,249.7613132,5.625,-18.37704867,5.625,91.09301997,-5.625,259.9169089,-5.625,104.0830131,-5.625,256.7689698,1.875,205.6594858,-5.625,78.18000806,-5.625,28.14539573,1.875,81.64182035,1.875,232.9938052,-5.625,88.66815687,-1.875,236.3565444,5.625,-15.37606745,-1.875,245.9593982,-5.625,-72.12391239,5.625,261.8431013,5.625,219.8694129,-5.625,48.59065595,1.875,31.38309801,5.625,-79.24063628,1.875,6.045652996,1.875,243.8237186,1.875,90.63465439,5.625,93.77964761,1.875,107.4257857,1.875,139.6672691,5.625,243.9096616,-1.875,68.54350491,1.875,177.0870672,-5.625,48.87543646,5.625,154.0548755,-5.625,147.6351796,1.875,171.4236718,1.875,225.5676719,1.875,124.5805794,1.875,-33.48588183,-1.875,188.1980258,5.625,-56.47624471,-1.875,-3.325809539,-5.625,9.333576312,5.625,198.3734401,1.875,-62.73262501,-5.625,127.0320236,-5.625,117.499714,5.625,19.29960042,-1.875,160.8466004,5.625,214.5108647,5.625,283.4443886,-5.625
295.7600777,5.625,248.751,5.625,-19.43465125,5.625,91.90448309,-5.625,260.9604025,-5.625,105.097342,-5.625,255.9591034,1.875,206.6673079,-5.625,79.04405399,-5.625,27.0576774,1.875,80.55655683,1.875,233.8018866,-5.625,90.32314071,-1.875,235.5723882,5.625,-14.35851413,-1.875,246.9694999,-5.625,-73.3257335,5.625,260.7673198,5.625,220.9105514,-5.625,47.53774461,1.875,30.29299911,5.625,-80.64523123,1.875,4.921977036,1.875,242.8113855,1.875,89.58621544,5.625,92.72911252,1.875,106.4088678,1.875,138.5866154,5.625,245.404921,-1.875,67.52428673,1.875,178.1036904,-5.625,47.82022072,5.625,155.137376,-5.625,146.5870154,1.875,170.4090489,1.875,224.5218732,1.875,123.4977651,1.875,-32.40239106,-1.875,187.1854274,5.625,-55.6094521,-1.875,-1.26891187,-5.625,8.309817015,5.625,197.3912851,1.875,-59.86590386,-5.625,128.0798841,-5.625,116.4848251,5.625,20.57154207,-1.875,159.8005276,5.625,213.4326498,5.625,284.5223778,-5.625
293.6401166,5.625,247.7406869,5.625,-20.49225383,5.625,92.9845405,-5.625,262.003896,-5.625,106.1116709,-5.625,254.8811711,1.875,207.6751299,-5.625,80.08954957,-5.625,25.96995907,1.875,79.47129332,1.875,234.877443,-5.625,91.97812454,-1.875,234.5286762,5.625,-13.34096082,-1.875,247.9796017,-5.625,-74.52755461,5.625,259.6915383,5.625,221.8570409,-5.625,46.48483327,1.875,29.47399168,5.625,-82.04982618,1.875,3.798301077,1.875,241.7990524,1.875,88.53777649,5.625,91.67857744,1.875,105.3919498,1.875,137.5059617,5.625,246.9001804,-1.875,66.50506855,1.875,179.1203137,-5.625,46.76500499,5.625,155.9506746,-5.625,145.5388513,1.875,169.394426,1.875,223.4760746,1.875,122.4149509,1.875,-31.31890029,-1.875,186.1728289,5.625,-54.56063303,-1.875,0.787985799,-5.625,7.286057718,5.625,196.4091301,1.875,-56.99918271,-5.625,129.1277445,-5.625,115.4699362,5.625,21.84348371,-1.875,158.7544548,5.625,212.354435,5.625,285.600367,-5.625
291.5201555,5.625,246.7303737,5.625,-21.54985641,5.625,94.06459792,-5.625,263.0473895,-5.625,107.1259998,-5.625,253.8032388,1.875,208.682952,-5.625,81.13504515,-5.625,24.88224074,1.875,78.65591877,1.875,235.9529993,-5.625,93.63310837,-1.875,233.4849642,5.625,-12.32340751,-1.875,248.9897034,-5.625,-75.72937573,5.625,258.8832878,5.625,222.8981795,-5.625,45.43192193,1.875,28.38389278,5.625,-83.45442113,1.875,2.674625118,1.875,240.7867193,1.875,87.48933754,5.625,90.62804235,1.875,104.3750319,1.875,136.425308,5.625,248.3954398,-1.875,65.48585037,1.875,180.136937,-5.625,45.70978925,5.625,157.0331751,-5.625,144.4906871,1.875,168.379803,1.875,222.430276,1.875,121.3321366,1.875,-30.42345337,-1.875,185.1602305,5.625,-53.51181397,-1.875,2.844883469,-5.625,6.262298421,5.625,195.3287596,1.875,-54.13246155,-5.625,130.1756049,-5.625,114.4550473,5.625,23.11542535,-1.875,157.708382,5.625,211.2762201,5.625,286.6783562,-5.625
289.4001944,5.625,245.7200605,5.625,-22.60745899,5.625,95.14465534,-5.625,264.090883,-5.625,108.1403287,-5.625,252.7253065,1.875,209.6907741,-5.625,82.18054072,-5.625,23.79452241,1.875,77.57065526,1.875,237.0285556,-5.625,95.2880922,-1.875,232.4412523,5.625,-11.30585419,-1.875,249.9998051,-5.625,-76.93119684,5.625,257.8075063,5.625,223.939318,-5.625,44.37901058,1.875,27.29379388,5.625,-84.85901608,1.875,1.550949158,1.875,239.7743862,1.875,86.44089859,5.625,89.57750727,1.875,103.3581139,1.875,135.6133969,5.625,249.8906992,-1.875,64.46663219,1.875,181.1535602,-5.625,44.65457352,5.625,158.1156755,-5.625,143.4425229,1.875,167.3651801,1.875,221.3844773,1.875,120.5186022,1.875,-29.3399626,-1.875,184.147632,5.625,-52.4629949,-1.875,4.901781138,-5.625,5.238539123,5.625,194.3466046,1.875,-51.2657404,-5.625,131.2234654,-5.625,113.4401584,5.625,24.38736699,-1.875,156.7574068,5.625,210.1980053,5.625,287.7563453,-5.625
287.2802332,5.625,244.7097473,5.625,-23.66506157,5.625,95.95611846,-5.625,265.1343766,-5.625,109.1546576,-5.625,251.9154401,1.875,210.6985962,-5.625,83.04458666,-5.625,22.70680408,1.875,76.48539174,1.875,237.836637,-5.625,96.94307604,-1.875,231.3975403,5.625,-10.28830088,-1.875,251.0099069,-5.625,-78.13301796,5.625,256.7317249,5.625,224.9804565,-5.625,43.32609924,1.875,26.20369498,5.625,-86.26361103,1.875,0.427273199,1.875,238.7620531,1.875,85.39245964,5.625,88.52697218,1.875,102.3411959,1.875,134.5327431,5.625,251.3859586,-1.875,63.44741401,1.875,182.1701835,-5.625,43.59935778,5.625,159.198176,-5.625,142.6550216,1.875,166.3505572,1.875,220.3386787,1.875,119.435788,1.875,-28.25647183,-1.875,183.1350336,5.625,-51.41417584,-1.875,6.958678808,-5.625,4.214779826,5.625,193.3644496,1.875,-48.39901925,-5.625,132.2713258,-5.625,112.4252695,5.625,25.65930864,-1.875,155.711334,5.625,209.1197905,5.625,288.8343345,-5.625
285.1602721,5.625,243.6994341,5.625,-24.72266415,5.625,97.03617587,-5.625,266.1778701,-5.625,110.1689865,-5.625,250.8375078,1.875,211.7064183,-5.625,84.09008223,-5.625,21.61908575,1.875,75.40012822,1.875,238.9121933,-5.625,98.59805987,-1.875,230.3538284,5.625,-9.270747563,-1.875,252.0200086,-5.625,-79.33483907,5.625,255.6559434,5.625,225.9269461,-5.625,42.2731879,1.875,25.38468754,5.625,-87.66820598,1.875,-0.69640276,1.875,237.74972,1.875,84.34402069,5.625,87.4764371,1.875,101.324278,1.875,133.4520894,5.625,252.881218,-1.875,62.42819583,1.875,183.1868068,-5.625,42.54414205,5.625,160.0114746,-5.625,141.6068574,1.875,165.3359342,1.875,219.4743823,1.875,118.3529738,1.875,-27.36102492,-1.875,182.1224351,5.625,-50.36535678,-1.875,9.015576477,-5.625,3.191020529,5.625,192.2840791,1.875,-45.5322981,-5.625,133.0585989,-5.625,111.4103806,5.625,26.93125028,-1.875,154.6652612,5.625,208.3833552,5.625,289.9123237,-5.625
283.040311,5.625,242.689121,5.625,-25.78026673,5.625,98.11623329,-5.625,267.2213636,-5.625,111.1833154,-5.625,249.7595755,1.875,212.7142404,-5.625,85.13557781,-5.625,20.53136743,1.875,74.58475368,1.875,239.9877497,-5.625,100.2530437,-1.875,229.4912565,5.625,-8.253194248,-1.875,253.0301103,-5.625,-80.53666018,5.625,254.8476928,5.625,226.8734357,-5.625,41.22027656,1.875,24.29458864,5.625,-89.07280093,1.875,-1.82007872,1.875,236.7373869,1.875,83.29558174,5.625,86.60822628,1.875,100.30736,1.875,132.3714357,5.625,254.3764774,-1.875,61.40897765,1.875,184.20343,-5.625,41.48892631,5.625,161.093975,-5.625,140.5586932,1.875,164.3213113,1.875,218.4285836,1.875,117.2701595,1.875,-26.27753415,-1.875,181.1098366,5.625,-49.31653771,-1.875,11.07247415,-5.625,2.167261231,5.625,191.3019241,1.875,-42.66557694,-5.625,134.1064593,-5.625,110.3954917,5.625,28.20319192,-1.875,153.6191884,5.625,207.3051404,5.625,290.9903129,-5.625
280.9203498,5.625,241.6788078,5.625,-26.83786931,5.625,99.1962907,-5.625,268.2648571,-5.625,112.1976443,-5.625,248.6816432,1.875,213.7220625,-5.625,86.18107339,-5.625,19.4436491,1.875,73.49949016,1.875,241.063306,-5.625,101.9080275,-1.875,228.4475445,5.625,-7.235640934,-1.875,254.0402121,-5.625,-81.7384813,5.625,253.7719114,5.625,227.9145742,-5.625,40.16736522,1.875,23.20448974,5.625,-90.47739587,1.875,-2.943754679,1.875,235.7250538,1.875,82.24714279,5.625,85.5576912,1.875,99.29044204,1.875,131.5595246,5.625,255.8717368,-1.875,60.38975947,1.875,185.2200533,-5.625,40.43371058,5.625,162.1764755,-5.625,139.510529,1.875,163.3066884,1.875,217.382785,1.875,116.4566251,1.875,-25.19404338,-1.875,180.0972382,5.625,-48.26771865,-1.875,13.12937182,-5.625,1.143501934,5.625,190.3197691,1.875,-39.79885579,-5.625,135.1543197,-5.625,109.3806028,5.625,29.47513357,-1.875,152.6682132,5.625,206.2269256,5.625,292.0683021,-5.625
278.8003887,5.625,240.6684946,5.625,-27.89547189,5.625,100.2763481,-5.625,269.3083507,-5.625,113.2119732,-5.625,247.8717768,1.875,214.7298846,-5.625,87.22656897,-5.625,18.35593077,1.875,72.41422664,1.875,241.8713874,-5.625,103.5630114,-1.875,227.4038326,5.625,-6.21808762,-1.875,255.0503138,-5.625,-82.94030241,5.625,252.6961299,5.625,228.9557127,-5.625,39.11445387,1.875,22.11439084,5.625,-91.88199082,1.875,-4.067430639,1.875,234.7127207,1.875,81.19870384,5.625,84.50715611,1.875,98.27352408,1.875,130.4788709,5.625,257.3669962,-1.875,59.37054129,1.875,186.2366765,-5.625,39.37849484,5.625,163.2589759,-5.625,138.4623648,1.875,162.2920654,1.875,216.3369863,1.875,115.3738109,1.875,-24.29859646,-1.875,179.0846397,5.625,-47.21889958,-1.875,15.18626949,-5.625,0.119742637,5.625,189.2393986,1.875,-36.93213464,-5.625,136.2021802,-5.625,108.3657139,5.625,30.74707521,-1.875,151.6221404,5.625,205.1487107,5.625,293.1462913,-5.625
276.6804276,5.625,239.6581814,5.625,-28.95307447,5.625,101.0878112,-5.625,270.3518442,-5.625,114.2263021,-5.625,246.7938445,1.875,215.7377067,-5.625,88.27206455,-5.625,17.26821244,1.875,71.32896313,1.875,242.9469437,-5.625,105.2179952,-1.875,226.3601206,5.625,-5.200534305,-1.875,256.0604155,-5.625,-84.14212352,5.625,251.6203484,5.625,229.9022023,-5.625,38.06154253,1.875,21.2953834,5.625,-93.28658577,1.875,-5.191106598,1.875,233.7003877,1.875,80.15026489,5.625,83.45662103,1.875,97.25660612,1.875,129.3982172,5.625,258.8622556,-1.875,58.35132311,1.875,187.2532998,-5.625,38.32327911,5.625,164.0722745,-5.625,137.4142007,1.875,161.2774425,1.875,215.2911877,1.875,114.2909967,1.875,-23.21510569,-1.875,178.0720413,5.625,-46.35210697,-1.875,17.24316715,-5.625,-0.90401666,5.625,188.2572436,1.875,-34.06541348,-5.625,137.2500406,-5.625,107.350825,5.625,32.01901685,-1.875,150.5760676,5.625,204.0704959,5.625,294.2242804,-5.625
274.5604665,5.625,238.6478682,5.625,-30.01067705,5.625,102.1678687,-5.625,271.3953377,-5.625,115.240631,-5.625,245.7159122,1.875,216.7455288,-5.625,89.31756012,-5.625,16.18049411,1.875,70.51358858,1.875,244.0225,-5.625,106.872979,-1.875,225.3164086,5.625,-4.182980991,-1.875,257.0705173,-5.625,-85.34394464,5.625,250.8120979,5.625,230.9433408,-5.625,37.00863119,1.875,20.2052845,5.625,-94.69118072,1.875,-6.314782557,1.875,232.6880546,1.875,79.10182594,5.625,82.58841022,1.875,96.23968816,1.875,128.3175635,5.625,260.357515,-1.875,57.33210493,1.875,188.2699231,-5.625,37.26806337,5.625,165.154775,-5.625,136.3660365,1.875,160.2628195,1.875,214.245389,1.875,113.2081824,1.875,-22.13161492,-1.875,177.0594428,5.625,-45.3032879,-1.875,19.30006482,-5.625,-1.927775958,5.625,187.2750886,1.875,-31.19869233,-5.625,138.297901,-5.625,106.3359361,5.625,33.29095849,-1.875,149.5299948,5.625,202.992281,5.625,295.3022696,-5.625
272.4405053,5.625,237.6375551,5.625,-31.06827962,5.625,103.2479261,-5.625,272.4388312,-5.625,116.2549599,-5.625,244.63798,1.875,217.7533509,-5.625,90.3630557,-5.625,15.09277578,1.875,69.42832507,1.875,245.0980563,-5.625,108.5279629,-1.875,224.2726967,5.625,-3.165427677,-1.875,258.080619,-5.625,-86.54576575,5.625,249.7363164,5.625,231.9844793,-5.625,35.95571985,1.875,19.1151856,5.625,-96.09577567,1.875,-7.438458517,1.875,231.6757215,1.875,78.05338699,5.625,81.53787513,1.875,95.2227702,1.875,127.5056524,5.625,261.8527744,-1.875,56.31288675,1.875,189.2865463,-5.625,36.21284764,5.625,166.2372754,-5.625,135.3178723,1.875,159.2481966,1.875,213.3810926,1.875,112.394648,1.875,-21.23616801,-1.875,176.0468444,5.625,-44.25446884,-1.875,21.35696249,-5.625,-2.951535255,5.625,186.1947181,1.875,-28.33197118,-5.625,139.3457615,-5.625,105.3210472,5.625,34.56290014,-1.875,148.5790196,5.625,202.3227945,5.625,296.3802588,-5.625
270.3205442,5.625,236.6272419,5.625,-32.1258822,5.625,104.3279835,-5.625,273.4823248,-5.625,117.2692888,-5.625,243.8281135,1.875,218.7611729,-5.625,91.40855128,-5.625,14.00505745,1.875,68.34306155,1.875,245.9061377,-5.625,110.1829467,-1.875,223.4885404,5.625,-2.147874363,-1.875,259.0907207,-5.625,-87.74758686,5.625,248.6605349,5.625,233.0256178,-5.625,34.9028085,1.875,18.0250867,5.625,-97.50037062,1.875,-8.562134476,1.875,230.6633884,1.875,77.00494804,5.625,80.48734005,1.875,94.20585223,1.875,126.4249987,5.625,263.3480338,-1.875,55.29366858,1.875,190.3031696,-5.625,35.15763191,5.625,167.3197759,-5.625,134.530371,1.875,158.2335737,1.875,212.335294,1.875,111.3118338,1.875,-20.15267724,-1.875,175.0342459,5.625,-43.20564977,-1.875,23.41386016,-5.625,-3.975294552,5.625,185.212563,1.875,-25.46525003,-5.625,140.3936219,-5.625,104.3061583,5.625,35.83484178,-1.875,147.5329468,5.625,201.2445796,5.625,297.458248,-5.625
268.2005831,5.625,235.6169287,5.625,-33.18348478,5.625,105.1394466,-5.625,274.5258183,-5.625,118.2836177,-5.625,242.7501812,1.875,219.768995,-5.625,92.27259721,-5.625,12.91733912,1.875,67.25779803,1.875,246.9816941,-5.625,111.8379305,-1.875,222.4448285,5.625,-1.130321048,-1.875,260.1008225,-5.625,-88.94940798,5.625,247.5847535,5.625,233.9721074,-5.625,33.84989716,1.875,16.9349878,5.625,-98.90496557,1.875,-9.685810435,1.875,229.6510553,1.875,75.95650909,5.625,79.43680496,1.875,93.18893427,1.875,125.344345,5.625,264.8432932,-1.875,54.2744504,1.875,191.3197929,-5.625,34.10241617,5.625,168.1330745,-5.625,133.4822068,1.875,157.2189507,1.875,211.2894953,1.875,110.2290195,1.875,-19.06918647,-1.875,174.0216474,5.625,-42.15683071,-1.875,25.47075783,-5.625,-4.999053849,5.625,184.230408,1.875,-22.59852887,-5.625,141.180895,-5.625,103.2912694,5.625,37.10678342,-1.875,146.486874,5.625,200.1663648,5.625,298.5362372,-5.625
266.0806219,5.625,234.6066155,5.625,-34.24108736,5.625,106.219504,-5.625,275.5693118,-5.625,119.2979466,-5.625,241.6722489,1.875,220.7768171,-5.625,93.31809279,-5.625,11.8296208,1.875,66.44242349,1.875,248.0572504,-5.625,113.4929144,-1.875,221.4011165,5.625,-0.112767734,-1.875,261.1109242,-5.625,-90.15122909,5.625,246.7765029,5.625,235.0132459,-5.625,32.79698582,1.875,16.11598037,5.625,300,5.625,-10.80948639,1.875,228.6387222,1.875,74.90807014,5.625,78.56859415,1.875,92.17201631,1.875,124.2636913,5.625,266.3385526,-1.875,53.25523222,1.875,192.3364161,-5.625,33.23033705,5.625,169.2155749,-5.625,132.4340426,1.875,156.2043278,1.875,210.2436967,1.875,109.1462053,1.875,-18.17373955,-1.875,173.009049,5.625,-41.10801164,-1.875,27.5276555,-5.625,-6.022813147,5.625,183.1500375,1.875,-19.73180772,-5.625,142.2287554,-5.625,102.2763805,5.625,38.37872507,-1.875,145.4408012,5.625,199.0881499,5.625,299.6142263,-5.625
263.9606608,5.625,233.5963024,5.625,-35.29868994,5.625,107.2995614,-5.625,276.6128054,-5.625,120.3122755,-5.625,240.5943167,1.875,221.7846392,-5.625,94.36358837,-5.625,10.74190247,1.875,65.35715997,1.875,249.1328067,-5.625,115.1478982,-1.875,220.3574045,5.625,0.90478558,-1.875,262.1210259,-5.625,-91.3530502,5.625,245.7007214,5.625,236.0543845,-5.625,31.74407448,1.875,15.02588147,5.625,298.1504892,5.625,-11.93316235,1.875,227.6263891,1.875,73.85963119,5.625,77.51805906,1.875,91.15509835,1.875,123.4517801,5.625,267.833812,-1.875,52.23601404,1.875,193.3530394,-5.625,32.17512132,5.625,170.2980754,-5.625,131.3858784,1.875,155.1897049,1.875,209.197898,1.875,108.3326709,1.875,-17.09024878,-1.875,171.9964505,5.625,-40.24121903,-1.875,29.58455317,-5.625,-7.046572444,5.625,182.1678825,1.875,-16.86508657,-5.625,143.2766158,-5.625,101.2614916,5.625,39.65066671,-1.875,144.7263194,5.625,198.0099351,5.625,-100,-5.625
261.8406997,5.625,232.5859892,5.625,-36.35629252,5.625,108.3796189,-5.625,277.6562989,-5.625,121.3266044,-5.625,239.7844502,1.875,222.7924613,-5.625,95.40908394,-5.625,9.654184139,1.875,64.27189645,1.875,249.9408881,-5.625,116.802882,-1.875,219.3136926,5.625,1.922338895,-1.875,263.1311277,-5.625,-92.55487132,5.625,244.62494,5.625,237.095523,-5.625,30.69116314,1.875,13.93578257,5.625,296.3009784,5.625,-13.05683831,1.875,226.614056,1.875,72.81119224,5.625,76.46752398,1.875,90.13818039,1.875,122.3711264,5.625,269.3290714,-1.875,51.21679586,1.875,194.3696627,-5.625,31.11990558,5.625,171.3805758,-5.625,130.3377142,1.875,154.1750819,1.875,208.1520994,1.875,107.2498567,1.875,-16.19480187,-1.875,170.9838521,5.625,-39.19239997,-1.875,31.64145084,-5.625,-8.070331741,5.625,181.1857275,1.875,-13.99836541,-5.625,144.3244763,-5.625,100.2466027,5.625,40.92260835,-1.875,143.6802466,5.625,196.9317203,5.625,-98.88993509,-5.625
259.7207386,5.625,231.575676,5.625,-37.4138951,5.625,109.191082,-5.625,278.6997924,-5.625,122.3409333,-5.625,238.7065179,1.875,223.8002834,-5.625,96.27312988,-5.625,8.56646581,1.875,63.18663294,1.875,251.0164444,-5.625,118.4578659,-1.875,218.2699806,5.625,2.939892209,-1.875,264.1412294,-5.625,-93.75669243,5.625,243.5491585,5.625,238.0420125,-5.625,29.63825179,1.875,12.84568367,5.625,294.4514676,5.625,-14.18051427,1.875,225.6017229,1.875,71.76275329,5.625,75.41698889,1.875,89.12126242,1.875,121.2904727,5.625,270.8243308,-1.875,50.19757768,1.875,195.3862859,-5.625,30.06468985,5.625,172.1938745,-5.625,129.2895501,1.875,153.160459,1.875,207.287803,1.875,106.1670424,1.875,-15.1113111,-1.875,169.9712536,5.625,-38.32560735,-1.875,33.69834851,-5.625,-9.094091038,5.625,180.105357,1.875,-11.13164426,-5.625,145.3723367,-5.625,99.23171376,5.625,42.19454999,-1.875,142.6341738,5.625,196.195285,5.625,-97.77987017,-5.625
257.6007774,5.625,230.5653628,5.625,-38.47149768,5.625,110.2711394,-5.625,279.7432859,-5.625,123.3552622,-5.625,237.6285856,1.875,224.8081055,-5.625,97.31862545,-5.625,7.478747482,1.875,62.37125839,1.875,252.0920008,-5.625,120.1128497,-1.875,217.2262687,5.625,3.957445523,-1.875,265.1513311,-5.625,-94.95851354,5.625,242.7409079,5.625,238.9885021,-5.625,28.58534045,1.875,12.02667623,5.625,292.6019568,5.625,-15.30419023,1.875,224.5893899,1.875,70.71431434,5.625,74.36645381,1.875,88.10434446,1.875,120.209819,5.625,272.3195902,-1.875,49.1783595,1.875,196.4029092,-5.625,29.00947411,5.625,173.2763749,-5.625,128.2413859,1.875,152.1458361,1.875,206.2420043,1.875,105.0842282,1.875,-14.02782033,-1.875,168.9586552,5.625,-37.27678829,-1.875,35.75524618,-5.625,-10.11785034,5.625,179.123202,1.875,-8.264923108,-5.625,146.4201972,-5.625,98.21682485,5.625,43.46649164,-1.875,141.588101,5.625,195.1170702,5.625,-96.66980526,-5.625
255.4808163,5.625,229.5550496,5.625,-39.52910026,5.625,111.3511968,-5.625,280.7867795,-5.625,124.3695911,-5.625,236.5506534,1.875,225.8159276,-5.625,98.36412103,-5.625,6.391029153,1.875,61.28599488,1.875,253.1675571,-5.625,121.7678335,-1.875,216.1825567,5.625,4.974998838,-1.875,266.1614329,-5.625,-96.16033466,5.625,241.6651265,5.625,240.0296406,-5.625,27.53242911,1.875,10.93657733,5.625,290.7524459,5.625,-16.42786619,1.875,223.5770568,1.875,69.66587539,5.625,73.31591873,1.875,87.0874265,1.875,119.3979079,5.625,273.8148496,-1.875,48.15914132,1.875,197.4195324,-5.625,27.95425838,5.625,174.3588754,-5.625,127.1932217,1.875,151.1312131,1.875,205.1962057,1.875,104.2706938,1.875,-13.13237341,-1.875,167.9460567,5.625,-36.22796922,-1.875,37.81214385,-5.625,-11.14160963,5.625,178.141047,1.875,-5.398201956,-5.625,147.4680576,-5.625,97.20193595,5.625,44.73843328,-1.875,140.6371258,5.625,194.0388554,5.625,-95.55974034,-5.625
254.4394598,5.625,228.5447365,5.625,-40.58670284,5.625,112.4312542,-5.625,281.830273,-5.625,125.38392,-5.625,235.7407869,1.875,226.8237497,-5.625,99.40961661,-5.625,5.303310824,1.875,60.20073136,1.875,253.9756385,-5.625,123.4228174,-1.875,215.1388447,5.625,5.992552152,-1.875,267.1715346,-5.625,-97.36215577,5.625,240.589345,5.625,241.0707792,-5.625,26.47951777,1.875,9.846478429,5.625,288.9029351,5.625,-17.55154215,1.875,222.5647237,1.875,68.61743644,5.625,72.26538364,1.875,86.07050854,1.875,118.3172542,5.625,275.310109,-1.875,47.13992314,1.875,198.4361557,-5.625,26.89904264,5.625,175.4413758,-5.625,126.4057204,1.875,150.1165902,1.875,204.1504071,1.875,103.1878796,1.875,-12.04888264,-1.875,166.9334582,5.625,-35.17915016,-1.875,39.86904152,-5.625,-12.16536893,5.625,177.0606765,1.875,-2.531480803,-5.625,148.515918,-5.625,96.18704705,5.625,46.01037492,-1.875,139.591053,5.625,192.9606405,5.625,-94.44967543,-5.625
253.3981034,5.625,227.5344233,5.625,-41.64430542,5.625,113.2427173,-5.625,282.8737665,-5.625,126.3982489,-5.625,234.6628546,1.875,227.8315718,-5.625,100.4551122,-5.625,4.215592496,1.875,59.11546784,1.875,255.0511948,-5.625,125.0778012,-1.875,214.0951328,5.625,7.010105466,-1.875,268.1816363,-5.625,-98.56397688,5.625,239.5135635,5.625,242.0172687,-5.625,25.42660643,1.875,8.756379529,5.625,287.0534243,5.625,-18.67521811,1.875,221.5523906,1.875,67.56899749,5.625,71.21484856,1.875,85.05359058,1.875,117.2366005,5.625,276.8053684,-1.875,46.12070496,1.875,199.452779,-5.625,25.84382691,5.625,176.2546744,-5.625,125.3575562,1.875,149.1019673,1.875,203.1046084,1.875,102.1050653,1.875,-10.96539187,-1.875,165.9208598,5.625,-34.13033109,-1.875,41.92593919,-5.625,-13.18912823,5.625,176.0785215,1.875,0.33524035,-5.625,149.3031911,-5.625,95.17215814,5.625,47.28231657,-1.875,138.5449802,5.625,191.8824257,5.625,-93.33961051,-5.625
252.3567469,5.625,226.5241101,5.625,-42.701908,5.625,114.3227748,-5.625,283.91726,-5.625,127.4125778,-5.625,233.5849224,1.875,228.8393939,-5.625,101.5006078,-5.625,3.127874167,1.875,58.3000933,1.875,256.1267511,-5.625,126.732785,-1.875,213.0514208,5.625,8.02765878,-1.875,269.1917381,-5.625,-99.765798,5.625,238.705313,5.625,243.0584073,-5.625,24.37369508,1.875,7.937372092,5.625,285.2039135,5.625,-19.79889407,1.875,220.5400575,1.875,66.52055854,5.625,70.34663774,1.875,84.03667261,1.875,116.1559468,5.625,278.3006278,-1.875,45.10148678,1.875,200.4694022,-5.625,24.97174779,5.625,177.3371749,-5.625,124.309392,1.875,148.0873443,1.875,202.0588098,1.875,101.0222511,1.875,-10.06994496,-1.875,164.9082613,5.625,-33.08151203,-1.875,43.98283686,-5.625,-14.21288752,5.625,175.0963665,1.875,3.201961503,-5.625,150.3510515,-5.625,94.15726924,5.625,48.55425821,-1.875,137.4989074,5.625,191.1459904,5.625,-92.2295456,-5.625
251.3153904,5.625,225.5137969,5.625,-43.75951058,5.625,115.4028322,-5.625,284.9607536,-5.625,128.4269067,-5.625,232.5069901,1.875,229.8472159,-5.625,102.5461033,-5.625,2.040155838,1.875,57.21482978,1.875,257.2023074,-5.625,128.3877688,-1.875,212.1888489,5.625,9.045212095,-1.875,270.2018398,-5.625,300,1.875,237.6295315,5.625,244.0995458,-5.625,23.32078374,1.875,6.847273192,5.625,283.3544027,5.625,-20.92257003,1.875,219.5277244,1.875,65.47211959,5.625,69.29610266,1.875,83.01975465,1.875,115.3440357,5.625,279.7958872,-1.875,44.0822686,1.875,201.4860255,-5.625,23.91653205,5.625,178.4196753,-5.625,123.2612278,1.875,147.0727214,1.875,201.1945134,1.875,99.93943684,1.875,-8.986454189,-1.875,163.8956629,5.625,-32.03269296,-1.875,46.03973453,-5.625,-15.23664682,5.625,174.015996,1.875,6.068682656,-5.625,151.398912,-5.625,93.14238033,5.625,49.82619985,-1.875,136.5479322,5.625,190.0677756,5.625,-91.11948069,-5.625
250.274034,5.625,224.5034837,5.625,-44.81711316,5.625,116.4828896,-5.625,286.0042471,-5.625,129.4412356,-5.625,231.6971236,1.875,230.855038,-5.625,103.5915989,-5.625,0.95243751,1.875,56.12956626,1.875,258.0103888,-5.625,130.0427527,-1.875,211.145137,5.625,10.06276541,-1.875,271.2119415,-5.625,297.6151777,1.875,236.6515484,5.625,245.1406843,-5.625,22.2678724,1.875,5.757174292,5.625,281.5048919,5.625,-22.04624599,1.875,218.5153913,1.875,64.42368064,5.625,68.24556757,1.875,82.00283669,1.875,114.263382,5.625,281.2911466,-1.875,43.06305043,1.875,202.5026488,-5.625,22.86131632,5.625,179.5021758,-5.625,122.2130636,1.875,146.0580984,1.875,200.1487147,1.875,99.12590247,1.875,-7.90296342,-1.875,162.8830644,5.625,-30.9838739,-1.875,48.0966322,-5.625,-16.26040612,5.625,173.033841,1.875,8.935403809,-5.625,152.4467724,-5.625,92.12749143,5.625,51.0981415,-1.875,135.5018594,5.625,188.9895608,5.625,-90.00941577,-5.625
249.2326775,5.625,223.4931706,5.625,-45.87471574,5.625,117.2943527,-5.625,287.0477406,-5.625,130.4555645,-5.625,230.6191913,1.875,231.8628601,-5.625,104.4556449,-5.625,-0.135280819,1.875,55.04430275,1.875,259.0859452,-5.625,131.6977365,-1.875,210.101425,5.625,11.08031872,-1.875,272.2220433,-5.625,295.2303554,1.875,235.6735652,5.625,246.0871739,-5.625,21.21496106,1.875,4.667075392,5.625,279.6553811,5.625,-23.16992195,1.875,217.5030582,1.875,63.37524169,5.625,67.19503249,1.875,80.98591873,1.875,113.1827283,5.625,282.786406,-1.875,42.04383225,1.875,203.519272,-5.625,21.80610058,5.625,180.5846762,-5.625,121.1648995,1.875,145.0434755,1.875,199.1029161,1.875,98.04308822,1.875,-7.007516503,-1.875,161.870466,5.625,-29.93505483,-1.875,50.15352986,-5.625,-17.28416542,5.625,172.051686,1.875,11.80212496,-5.625,153.4946328,-5.625,91.11260253,5.625,52.37008314,-1.875,134.4557866,5.625,187.9113459,5.625,-88.89935086,-5.625
248.191321,5.625,222.4828574,5.625,-46.93231832,5.625,118.3744101,-5.625,288.0912341,-5.625,131.4698934,-5.625,229.5412591,1.875,232.8706822,-5.625,105.5011404,-5.625,-1.222999148,1.875,53.95903923,1.875,260.1615015,-5.625,133.3527203,-1.875,209.0577131,5.625,12.09787204,-1.875,273.232145,-5.625,292.8455331,1.875,234.695582,5.625,247.0336634,-5.625,20.16204971,1.875,3.848067955,5.625,277.8058703,5.625,-24.29359791,1.875,216.4907251,1.875,62.32680274,5.625,66.1444974,1.875,79.96900077,1.875,112.1020746,5.625,284.2816654,-1.875,41.02461407,1.875,204.5358953,-5.625,20.93402146,5.625,181.3979748,-5.625,120.1167353,1.875,144.0288526,1.875,198.0571174,1.875,96.96027398,1.875,-5.924025734,-1.875,160.8578675,5.625,-29.06826222,-1.875,52.21042753,-5.625,-18.30792471,5.625,170.9713155,1.875,14.66884611,-5.625,154.5424933,-5.625,90.09771362,5.625,53.64202478,-1.875,133.4097138,5.625,186.8331311,5.625,-87.78928594,-5.625
247.1499646,5.625,221.4725442,5.625,-47.9899209,5.625,119.4544675,-5.625,289.1347277,-5.625,132.4842223,-5.625,228.4633268,1.875,233.8785043,-5.625,106.546636,-5.625,-2.310717476,1.875,53.14366469,1.875,261.2370578,-5.625,135.0077042,-1.875,208.0140011,5.625,13.11542535,-1.875,274.2422467,-5.625,290.4607108,1.875,233.7175989,5.625,248.074802,-5.625,19.10913837,1.875,2.757969055,5.625,275.9563595,5.625,-25.41727387,1.875,215.4783921,1.875,61.27836379,5.625,65.09396232,1.875,78.9520828,1.875,111.0214209,5.625,285.7769248,-1.875,40.00539589,1.875,205.5525185,-5.625,19.87880573,5.625,182.4804753,-5.625,119.0685711,1.875,143.0142296,1.875,197.0113188,1.875,95.87745973,1.875,-4.840534965,-1.875,159.845269,5.625,-28.01944315,-1.875,54.2673252,-5.625,-19.33168401,5.625,169.9891605,1.875,17.53556727,-5.625,155.5903537,-5.625,89.08282472,5.625,54.91396642,-1.875,132.363641,5.625,186.0966959,5.625,-86.67922103,-5.625
246.1086081,5.625,220.462231,5.625,-49.04752348,5.625,120.534525,-5.625,290.1782212,-5.625,133.4985512,-5.625,227.6534603,1.875,234.8863264,-5.625,107.5921316,-5.625,-3.398435805,1.875,52.05840117,1.875,262.3126141,-5.625,136.662688,-1.875,207.1514292,5.625,14.13297867,-1.875,275.2523485,-5.625,288.0758885,1.875,232.7396157,5.625,249.1159405,-5.625,18.05622703,1.875,1.667870155,5.625,274.1068486,5.625,-26.54094983,1.875,214.466059,1.875,60.22992484,5.625,64.04342723,1.875,77.93516484,1.875,110.2095097,5.625,287.2721842,-1.875,38.98617771,1.875,206.5691418,-5.625,18.82358999,5.625,183.5629757,-5.625,118.0204069,1.875,141.9996067,1.875,195.9655201,1.875,95.06392536,1.875,-3.945088048,-1.875,158.8326706,5.625,-26.97062409,-1.875,56.32422287,-5.625,-20.35544331,5.625,169.0070055,1.875,20.40228842,-5.625,156.6382141,-5.625,88.06793582,5.625,56.18590807,-1.875,131.4126658,5.625,185.018481,5.625,-85.56915611,-5.625
245.0672516,5.625,219.4519178,5.625,-50.10512606,5.625,121.3459881,-5.625,291.2217147,-5.625,134.5128801,-5.625,226.575528,1.875,235.8941485,-5.625,108.4561775,-5.625,-4.486154134,1.875,50.97313765,1.875,263.1206955,-5.625,138.3176718,-1.875,206.1077173,5.625,15.15053198,-1.875,276.2624502,-5.625,285.6910662,1.875,231.7616326,5.625,250.157079,-5.625,17.00331569,1.875,0.577771255,5.625,272.2573378,5.625,-27.66462578,1.875,213.4537259,1.875,59.18148589,5.625,62.99289215,1.875,76.91824688,1.875,109.128856,5.625,288.7674436,-1.875,37.96695953,1.875,207.5857651,-5.625,17.76837426,5.625,184.6454762,-5.625,117.2329056,1.875,140.9849838,1.875,195.1012237,1.875,93.98111112,1.875,-2.861597279,-1.875,157.8200721,5.625,-25.92180503,-1.875,58.38112054,-5.625,-21.37920261,5.625,167.926635,1.875,23.26900957,-5.625,157.6860746,-5.625,87.05304691,5.625,57.45784971,-1.875,130.366593,5.625,183.9402662,5.625,-84.4590912,-5.625
244.0258952,5.625,218.4416047,5.625,-51.16272864,5.625,122.4260455,-5.625,292.2652083,-5.625,135.527209,-5.625,225.4975958,1.875,236.9019706,-5.625,109.5016731,-5.625,-5.573872462,1.875,49.88787414,1.875,264.1962518,-5.625,139.9726557,-1.875,205.0640053,5.625,16.16808529,-1.875,277.2725519,-5.625,283.3062439,1.875,230.7836494,5.625,251.1035686,-5.625,15.95040435,1.875,-0.241236182,5.625,270.407827,5.625,-28.78830174,1.875,212.4413928,1.875,58.13304694,5.625,61.94235706,1.875,75.90132892,1.875,108.0482023,5.625,290.262703,-1.875,36.94774135,1.875,208.6023883,-5.625,16.71315852,5.625,185.4587748,-5.625,116.1847414,1.875,139.9703608,1.875,194.0554251,1.875,92.89829687,1.875,-1.77810651,-1.875,156.8074737,5.625,-24.87298596,-1.875,60.43801821,-5.625,-22.4029619,5.625,166.94448,1.875,26.13573073,-5.625,158.4733476,-5.625,86.03815801,5.625,58.72979135,-1.875,129.3205202,5.625,182.8620513,5.625,-83.34902629,-5.625
242.9845387,5.625,217.4312915,5.625,-52.22033122,5.625,123.5061029,-5.625,293.3087018,-5.625,136.5415379,-5.625,224.4196635,1.875,237.9097927,-5.625,110.5471687,-5.625,-6.661590791,1.875,49.07249959,1.875,265.2718082,-5.625,141.6276395,-1.875,204.0202933,5.625,17.18563861,-1.875,278.2826537,-5.625,280.9214216,1.875,229.8056662,5.625,252.1447071,-5.625,14.897493,1.875,-1.331335082,5.625,268.5583162,5.625,-29.9119777,1.875,211.4290597,1.875,57.08460799,5.625,61.07414625,1.875,74.88441096,1.875,106.9675486,5.625,291.7579624,-1.875,35.92852317,1.875,209.6190116,-5.625,15.65794279,5.625,186.5412752,-5.625,115.1365772,1.875,138.9557379,1.875,193.0096264,1.875,91.81548262,1.875,-0.882659594,-1.875,155.7948752,5.625,-23.8241669,-1.875,62.49491588,-5.625,-23.4267212,5.625,165.962325,1.875,29.00245188,-5.625,159.5212081,-5.625,85.0232691,5.625,60.001733,-1.875,128.2744474,5.625,181.7838365,5.625,-82.23896137,-5.625
241.9431822,5.625,216.4209783,5.625,-53.2779338,5.625,124.5861603,-5.625,294.3521953,-5.625,137.5558668,-5.625,223.609797,1.875,238.9176148,-5.625,111.5926643,-5.625,-7.74930912,1.875,47.98723607,1.875,266.3473645,-5.625,143.2826233,-1.875,202.9765814,5.625,18.20319192,-1.875,279.2927554,-5.625,278.5365993,1.875,228.8276831,5.625,253.1858456,-5.625,13.84458166,1.875,-2.421433982,5.625,266.7088054,5.625,-31.03565366,1.875,210.4167266,1.875,56.03616904,5.625,60.02361117,1.875,73.86749299,1.875,106.1556375,5.625,293.2532218,-1.875,34.90930499,1.875,210.6356349,-5.625,14.60272705,5.625,187.6237757,-5.625,114.088413,1.875,137.941115,1.875,191.9638278,1.875,91.00194825,1.875,0.200831175,-1.875,154.7822768,5.625,-22.95737428,-1.875,64.55181355,-5.625,-24.4504805,5.625,164.8819545,1.875,31.86917303,-5.625,160.5690685,-5.625,84.0083802,5.625,61.27367464,-1.875,127.3234721,5.625,180.7056217,5.625,-81.12889646,-5.625
240.9018258,5.625,215.4106651,5.625,-54.33553638,5.625,125.3976234,-5.625,295.3956888,-5.625,138.5701957,-5.625,222.5318647,1.875,239.9254369,-5.625,112.4567102,-5.625,-8.837027448,1.875,46.90197256,1.875,267.1554459,-5.625,144.9376072,-1.875,201.9328694,5.625,19.22074524,-1.875,280.3028571,-5.625,276.151777,1.875,227.8496999,5.625,254.2269841,-5.625,12.79167032,1.875,-3.511532882,5.625,264.8592946,5.625,-32.15932962,1.875,209.4043935,1.875,54.98773009,5.625,58.97307608,1.875,72.85057503,1.875,105.0749838,5.625,294.7484812,-1.875,33.89008681,1.875,211.6522581,-5.625,13.54751132,5.625,188.7062761,-5.625,113.0402489,1.875,136.926492,1.875,190.9180291,1.875,89.91913401,1.875,1.284321944,-1.875,153.7696783,5.625,-21.90855522,-1.875,66.60871122,-5.625,-25.47423979,5.625,163.8997995,1.875,34.73589418,-5.625,161.6169289,-5.625,82.9934913,5.625,62.54561628,-1.875,126.2773994,5.625,179.9691864,5.625,-80.01883154,-5.625
239.8604693,5.625,214.4003519,5.625,-55.39313896,5.625,126.4776809,-5.625,296.4391824,-5.625,139.5845246,-5.625,221.4539325,1.875,240.933259,-5.625,113.5022058,-5.625,-9.924745777,1.875,45.81670904,1.875,268.2310022,-5.625,146.592591,-1.875,201.0702975,5.625,20.23829855,-1.875,281.3129589,-5.625,273.7669547,1.875,226.8717168,5.625,255.1734737,-5.625,11.73875898,1.875,-4.330540319,5.625,263.0097838,5.625,-33.28300558,1.875,208.3920604,1.875,53.93929114,5.625,57.922541,1.875,71.83365707,1.875,103.9943301,5.625,296.2437406,-1.875,32.87086863,1.875,212.6688814,-5.625,12.6754322,5.625,189.5195748,-5.625,111.9920847,1.875,135.9118691,1.875,189.8722305,1.875,88.83631976,1.875,2.179768861,-1.875,152.7570799,5.625,-20.85973615,-1.875,68.66560889,-5.625,-26.49799909,5.625,162.9176445,1.875,37.60261534,-5.625,162.6647894,-5.625,81.97860239,5.625,63.81755792,-1.875,125.2313266,5.625,178.8909716,5.625,-78.90876663,-5.625
238.9998441,5.625,213.3900388,5.625,-56.45074154,5.625,127.5577383,-5.625,297.4826759,-5.625,140.5988535,-5.625,220.3760002,1.875,241.941081,-5.625,114.5477013,-5.625,-11.01246411,1.875,45.0013345,1.875,269.3065585,-5.625,148.2475748,-1.875,200.0265856,5.625,21.25585187,-1.875,282.3230606,-5.625,271.3821323,1.875,225.8937336,5.625,256.2146122,-5.625,10.68584764,1.875,-5.420639219,5.625,261.160273,5.625,-34.40668154,1.875,207.3797273,1.875,52.89085219,5.625,57.05433018,1.875,70.81673911,1.875,102.9136764,5.625,297.739,-1.875,31.85165045,1.875,213.6855047,-5.625,11.62021646,5.625,190.6020752,-5.625,110.9439205,1.875,134.8972461,1.875,189.0079341,1.875,87.75350552,1.875,3.26325963,-1.875,151.7444814,5.625,-19.81091709,-1.875,70.72250656,-5.625,-27.52175839,5.625,161.837274,1.875,40.46933649,-5.625,163.7126498,-5.625,80.96371349,5.625,65.08949957,-1.875,124.1852538,5.625,177.8127568,5.625,-77.79870171,-5.625
237.9584877,5.625,212.3797256,5.625,-57.50834412,5.625,128.6377957,-5.625,298.5261694,-5.625,141.6131824,-5.625,219.5661337,1.875,242.9489031,-5.625,115.5931969,-5.625,-12.10018243,1.875,43.91607098,1.875,270.3821149,-5.625,149.9025587,-1.875,198.9828736,5.625,22.27340518,-1.875,283.3331623,-5.625,268.99731,1.875,224.9157505,5.625,257.2557508,-5.625,9.632936294,1.875,-6.510738119,5.625,259.3107622,5.625,-35.5303575,1.875,206.3673942,1.875,51.84241324,5.625,56.0037951,1.875,69.79982115,1.875,102.1017653,5.625,299.2342594,-1.875,30.83243228,1.875,214.7021279,-5.625,10.56500073,5.625,191.6845757,-5.625,109.8957563,1.875,133.8826232,1.875,187.9621355,1.875,86.93997115,1.875,4.158706547,-1.875,150.7318829,5.625,-18.76209802,-1.875,72.77940423,-5.625,-28.54551769,5.625,160.855119,1.875,42.11485463,-5.625,164.7605102,-5.625,79.94882459,5.625,66.36144121,-1.875,123.2342785,5.625,176.7345419,5.625,-76.6886368,-5.625
236.9171312,5.625,211.3694124,5.625,-58.5659467,5.625,129.4492588,-5.625,299.5696629,-5.625,142.6275113,-5.625,218.4882015,1.875,243.9567252,-5.625,116.6386925,-5.625,-13.18790076,1.875,42.83080746,1.875,271.1901963,-5.625,151.5575425,-1.875,197.9391617,5.625,23.29095849,-1.875,284.3432641,-5.625,266.6124877,1.875,223.9377673,5.625,258.2968893,-5.625,8.580024951,1.875,-7.600837019,5.625,257.4612513,5.625,-36.65403346,1.875,205.3550612,1.875,50.79397429,5.625,54.95326001,1.875,68.78290319,1.875,101.0211116,5.625,300,5.625,29.8132141,1.875,215.7187512,-5.625,9.509784992,5.625,192.7670761,-5.625,109.108255,1.875,132.8680003,1.875,186.9163368,1.875,85.8571569,1.875,5.242197316,-1.875,149.7192845,5.625,-17.89530541,-1.875,74.8363019,-5.625,-29.56927698,5.625,159.872964,1.875,43.76037276,-5.625,165.8083707,-5.625,78.93393568,5.625,67.63338285,-1.875,122.1882057,5.625,175.6563271,5.625,-75.57857189,-5.625
236.056506,5.625,210.3590992,5.625,-59.62354928,5.625,130.5293162,-5.625,-100,-5.625,143.6418402,-5.625,217.4102692,1.875,244.9645473,-5.625,117.6841881,-5.625,-14.27561909,1.875,41.74554395,1.875,272.2657526,-5.625,153.2125263,-1.875,196.8954497,5.625,24.30851181,-1.875,285.3533658,-5.625,264.2276654,1.875,222.9597841,5.625,259.2433789,-5.625,7.527113609,1.875,-8.419844456,5.625,255.6117405,5.625,-37.77770942,1.875,204.3427281,1.875,49.74553534,5.625,53.90272493,1.875,67.76598522,1.875,99.94045785,5.625,297.3797178,5.625,28.79399592,1.875,216.7353744,-5.625,8.637705872,5.625,193.5803747,-5.625,108.0600908,1.875,131.8533773,1.875,185.8705382,1.875,84.77434265,1.875,6.325688085,-1.875,148.706686,5.625,-16.84648634,-1.875,76.89319957,-5.625,-30.59303628,5.625,158.7925935,1.875,45.4058909,-5.625,166.5956437,-5.625,77.91904678,5.625,68.9053245,-1.875,121.142133,5.625,174.9198918,5.625,-74.46850697,-5.625
235.0151496,5.625,209.348786,5.625,-60.68115186,5.625,131.6093736,-5.625,-97.75509553,-5.625,144.6561691,-5.625,216.3323369,1.875,245.9723694,-5.625,118.7296837,-5.625,-15.36333742,1.875,40.9301694,1.875,273.3413089,-5.625,154.8675102,-1.875,196.0328778,5.625,25.32606512,-1.875,286.3634675,-5.625,261.8428431,1.875,221.981801,5.625,260.2845174,-5.625,6.474202267,1.875,-9.509943356,5.625,253.7622297,5.625,-38.90138538,1.875,203.330395,1.875,48.69709639,5.625,53.03451412,1.875,66.74906726,1.875,98.85980414,5.625,294.7594356,5.625,27.77477774,1.875,217.7519977,-5.625,7.582490137,5.625,194.6628752,-5.625,107.0119266,1.875,130.8387544,1.875,184.8247395,1.875,83.69152841,1.875,7.139730736,-1.875,147.6940876,5.625,-15.79766728,-1.875,78.95009724,-5.625,-31.61679558,5.625,157.8104385,1.875,47.05140903,-5.625,167.6435042,-5.625,76.90415788,5.625,70.17726614,-1.875,120.0960602,5.625,173.841677,5.625,-73.35844206,-5.625
233.9737931,5.625,208.3384729,5.625,-61.73875444,5.625,132.6894311,-5.625,-95.51019107,-5.625,145.670498,-5.625,215.2544046,1.875,246.9801915,-5.625,119.7751792,-5.625,-16.45105575,1.875,39.84490589,1.875,274.4168652,-5.625,156.522494,-1.875,194.9891659,5.625,26.34361844,-1.875,287.3735693,-5.625,259.4580208,1.875,221.0038178,5.625,261.3256559,-5.625,5.421290925,1.875,-10.60004226,5.625,251.9127189,5.625,-40.02506134,1.875,202.3180619,1.875,47.64865744,5.625,51.98397903,1.875,65.7321493,1.875,98.04789302,5.625,292.1391534,5.625,26.75555956,1.875,218.768621,-5.625,6.527274403,5.625,195.7453756,-5.625,105.9637624,1.875,129.8241315,1.875,183.7789409,1.875,82.87799404,1.875,8.223221505,-1.875,146.6814891,5.625,-14.93087466,-1.875,81.00699491,-5.625,-32.64055488,5.625,156.8282835,1.875,48.69692717,-5.625,168.6913646,-5.625,75.88926897,5.625,71.44920778,-1.875,119.0499874,5.625,172.7634622,5.625,-72.24837714,-5.625
233.1131679,5.625,207.3281597,5.625,-62.79635702,5.625,133.5008942,-5.625,-93.2652866,-5.625,146.6848269,-5.625,214.4445382,1.875,247.9880136,-5.625,120.6392252,-5.625,-17.53877408,1.875,38.75964237,1.875,275.2249466,-5.625,158.1774778,-1.875,193.9454539,5.625,27.36117175,-1.875,288.383671,-5.625,257.0731985,1.875,220.0258347,5.625,262.3667944,-5.625,4.368379583,1.875,-11.69014116,5.625,250.0632081,5.625,-41.1487373,1.875,201.3057288,1.875,46.60021849,5.625,50.93344395,1.875,64.71523134,1.875,96.96723931,5.625,289.5188712,5.625,25.73634138,1.875,219.7852442,-5.625,5.472058668,5.625,196.8278761,-5.625,104.9155983,1.875,128.8095085,1.875,182.9146445,1.875,81.79517979,1.875,9.306712274,-1.875,145.6688907,5.625,-13.8820556,-1.875,83.06389257,-5.625,-33.66431417,5.625,155.747913,1.875,50.3424453,-5.625,169.739225,-5.625,74.87438007,5.625,72.72114942,-1.875,118.0039146,5.625,171.6852473,5.625,-71.13831223,-5.625
232.0718114,5.625,206.3178465,5.625,-63.8539596,5.625,134.5809516,-5.625,-92.28842948,-5.625,147.6991558,-5.625,213.3666059,1.875,248.9958357,-5.625,121.6847207,-5.625,-18.62649241,1.875,37.67437885,1.875,276.3005029,-5.625,159.8324617,-1.875,192.9017419,5.625,28.37872507,-1.875,289.3937727,-5.625,254.6883762,1.875,219.0478515,5.625,263.313284,-5.625,3.315468241,1.875,-12.50914859,5.625,248.2136973,5.625,-42.27241326,1.875,200.2933957,1.875,45.55177954,5.625,49.88290886,1.875,63.69831338,1.875,95.88658561,5.625,286.8985889,5.625,24.7171232,1.875,220.8018675,-5.625,4.599979548,5.625,197.6411747,-5.625,103.8674341,1.875,127.7948856,1.875,181.8688458,1.875,80.71236555,1.875,10.39020304,-1.875,144.6562922,5.625,-12.83323654,-1.875,85.12079024,-5.625,-34.68807347,5.625,154.765758,1.875,51.98796344,-5.625,170.7870855,-5.625,73.85949116,5.625,73.99309107,-1.875,116.9578418,5.625,170.6070325,5.625,-70.02824731,-5.625
231.030455,5.625,205.3075333,5.625,-64.91156218,5.625,135.661009,-5.625,-91.31157235,-5.625,148.7134848,-5.625,212.2886736,1.875,250.0036578,-5.625,122.7302163,-5.625,-19.71421073,1.875,36.85900431,1.875,277.3760593,-5.625,161.4874455,-1.875,191.85803,5.625,29.39627838,-1.875,290.4038745,-5.625,252.3035539,1.875,218.0698684,5.625,264.2597736,-5.625,2.262556899,1.875,-13.59924749,5.625,246.3641865,5.625,-43.39608922,1.875,199.2810626,1.875,44.50334059,5.625,48.83237378,1.875,62.68139541,1.875,94.8059319,5.625,284.2783067,5.625,23.69790502,1.875,221.8184908,-5.625,3.544763813,5.625,198.7236751,-5.625,102.8192699,1.875,126.7802627,1.875,180.8230472,1.875,79.6295513,1.875,11.20424569,-1.875,143.6436937,5.625,-11.78441747,-1.875,87.17768791,-5.625,-35.71183277,5.625,153.783603,1.875,53.63348157,-5.625,171.8349459,-5.625,72.84460226,5.625,75.26503271,-1.875,115.911769,5.625,169.8705972,5.625,-68.9181824,-5.625
230.1698298,5.625,204.2972202,5.625,-65.96916476,5.625,136.7410664,-5.625,-90.33471523,-5.625,149.7278137,-5.625,211.2107413,1.875,251.0114799,-5.625,123.7757119,-5.625,-20.80192906,1.875,35.77374079,1.875,278.4516156,-5.625,163.1424293,-1.875,190.9954581,5.625,30.41383169,-1.875,291.4139762,-5.625,249.9187316,1.875,217.0918852,5.625,265.3009121,-5.625,1.209645556,1.875,-14.68934639,5.625,244.5146757,5.625,-44.51976518,1.875,198.2687295,1.875,43.45490164,5.625,47.78183869,1.875,61.66447745,1.875,93.99402078,5.625,281.6580245,5.625,22.67868684,1.875,222.835114,-5.625,2.489548078,5.625,199.8061756,-5.625,101.7711057,1.875,125.7656397,1.875,179.7772485,1.875,78.81601693,1.875,12.28773646,-1.875,142.6310953,5.625,-10.91762486,-1.875,89.23458558,-5.625,-36.73559206,5.625,152.7032325,1.875,55.27899971,-5.625,172.8828063,-5.625,71.82971336,5.625,76.53697435,-1.875,115.1972872,5.625,168.7923824,5.625,-67.80811749,-5.625
229.1284733,5.625,203.286907,5.625,-67.02676734,5.625,137.5525295,-5.625,-89.3578581,-5.625,150.7421426,-5.625,210.4008749,1.875,252.019302,-5.625,124.6397578,-5.625,-21.88964739,1.875,34.68847727,1.875,279.259697,-5.625,164.7974132,-1.875,189.9517461,5.625,31.43138501,-1.875,292.4240779,-5.625,247.5339093,1.875,216.113902,5.625,266.3420506,-5.625,0.156734214,1.875,-15.77944529,5.625,242.6651649,5.625,-45.64344113,1.875,197.2563964,1.875,42.40646269,5.625,46.73130361,1.875,60.64755949,1.875,92.91336708,5.625,279.0377423,5.625,21.65946866,1.875,223.8517373,-5.625,1.434332343,5.625,200.888676,-5.625,100.9836044,1.875,124.7510168,1.875,178.7314499,1.875,77.73320269,1.875,13.37122723,-1.875,141.6184968,5.625,-9.868805791,-1.875,91.29148325,-5.625,-37.75935136,5.625,151.7210775,1.875,56.92451785,-5.625,173.9306668,-5.625,70.81482445,5.625,77.808916,-1.875,114.1512144,5.625,167.7141676,5.625,-66.69805257,-5.625
228.0871169,5.625,202.2765938,5.625,-68.08436992,5.625,138.632587,-5.625,-88.38100098,-5.625,151.7564715,-5.625,209.3229426,1.875,253.027124,-5.625,125.6852534,-5.625,-22.97736572,1.875,33.60321376,1.875,280.3352533,-5.625,166.452397,-1.875,188.9080342,5.625,32.44893832,-1.875,293.4341797,-5.625,245.149087,1.875,215.1359189,5.625,267.2885402,-5.625,-0.896177128,1.875,-16.59845273,5.625,240.815654,5.625,-46.76711709,1.875,196.2440634,1.875,41.35802374,5.625,45.68076852,1.875,59.63064153,1.875,91.83271337,5.625,276.4174601,5.625,20.64025048,1.875,224.8683605,-5.625,0.379116608,5.625,201.7019746,-5.625,99.93544022,1.875,123.7363939,1.875,177.6856512,1.875,76.65038844,1.875,14.454718,-1.875,140.6058984,5.625,-8.819986727,-1.875,93.34838092,-5.625,-38.78311066,5.625,150.7389225,1.875,58.57003598,-5.625,174.7179398,-5.625,69.79993555,5.625,79.08085764,-1.875,113.1051417,5.625,166.6359527,5.625,-65.58798766,-5.625
227.2264917,5.625,201.2662806,5.625,-69.1419725,5.625,139.7126444,-5.625,-87.40414385,-5.625,152.7708004,-5.625,208.2450103,1.875,254.0349461,-5.625,126.730749,-5.625,-24.06508405,1.875,32.78783921,1.875,281.4108096,-5.625,168.1073808,-1.875,187.8643222,5.625,33.46649164,-1.875,294.4442814,-5.625,242.7642647,1.875,214.1579357,5.625,268.3296787,-5.625,-1.94908847,1.875,-17.68855163,5.625,239.807621,5.625,-47.89079305,1.875,195.2317303,1.875,40.30958479,5.625,44.81255771,1.875,58.61372357,1.875,90.75205967,5.625,273.7971779,5.625,19.6210323,1.875,225.8849838,-5.625,-0.676099127,5.625,202.7844751,-5.625,98.88727603,1.875,122.7217709,1.875,176.8213548,1.875,75.56757419,1.875,15.26876065,-1.875,139.5932999,5.625,-7.771167662,-1.875,95.40527859,-5.625,-39.80686996,5.625,149.658552,1.875,60.21555412,-5.625,175.7658003,-5.625,68.78504665,5.625,80.35279928,-1.875,112.0590689,5.625,165.5577379,5.625,-64.47792274,-5.625
226.1851352,5.625,200.2559674,5.625,-70.19957508,5.625,140.7927018,-5.625,-86.42728673,-5.625,153.7851293,-5.625,207.167078,1.875,255.0427682,-5.625,127.7762446,-5.625,-25.15280238,1.875,31.7025757,1.875,282.486366,-5.625,169.7623647,-1.875,186.8206103,5.625,34.48404495,-1.875,295.4543831,-5.625,240.3794424,1.875,213.1799526,5.625,269.3708172,-5.625,-3.001999812,1.875,-18.77865053,5.625,238.7995879,5.625,-49.01446901,1.875,194.2193972,1.875,39.26114584,5.625,43.76202262,1.875,57.5968056,1.875,89.94014854,5.625,271.1768957,5.625,18.60181412,1.875,226.9016071,-5.625,-1.731314862,5.625,203.8669755,-5.625,97.83911184,1.875,121.707148,1.875,175.7755562,1.875,74.75403983,1.875,16.35225142,-1.875,138.5807015,5.625,-6.722348598,-1.875,97.46217626,-5.625,-40.83062925,5.625,148.676397,1.875,61.86107225,-5.625,176.8136607,-5.625,67.77015774,5.625,81.62474092,-1.875,111.0129961,5.625,164.8213027,5.625,-63.36785783,-5.625
225.1437788,5.625,199.2456543,5.625,-71.25717766,5.625,141.6041649,-5.625,-85.4504296,-5.625,154.7994582,-5.625,206.3572116,1.875,256.0505903,-5.625,128.8217401,-5.625,-26.24052071,1.875,30.61731218,1.875,283.2944474,-5.625,171.4173485,-1.875,185.9580384,5.625,35.50159827,-1.875,296.4644849,-5.625,237.9946201,1.875,212.2019694,5.625,270.4119557,-5.625,-4.054911154,1.875,-19.86874943,5.625,237.7915549,5.625,-50.13814497,1.875,193.2070641,1.875,38.21270689,5.625,42.71148754,1.875,56.57988764,1.875,88.85949484,5.625,268.5566135,5.625,17.58259595,1.875,227.9182303,-5.625,-2.786530597,5.625,204.949476,-5.625,96.79094765,1.875,120.692525,1.875,174.7297575,1.875,73.67122558,1.875,17.43574219,-1.875,137.568103,5.625,-5.673529534,-1.875,99.51907393,-5.625,-41.85438855,5.625,147.694242,1.875,63.50659039,-5.625,177.8615211,-5.625,66.75526884,5.625,82.89668257,-1.875,109.9669233,5.625,163.7430878,5.625,-62.25779291,-5.625
224.2831536,5.625,198.2353411,5.625,-72.31478024,5.625,142.6842223,-5.625,-84.37588677,-5.625,155.8137871,-5.625,205.2792793,1.875,257.0584124,-5.625,129.8672357,-5.625,-27.32823904,1.875,29.53204866,1.875,284.3700037,-5.625,173.0723323,-1.875,184.9143264,5.625,36.51915158,-1.875,297.4745866,-5.625,235.6097978,1.875,211.2239863,5.625,271.3584453,-5.625,-5.107822496,1.875,-20.68775687,5.625,236.7835218,5.625,-51.26182093,1.875,192.194731,1.875,37.16426794,5.625,41.66095246,1.875,55.56296968,1.875,87.77884114,5.625,265.9363313,5.625,16.56337777,1.875,228.9348536,-5.625,-3.658609717,5.625,205.7627746,-5.625,95.74278346,1.875,119.6779021,1.875,173.6839589,1.875,72.58841133,1.875,18.51923296,-1.875,136.5555045,5.625,-4.624710469,-1.875,101.5759716,-5.625,-42.87814785,5.625,146.6138715,1.875,65.15210852,-5.625,178.9093816,-5.625,65.74037994,5.625,84.16862421,-1.875,108.9208505,5.625,162.664873,5.625,-61.147728,-5.625
223.2417971,5.625,197.2250279,5.625,-73.37238282,5.625,143.7642797,-5.625,-83.30134393,-5.625,156.828116,-5.625,204.201347,1.875,258.0662345,-5.625,130.9127313,-5.625,-28.41595736,1.875,28.71667412,1.875,285.44556,-5.625,174.7273161,-1.875,183.8706145,5.625,37.5367049,-1.875,298.4846883,-5.625,233.2249755,1.875,210.2460031,5.625,272.3995838,-5.625,-6.160733839,1.875,-21.77785577,5.625,235.7754887,5.625,-52.38549689,1.875,191.1823979,1.875,36.11582899,5.625,40.79274164,1.875,54.54605172,1.875,86.69818743,5.625,263.316049,5.625,15.54415959,1.875,229.9514769,-5.625,-4.713825451,5.625,206.8452751,-5.625,94.69461927,1.875,118.6632792,1.875,172.6381603,1.875,71.50559709,1.875,19.33327561,-1.875,135.5429061,5.625,-3.575891405,-1.875,103.6328693,-5.625,-43.90190715,5.625,145.6317165,1.875,66.79762666,-5.625,179.957242,-5.625,64.72549103,5.625,85.44056585,-1.875,107.8747777,5.625,161.5866581,5.625,-60.03766308,-5.625
222.3811719,5.625,196.2147147,5.625,-74.4299854,5.625,144.8443372,-5.625,-82.22680109,-5.625,157.8424449,-5.625,203.1234148,1.875,259.0740566,-5.625,131.9582269,-5.625,-29.50367569,1.875,27.6314106,1.875,286.5211163,-5.625,176.3823,-1.875,182.8269025,5.625,38.55425821,-1.875,299.4947901,-5.625,230.8401532,1.875,209.1702216,5.625,273.4407224,-5.625,-7.213645181,1.875,-22.86795467,5.625,234.7674557,5.625,-53.50917285,1.875,190.1700648,1.875,35.06739004,5.625,39.74220656,1.875,53.52913376,1.875,85.88627631,5.625,260.6957668,5.625,14.52494141,1.875,230.9681001,-5.625,-5.769041186,5.625,207.9277755,-5.625,93.64645508,1.875,117.6486562,1.875,171.5923616,1.875,70.69206272,1.875,20.41676638,-1.875,134.5303076,5.625,-2.709098789,-1.875,105.6897669,-5.625,-44.92566644,5.625,144.6495615,1.875,68.44314479,-5.625,181.0051025,-5.625,63.71060213,5.625,86.7125075,-1.875,107.1602959,5.625,160.5084433,5.625,-58.92759817,-5.625
221.3398155,5.625,195.2044015,5.625,-75.48758798,5.625,145.6558003,-5.625,-81.15225826,-5.625,158.8567738,-5.625,202.3135483,1.875,260.0818787,-5.625,132.8222728,-5.625,-30.59139402,1.875,26.54614708,1.875,287.3291977,-5.625,178.0372838,-1.875,181.7831905,5.625,39.57181152,-1.875,300,5.625,228.4553309,1.875,208.1922385,5.625,274.4818609,-5.625,-8.266556523,1.875,-23.95805357,5.625,233.7594226,5.625,-54.63284881,1.875,189.1577317,1.875,34.01895109,5.625,38.69167147,1.875,52.51221579,1.875,84.8056226,5.625,258.0754846,5.625,13.50572323,1.875,231.9847234,-5.625,-6.824256921,5.625,209.010276,-5.625,92.85895381,1.875,116.6340333,1.875,170.7280652,1.875,69.60924847,1.875,21.50025715,-1.875,133.5177092,5.625,-1.660279725,-1.875,107.7466646,-5.625,-45.94942574,5.625,143.569191,1.875,70.08866293,-5.625,182.0529629,-5.625,62.69571322,5.625,87.98444914,-1.875,106.1142232,5.625,159.7720081,5.625,-57.81753326,-5.625
220.298459,5.625,194.1940884,5.625,-76.54519056,5.625,146.7358577,-5.625,-80.07771542,-5.625,159.8711027,-5.625,201.235616,1.875,261.0897008,-5.625,133.8677684,-5.625,-31.67911235,1.875,25.46088357,1.875,288.404754,-5.625,179.6922676,-1.875,180.7394786,5.625,40.58936484,-1.875,298.8198235,5.625,226.0705086,1.875,207.116457,5.625,275.3423059,-5.625,-9.319467865,1.875,-24.777061,5.625,232.7513896,5.625,-55.75652477,1.875,188.1453986,1.875,32.97051214,5.625,37.64113639,1.875,51.49529783,1.875,83.7249689,5.625,255.4552024,5.625,12.48650505,1.875,233.0013467,-5.625,-7.696336041,5.625,209.8235746,-5.625,91.81078962,1.875,115.6194104,1.875,169.6822666,1.875,68.52643423,1.875,22.58374792,-1.875,132.5051107,5.625,-0.61146066,-1.875,109.8035623,-5.625,-46.97318504,5.625,142.587036,1.875,71.73418106,-5.625,182.8402359,-5.625,61.68082432,5.625,89.25639078,-1.875,105.0681504,5.625,158.6937932,5.625,-56.70746834,-5.625
219.2571025,5.625,193.1837752,5.625,-77.60279314,5.625,147.8159151,-5.625,-79.00317258,-5.625,160.8854316,-5.625,200.1576837,1.875,262.0975229,-5.625,134.913264,-5.625,-32.76683068,1.875,24.64550902,1.875,289.4803104,-5.625,181.3472515,-1.875,179.6957666,5.625,41.60691815,-1.875,297.639647,5.625,223.6856863,1.875,206.0406755,5.625,276.3834445,-5.625,-10.37237921,1.875,-25.8671599,5.625,231.7433565,5.625,-56.88020073,1.875,187.1330655,1.875,31.92207319,5.625,36.77292557,1.875,50.47837987,1.875,82.64431519,5.625,252.8349202,5.625,11.46728687,1.875,234.0179699,-5.625,-8.751551776,5.625,210.906075,-5.625,90.76262543,1.875,114.6047874,1.875,168.6364679,1.875,67.44361998,1.875,23.66723869,-1.875,131.4925123,5.625,0.437358404,-1.875,111.8604599,-5.625,-47.99694433,5.625,141.604881,1.875,73.3796992,-5.625,183.8880964,-5.625,60.66593542,5.625,90.52833242,-1.875,104.0220776,5.625,157.6155784,5.625,-55.59740343,-5.625
218.2157461,5.625,192.173462,5.625,-78.66039572,5.625,148.8959725,-5.625,-77.92862975,-5.625,161.8997605,-5.625,199.0797515,1.875,263.105345,-5.625,135.9587595,-5.625,-33.85454901,1.875,23.56024551,1.875,290.5558667,-5.625,183.0022353,-1.875,178.6520547,5.625,42.62447147,-1.875,296.4594705,5.625,221.300864,1.875,204.964894,5.625,277.424583,-5.625,-11.42529055,1.875,-26.9572588,5.625,230.7353234,5.625,-58.00387669,1.875,186.1207325,1.875,30.87363424,5.625,35.72239049,1.875,49.46146191,1.875,81.83240407,5.625,250.214638,5.625,10.44806869,1.875,235.0345932,-5.625,-9.806767511,5.625,211.9885755,-5.625,89.71446124,1.875,113.5901645,1.875,167.5906693,1.875,66.63008561,1.875,24.48128134,-1.875,130.4799138,5.625,1.486177468,-1.875,113.9173576,-5.625,-49.02070363,5.625,140.5245105,1.875,75.02521734,-5.625,184.9359568,-5.625,59.65104651,5.625,91.80027407,-1.875,102.9760048,5.625,156.5373636,5.625,-54.48733851,-5.625
217.1743896,5.625,191.1631488,5.625,-79.7179983,5.625,149.9760299,-5.625,-76.85408691,-5.625,162.9140894,-5.625,198.269885,1.875,264.113167,-5.625,137.0042551,-5.625,-34.94226734,1.875,22.47498199,1.875,291.631423,-5.625,184.6572191,-1.875,177.6083427,5.625,43.64202478,-1.875,295.279294,5.625,218.9160417,1.875,203.8891126,5.625,278.4657215,-5.625,-12.47820189,1.875,-28.0473577,5.625,229.7272904,5.625,-59.12755265,1.875,185.1083994,1.875,29.82519529,5.625,34.6718554,1.875,48.44454395,1.875,80.75175037,5.625,247.5943558,5.625,9.428850512,1.875,236.0512164,-5.625,-10.86198325,5.625,213.0710759,-5.625,88.66629705,1.875,112.5755416,1.875,166.5448706,1.875,65.54727136,1.875,25.56477211,-1.875,129.4673153,5.625,2.352970084,-1.875,115.9742553,-5.625,-50.04446293,5.625,139.5423555,1.875,76.67073547,-5.625,185.9838173,-5.625,58.63615761,5.625,93.07221571,-1.875,101.929932,5.625,155.4591487,5.625,-53.3772736,-5.625
216.1330331,5.625,190.1528356,5.625,-80.77560088,5.625,150.7874931,-5.625,-75.77954407,-5.625,163.9284183,-5.625,197.1919527,1.875,265.1209891,-5.625,137.868301,-5.625,-36.02998566,1.875,21.38971847,1.875,292.7069793,-5.625,186.312203,-1.875,176.5646307,5.625,44.6595781,-1.875,294.0991176,5.625,216.5312193,1.875,202.8133311,5.625,279.50686,-5.625,-13.53111323,1.875,-28.86636514,5.625,228.7192573,5.625,-60.25122861,1.875,184.0960663,1.875,28.77675634,5.625,33.62132032,1.875,47.42762598,1.875,79.67109666,5.625,244.9740736,5.625,8.409632333,1.875,237.0678397,-5.625,-11.91719898,5.625,213.8843745,-5.625,87.61813286,1.875,111.5609186,1.875,165.499072,1.875,64.46445712,1.875,26.64826288,-1.875,128.4547169,5.625,3.401789148,-1.875,116.8106517,-5.625,-51.06822223,5.625,138.5602005,1.875,78.31625361,-5.625,187.0316777,-5.625,57.62126871,5.625,94.34415735,-1.875,100.8838592,5.625,154.3809339,5.625,-52.26720868,-5.625
215.0916767,5.625,189.1425225,5.625,-81.83320346,5.625,151.8675505,-5.625,-74.70500123,-5.625,164.9427472,-5.625,196.1140204,1.875,266.1288112,-5.625,138.9137966,-5.625,-37.11770399,1.875,20.57434393,1.875,293.7825357,-5.625,187.9671868,-1.875,175.5209188,5.625,45.67713141,-1.875,292.9189411,5.625,214.146397,1.875,201.7375496,5.625,280.5479986,-5.625,-14.58402458,1.875,-29.95646404,5.625,227.7112243,5.625,-61.37490457,1.875,183.0837332,1.875,27.72831739,5.625,32.57078524,1.875,46.41070802,1.875,78.59044296,5.625,242.3537914,5.625,7.390414154,1.875,238.084463,-5.625,-12.97241472,5.625,214.966875,-5.625,86.56996867,1.875,110.5462957,1.875,164.7847774,1.875,63.38164287,1.875,27.73175365,-1.875,127.4421184,5.625,4.450608213,-1.875,117.8226915,-5.625,-52.09198152,5.625,137.5780455,1.875,79.96177174,-5.625,188.0795381,-5.625,56.6063798,5.625,95.616099,-1.875,99.83778644,5.625,153.6444986,5.625,-51.15714377,-5.625
214.0503202,5.625,188.1322093,5.625,-82.89080604,5.625,152.9476079,-5.625,-73.6304584,-5.625,165.9570761,-5.625,195.0360882,1.875,267.1366333,-5.625,139.9592922,-5.625,-38.20542232,1.875,19.48908041,1.875,294.858092,-5.625,189.6221706,-1.875,174.6583469,5.625,46.69468472,-1.875,291.7387646,5.625,211.7615747,1.875,200.6617682,5.625,281.5891371,-5.625,-15.63693592,1.875,-31.04656294,5.625,226.7031912,5.625,-62.49858052,1.875,182.0714001,1.875,26.67987844,5.625,31.52025015,1.875,45.39379006,1.875,77.77853183,5.625,239.7335091,5.625,6.371195975,1.875,239.1010862,-5.625,-14.02763045,5.625,216.0493754,-5.625,85.52180448,1.875,109.5316728,1.875,163.7389788,1.875,62.5681085,1.875,28.5457963,-1.875,126.42952,5.625,5.499427277,-1.875,118.8347312,-5.625,-53.11574082,5.625,136.497675,1.875,81.60728988,-5.625,189.1273986,-5.625,55.5914909,5.625,96.88804064,-1.875,98.79171366,5.625,152.5662838,5.625,-50.04707886,-5.625
213.0089637,5.625,187.1218961,5.625,-83.94840862,5.625,154.0276653,-5.625,-72.55591556,-5.625,166.971405,-5.625,194.2262217,1.875,268.1444554,-5.625,141.0047878,-5.625,-39.29314065,1.875,18.40381689,1.875,295.9336483,-5.625,191.2771545,-1.875,173.6146349,5.625,47.71223804,-1.875,290.5585881,5.625,209.3767524,1.875,199.5859867,5.625,282.6302756,-5.625,-16.68984726,1.875,-32.13666184,5.625,225.6951581,5.625,-63.62225648,1.875,181.059067,1.875,25.63143948,5.625,30.46971507,1.875,44.3768721,1.875,76.69787813,5.625,237.1132269,5.625,5.351977796,1.875,240.1177095,-5.625,-15.08284619,5.625,217.1318759,-5.625,84.73430322,1.875,108.5170498,1.875,162.6931801,1.875,61.48529426,1.875,29.62928707,-1.875,125.4169215,5.625,6.548246341,-1.875,119.8467709,-5.625,-54.13950012,5.625,135.5155199,1.875,83.25280801,-5.625,190.175259,-5.625,54.57660199,5.625,98.15998228,-1.875,97.74564087,5.625,151.488069,5.625,-48.93701394,-5.625
211.9676073,5.625,186.1115829,5.625,-85.0060112,5.625,154.8391284,-5.625,-71.48137272,-5.625,167.9857339,-5.625,193.1482894,1.875,269.1522775,-5.625,142.0502834,-5.625,-40.38085898,1.875,17.31855338,1.875,297.0092047,-5.625,192.9321383,-1.875,172.570923,5.625,48.72979135,-1.875,289.3784116,5.625,206.9919301,1.875,198.5102052,5.625,283.6714141,-5.625,-17.7427586,1.875,-33.22676074,5.625,224.6871251,5.625,-64.74593244,1.875,180.0467339,1.875,24.58300053,5.625,29.41917998,1.875,43.35995414,1.875,75.61722442,5.625,236.3068005,5.625,4.332759616,1.875,241.1343328,-5.625,-16.13806192,5.625,217.9451745,-5.625,83.68613903,1.875,107.5024269,1.875,161.6473815,1.875,60.40248001,1.875,30.71277784,-1.875,124.4043231,5.625,7.597065406,-1.875,120.8588106,-5.625,-55.16325942,5.625,134.5333649,1.875,84.89832615,-5.625,190.9625321,-5.625,53.56171309,5.625,99.43192392,-1.875,96.69956808,5.625,150.4098541,5.625,-47.82694903,-5.625
210.9262508,5.625,185.1012697,5.625,-86.06361378,5.625,155.9191858,-5.625,-70.40682989,-5.625,169.0000628,-5.625,192.0703572,1.875,270.1600996,-5.625,143.0957789,-5.625,-41.46857731,1.875,16.50317883,1.875,298.084761,-5.625,194.5871221,-1.875,171.527211,5.625,49.74734467,-1.875,288.1982351,5.625,204.6071078,1.875,197.4344237,5.625,284.7125527,-5.625,-18.79566994,1.875,-34.04576818,5.625,223.679092,5.625,-65.8696084,1.875,179.0344008,1.875,23.53456158,5.625,28.55096917,1.875,42.34303617,1.875,74.53657072,5.625,235.500374,5.625,3.313541437,1.875,242.150956,-5.625,-17.01014104,5.625,219.0276749,-5.625,82.63797484,1.875,106.4878039,1.875,160.6015828,1.875,59.31966577,1.875,31.79626861,-1.875,123.3917246,5.625,8.64588447,-1.875,121.8708503,-5.625,-56.18701871,5.625,133.4529944,1.875,86.54384428,-5.625,192.0103925,-5.625,52.54682419,5.625,100.7038656,-1.875,95.6534953,5.625,149.3316393,5.625,-46.71688411,-5.625
209.8848943,5.625,184.0909566,5.625,-87.12121636,5.625,156.9992433,-5.625,-69.33228705,-5.625,170.0143917,-5.625,190.9924249,1.875,271.1679217,-5.625,144.1412745,-5.625,-42.55629564,1.875,15.41791532,1.875,299.1603173,-5.625,196.242106,-1.875,170.483499,5.625,50.76489798,-1.875,287.0180586,5.625,203.5636694,1.875,196.3586423,5.625,285.7536912,-5.625,-19.84858129,1.875,-35.13586708,5.625,222.671059,5.625,-66.99328436,1.875,178.0220677,1.875,22.48612263,5.625,27.50043408,1.875,41.32611821,1.875,73.7246596,5.625,234.6939476,5.625,2.294323258,1.875,243.1675793,-5.625,-18.06535678,5.625,220.1101754,-5.625,81.58981065,1.875,105.473181,1.875,159.5557842,1.875,58.5061314,1.875,32.61031126,-1.875,122.3791261,5.625,9.694703535,-1.875,122.8828901,-5.625,-57.21077801,5.625,132.4708394,1.875,88.18936242,-5.625,193.0582529,-5.625,51.53193528,5.625,101.9758072,-1.875,94.93901351,5.625,148.8286441,5.625,-45.6068192,-5.625
208.8435379,5.625,183.0806434,5.625,-88.17881894,5.625,158.0793007,-5.625,-68.25774421,-5.625,171.0287206,-5.625,190.1825584,1.875,272.1757438,-5.625,145.1867701,-5.625,-43.64401397,1.875,14.3326518,1.875,-100,-1.875,197.8970898,-1.875,169.8943509,5.625,51.7824513,-1.875,285.8378821,5.625,202.5202309,1.875,195.2828608,5.625,286.7948297,-5.625,-20.90149263,1.875,-36.22596598,5.625,221.6630259,5.625,-68.11696032,1.875,177.0097347,1.875,21.43768368,5.625,26.449899,1.875,40.30920025,1.875,72.64400589,5.625,233.7181716,5.625,1.275105079,1.875,244.1842026,-5.625,-19.12057251,5.625,221.1926758,-5.625,80.54164646,1.875,104.4585581,1.875,158.5099855,1.875,57.42331715,1.875,33.69380203,-1.875,121.3665277,5.625,10.56149615,-1.875,123.8949298,-5.625,-58.23453731,5.625,131.4886844,1.875,89.83488056,-5.625,194.1061134,-5.625,50.51704638,5.625,103.2477489,-1.875,93.89294072,5.625,147.7504293,5.625,-44.49675428,-5.625
207.8021814,5.625,182.0703302,5.625,-89.23642152,5.625,158.8907638,-5.625,-67.18320137,-5.625,172.0430495,-5.625,189.1046261,1.875,273.1835659,-5.625,146.050816,-5.625,-44.73173229,1.875,13.24738828,1.875,-98.70067374,-1.875,199.5520736,-1.875,168.8506389,5.625,52.80000461,-1.875,284.6577056,5.625,201.4767925,1.875,194.2070793,5.625,287.8359682,-5.625,-21.95440397,1.875,-37.31606488,5.625,220.6549929,5.625,-69.24063628,1.875,175.9974016,1.875,20.38924473,5.625,25.39936391,1.875,39.29228229,1.875,71.56335219,5.625,232.7423956,5.625,0.2558869,1.875,245.2008258,-5.625,-20.17578825,5.625,222.0059745,-5.625,79.49348227,1.875,103.4439351,1.875,157.4641869,1.875,56.3405029,1.875,34.7772928,-1.875,120.3539292,5.625,11.61031521,-1.875,124.8149659,-5.625,-59.2582966,5.625,130.4083139,1.875,91.48039869,-5.625,195.1539738,-5.625,49.50215748,5.625,104.5196905,-1.875,92.84686794,5.625,146.6722144,5.625,-43.38668937,-5.625
206.7608249,5.625,181.060017,5.625,-90.29402409,5.625,159.9708212,-5.625,-66.10865854,-5.625,173.0573784,-5.625,188.0266939,1.875,274.191388,-5.625,147.0963116,-5.625,-45.81945062,1.875,12.43201374,1.875,-97.40134749,-1.875,201.2070575,-1.875,167.8069269,5.625,53.81755792,-1.875,283.4775291,5.625,200.4333541,1.875,193.1312978,5.625,288.8771068,-5.625,-23.00731531,1.875,-38.13507232,5.625,219.6469598,5.625,-70.36431224,1.875,174.9850685,1.875,19.34080578,5.625,24.5311531,1.875,38.27536433,1.875,70.48269848,5.625,231.7666196,5.625,-0.76333128,1.875,246.2174491,-5.625,-21.04786737,5.625,223.0884749,-5.625,78.44531808,1.875,102.4293122,1.875,156.4183883,1.875,55.25768866,1.875,35.86078356,-1.875,119.3413308,5.625,12.65913428,-1.875,125.8270056,-5.625,-60.2820559,5.625,129.4261589,1.875,93.12591683,-5.625,196.2018342,-5.625,48.48726857,5.625,105.7916321,-1.875,91.80079515,5.625,145.5939996,5.625,-42.27662446,-5.625
205.7194685,5.625,180.0497038,5.625,-91.35162667,5.625,161.0508786,-5.625,-65.0341157,-5.625,174.0717073,-5.625,186.9487616,1.875,275.19921,-5.625,148.1418072,-5.625,-46.90716895,1.875,11.34675022,1.875,-96.10202123,-1.875,202.8620413,-1.875,166.763215,5.625,54.83511124,-1.875,282.2973527,5.625,199.3899156,1.875,192.0555164,5.625,289.9182453,-5.625,-24.06022665,1.875,-39.22517121,5.625,218.6389267,5.625,-71.4879882,1.875,173.9727354,1.875,18.29236683,5.625,23.48061802,1.875,37.25844637,1.875,69.67078736,5.625,230.7908436,5.625,-1.782549459,1.875,247.2340723,-5.625,-22.1030831,5.625,224.1709754,-5.625,77.39715389,1.875,101.4146893,1.875,155.7040937,1.875,54.44415429,1.875,36.67482622,-1.875,118.3287323,5.625,13.70795334,-1.875,126.8390453,-5.625,-61.3058152,5.625,128.4440039,1.875,94.77143496,-5.625,197.2496947,-5.625,47.47237967,5.625,107.0635738,-1.875,90.75472237,5.625,144.5157848,5.625,-41.16655954,-5.625
204.678112,5.625,179.0393907,5.625,-92.40922925,5.625,162.130936,-5.625,-63.95957286,-5.625,175.0860362,-5.625,186.1388951,1.875,276.2070321,-5.625,149.1873028,-5.625,-47.99488728,1.875,10.2614867,1.875,-94.80269498,-1.875,204.5170251,-1.875,165.719503,5.625,55.85266455,-1.875,281.1171762,5.625,198.3464772,1.875,190.9797349,5.625,290.9593838,-5.625,-25.113138,1.875,-40.31527011,5.625,217.6308937,5.625,-72.61166416,1.875,172.9604023,1.875,17.24392788,5.625,22.43008293,1.875,36.2415284,1.875,68.59013366,5.625,229.8150676,5.625,-2.801767638,1.875,248.2506956,-5.625,-23.15829883,5.625,225.2534758,-5.625,76.60965262,1.875,100.4000663,1.875,154.6582951,1.875,53.36134004,1.875,37.75831698,-1.875,117.3161339,5.625,14.57474596,-1.875,127.851085,-5.625,-62.3295745,5.625,127.3636334,1.875,96.4169531,-5.625,198.2975551,-5.625,46.45749077,5.625,108.3355154,-1.875,89.70864958,5.625,143.4375699,5.625,-40.05649463,-5.625
203.6367555,5.625,178.0290775,5.625,-93.46683183,5.625,162.9423992,-5.625,-62.88503003,-5.625,176.1003651,-5.625,185.0609628,1.875,277.2148542,-5.625,150.0513487,-5.625,-49.08260561,1.875,9.176223186,1.875,-93.50336872,-1.875,206.172009,-1.875,164.675791,5.625,56.87021787,-1.875,279.9369997,5.625,197.3030387,1.875,190.1714843,5.625,292.0005223,-5.625,-26.16604934,1.875,-41.40536901,5.625,216.6228606,5.625,-73.73534012,1.875,171.9480692,1.875,16.19548893,5.625,21.37954785,1.875,35.22461044,1.875,67.50947995,5.625,228.8392916,5.625,-3.820985817,1.875,249.2673189,-5.625,-24.21351457,5.625,226.0667744,-5.625,75.56148843,1.875,99.38544339,1.875,153.6124964,1.875,52.2785258,1.875,38.84180775,-1.875,116.3035354,5.625,15.62356502,-1.875,128.7711212,-5.625,-63.35333379,5.625,126.3814784,1.875,98.06247123,-5.625,199.0848282,-5.625,45.44260186,5.625,109.6074571,-1.875,88.66257679,5.625,142.3593551,5.625,-38.94642971,-5.625
202.5953991,5.625,177.0187643,5.625,-94.52443441,5.625,164.0224566,-5.625,-61.81048719,-5.625,177.114694,-5.625,183.9830306,1.875,278.2226763,-5.625,151.0968443,-5.625,-50.17032394,1.875,8.360848643,1.875,-92.20404246,-1.875,207.8269928,-1.875,163.6320791,5.625,57.88777118,-1.875,278.7568232,5.625,196.2596003,1.875,189.0957029,5.625,293.0416608,-5.625,-27.21896068,1.875,-42.22437645,5.625,215.6148276,5.625,-74.85901608,1.875,170.9357361,1.875,15.14704998,5.625,20.32901276,1.875,34.20769248,1.875,66.42882625,5.625,227.8635156,5.625,-4.840203996,1.875,250.2839421,-5.625,-25.2687303,5.625,227.1492749,-5.625,74.51332424,1.875,98.37082046,1.875,152.5666978,1.875,51.19571155,1.875,39.92529852,-1.875,115.2909369,5.625,16.67238409,-1.875,129.7831609,-5.625,-64.37709309,5.625,125.3993234,1.875,98.87210301,-5.625,200.1326886,-5.625,44.42771296,5.625,110.8793987,-1.875,87.61650401,5.625,141.2811403,5.625,-37.8363648,-5.625
201.5540426,5.625,176.0084511,5.625,-95.58203699,5.625,165.102514,-5.625,-60.73594435,-5.625,178.1290229,-5.625,182.9050983,1.875,279.2304984,-5.625,152.1423398,-5.625,-51.25804227,1.875,7.275585126,1.875,-90.90471621,-1.875,209.4819766,-1.875,162.5883671,5.625,58.9053245,-1.875,277.5766467,5.625,195.2161619,1.875,188.0199214,5.625,294.0827994,-5.625,-28.27187202,1.875,-43.31447535,5.625,214.6067945,5.625,-75.98269204,1.875,169.923403,1.875,14.09861103,5.625,19.27847768,1.875,33.19077452,1.875,65.34817254,5.625,226.8877396,5.625,-5.859422176,1.875,251.3005654,-5.625,-26.32394604,5.625,228.2317753,-5.625,73.46516005,1.875,97.35619752,1.875,151.5208991,1.875,50.11289731,1.875,40.73934117,-1.875,114.2783385,5.625,17.72120315,-1.875,130.7952006,-5.625,-65.40085239,5.625,124.3189529,1.875,99.68173478,-5.625,201.180549,-5.625,43.41282405,5.625,112.1513404,-1.875,86.57043122,5.625,140.2029254,5.625,-36.72629988,-5.625
200.5126861,5.625,174.9981379,5.625,-96.63963957,5.625,166.1825714,-5.625,-59.66140152,-5.625,179.1433518,-5.625,182.0952318,1.875,280.2383205,-5.625,153.1878354,-5.625,-52.34576059,1.875,6.190321608,1.875,-89.60538995,-1.875,211.1369605,-1.875,161.5446552,5.625,59.92287781,-1.875,276.3964702,5.625,194.1727234,1.875,186.9441399,5.625,295.1239379,-5.625,-29.32478337,1.875,-44.40457425,5.625,213.5987614,5.625,-77.106368,1.875,168.9110699,1.875,13.05017208,5.625,18.22794259,1.875,32.17385656,1.875,64.53626142,5.625,225.9119636,5.625,-6.878640355,1.875,252.3171887,-5.625,-27.37916177,5.625,229.3142758,-5.625,72.41699586,1.875,96.34157458,1.875,150.4751005,1.875,49.29936294,1.875,41.82283194,-1.875,113.26574,5.625,18.77002222,-1.875,131.8072403,-5.625,-66.42461169,5.625,123.3367979,1.875,100.7593547,-5.625,202.2284095,-5.625,42.39793515,5.625,113.423282,-1.875,85.52435844,5.625,139.4664902,5.625,-35.61623497,-5.625
199.4713297,5.625,173.9878248,5.625,-97.69724215,5.625,166.9940345,-5.625,-58.58685868,-5.625,180.1576807,-5.625,181.0172995,1.875,281.2461426,-5.625,154.0518814,-5.625,-53.43347892,1.875,5.105058091,1.875,-88.30606369,-1.875,212.7919443,-1.875,160.5009432,5.625,60.94043112,-1.875,275.2162937,5.625,193.129285,1.875,186.1358894,5.625,296.1650764,-5.625,-30.37769471,1.875,-45.49467315,5.625,212.5907284,5.625,-78.23004396,1.875,167.8987368,1.875,12.00173313,5.625,17.17740751,1.875,31.15693859,1.875,63.45560771,5.625,224.9361876,5.625,-7.897858534,1.875,253.3338119,-5.625,-28.43437751,5.625,230.3967762,-5.625,71.36883167,1.875,95.32695165,1.875,149.4293018,1.875,48.21654869,1.875,42.90632271,-1.875,112.2531416,5.625,19.81884128,-1.875,132.7272764,-5.625,-67.44837098,5.625,122.3546429,1.875,101.8369746,-5.625,203.2762699,-5.625,41.38304625,5.625,114.6952236,-1.875,84.47828565,5.625,138.3882753,5.625,-34.50617006,-5.625
198.4299732,5.625,172.9775116,5.625,-98.75484473,5.625,168.0740919,-5.625,-57.51231584,-5.625,181.1720096,-5.625,179.9393673,1.875,282.2539647,-5.625,155.0973769,-5.625,-54.52119725,1.875,4.019794574,1.875,-87.00673744,-1.875,214.4469281,-1.875,159.4572312,5.625,61.95798444,-1.875,274.0361172,5.625,192.0858465,1.875,185.0601079,5.625,297.2062149,-5.625,-31.43060605,1.875,-46.31368059,5.625,211.5826953,5.625,-79.35371992,1.875,166.8864038,1.875,10.95329418,5.625,16.12687242,1.875,30.14002063,1.875,62.37495401,5.625,223.9604116,5.625,-8.917076713,1.875,254.3504352,-5.625,-29.30645663,5.625,231.2100748,-5.625,70.32066748,1.875,94.31232871,1.875,148.3835032,1.875,47.13373444,1.875,43.98981348,-1.875,111.2405431,5.625,20.86766035,-1.875,133.7393161,-5.625,-68.47213028,5.625,121.2742724,1.875,102.6466063,-5.625,204.3241303,-5.625,40.36815734,5.625,115.9671653,-1.875,83.43221286,5.625,137.3100605,5.625,-33.39610514,-5.625
197.3886167,5.625,171.9671984,5.625,-99.81244731,5.625,169.1541494,-5.625,-56.437773,-5.625,182.1863385,-5.625,178.861435,1.875,283.2617868,-5.625,156.1428725,-5.625,-55.60891558,1.875,3.204420031,1.875,-85.70741118,-1.875,216.101912,-1.875,158.4135193,5.625,62.97553775,-1.875,272.8559407,5.625,191.0424081,1.875,183.9843264,5.625,298.2473535,-5.625,-32.48351739,1.875,-47.40377949,5.625,210.5746623,5.625,-80.47739587,1.875,165.8740707,1.875,9.904855234,5.625,15.25866161,1.875,29.12310267,1.875,61.2943003,5.625,222.9846356,5.625,-9.936294892,1.875,255.3670584,-5.625,-30.36167236,5.625,232.2925753,-5.625,69.27250329,1.875,93.29770578,1.875,147.3377045,1.875,46.0509202,1.875,44.80385613,-1.875,110.2279447,5.625,21.91647941,-1.875,134.7513559,-5.625,-69.49588958,5.625,120.2921174,1.875,103.7242262,-5.625,205.3719908,-5.625,39.35326844,5.625,117.2391069,-1.875,82.38614008,5.625,136.2318457,5.625,-32.28604023,-5.625
196.3472603,5.625,170.9568852,5.625,-100,-1.875,170.2342068,-5.625,-55.36323017,-5.625,183.2006674,-5.625,178.0515685,1.875,284.2696089,-5.625,157.1883681,-5.625,-56.69663391,1.875,2.119156513,1.875,-84.40808493,-1.875,217.7568958,-1.875,157.3698073,5.625,63.99309107,-1.875,271.6757642,5.625,190.1800623,1.875,182.908545,5.625,299.288492,-5.625,-33.53642873,1.875,-48.49387839,5.625,209.5666292,5.625,-81.60107183,1.875,164.8617376,1.875,8.856416284,5.625,14.20812652,1.875,28.10618471,1.875,60.48238918,5.625,222.0088596,5.625,-10.95551307,1.875,256.3836817,-5.625,-31.4168881,5.625,233.3750757,-5.625,68.2243391,1.875,92.28308284,1.875,146.2919059,1.875,45.23738583,1.875,45.8873469,-1.875,109.2153462,5.625,22.78327203,-1.875,135.7633956,-5.625,-70.51964887,5.625,119.3099624,1.875,104.8018461,-5.625,206.4198512,-5.625,38.33837954,5.625,118.5110486,-1.875,81.67165829,5.625,135.1536308,5.625,-31.17597531,-5.625
195.3059038,5.625,169.9465721,5.625,-98.79373889,-1.875,171.0456699,-5.625,-54.28868733,-5.625,184.2149963,-5.625,176.9736363,1.875,285.277431,-5.625,158.2338637,-5.625,-57.78435224,1.875,1.033892996,1.875,-83.10875867,-1.875,219.4118796,-1.875,156.3260953,5.625,65.01064438,-1.875,270.4955878,5.625,189.1366238,1.875,182.1002944,5.625,-108.7937389,-1.875,-34.58934008,1.875,-49.58397729,5.625,208.5585961,5.625,-82.72474779,1.875,163.8494045,1.875,7.807977334,5.625,13.15759144,1.875,27.08926675,1.875,59.40173548,5.625,221.0330836,5.625,-11.97473125,1.875,257.400305,-5.625,-32.47210383,5.625,234.4575762,-5.625,67.43683783,1.875,91.2684599,1.875,145.4276095,1.875,44.15457158,1.875,46.97083767,-1.875,108.2027477,5.625,23.83209109,-1.875,136.7754353,-5.625,-71.54340817,5.625,118.2295919,1.875,105.6114779,-5.625,207.4677117,-5.625,37.32349063,5.625,119.7829902,-1.875,80.6255855,5.625,134.4171956,5.625,-30.0659104,-5.625
194.2645473,5.625,168.9362589,5.625,-97.58747777,-1.875,172.1257273,-5.625,-53.21414449,-5.625,185.2293252,-5.625,175.895704,1.875,286.285253,-5.625,159.2793592,-5.625,-58.87207057,1.875,-0.051370521,1.875,-81.80943241,-1.875,221.0668635,-1.875,155.5419391,5.625,66.0281977,-1.875,269.3154113,5.625,188.0931854,1.875,181.1223113,5.625,-107.82873,-1.875,-35.64225142,1.875,-50.40298473,5.625,207.5505631,5.625,-83.84842375,1.875,162.8370714,1.875,6.759538384,5.625,12.10705636,1.875,26.07234878,1.875,58.32108177,5.625,220.0573076,5.625,-12.99394943,1.875,258.4169282,-5.625,-33.34418295,5.625,235.2708748,-5.625,66.38867364,1.875,90.25383697,1.875,144.3818108,1.875,43.07175734,1.875,48.05432844,-1.875,107.1901493,5.625,24.88091015,-1.875,137.787475,-5.625,-72.56716747,5.625,117.2474369,1.875,106.6890978,-5.625,208.2549847,-5.625,36.30860173,5.625,121.0549319,-1.875,79.57951272,5.625,133.3389808,5.625,-28.95584548,-5.625
193.2231909,5.625,167.9259457,5.625,-96.38121666,-1.875,173.2057847,-5.625,-52.13960166,-5.625,186.2436541,-5.625,174.8177717,1.875,287.2930751,-5.625,160.3248548,-5.625,-59.95978889,1.875,-0.866745064,1.875,-80.51010616,-1.875,222.7218473,-1.875,154.4982271,5.625,67.04575101,-1.875,268.1352348,5.625,187.049747,1.875,180.1443281,5.625,-106.8637211,-1.875,-36.69516276,1.875,-51.49308363,5.625,206.54253,5.625,-84.97209971,1.875,161.8247383,1.875,5.711099433,5.625,11.23884554,1.875,25.05543082,1.875,57.24042807,5.625,219.0815316,5.625,-14.01316761,1.875,259.4335515,-5.625,-34.39939869,5.625,236.3533752,-5.625,65.34050945,1.875,89.23921403,1.875,143.3360122,1.875,41.98894309,1.875,48.94977536,-1.875,106.1775508,5.625,25.92972922,-1.875,138.7995147,-5.625,-73.59092677,5.625,116.2652819,1.875,107.7667177,-5.625,209.3028451,-5.625,35.29371282,5.625,122.3268735,-1.875,78.53343993,5.625,132.2607659,5.625,-27.84578057,-5.625
192.1818344,5.625,166.9156325,5.625,-95.17495554,-1.875,174.2858421,-5.625,-51.06505882,-5.625,187.257983,-5.625,174.0079052,1.875,288.3008972,-5.625,161.3703504,-5.625,-61.04750722,1.875,-1.952008582,1.875,-79.2107799,-1.875,224.3768311,-1.875,153.4545152,5.625,68.06330432,-1.875,266.9550583,5.625,186.0063085,1.875,179.1663449,5.625,-105.8987122,-1.875,-37.7480741,1.875,-52.58318253,5.625,205.534497,5.625,-86.09577567,1.875,160.8124052,1.875,4.662660483,5.625,10.18831046,1.875,24.03851286,1.875,56.42851695,5.625,218.1057556,5.625,-15.03238579,1.875,260.4501748,-5.625,-35.45461442,5.625,237.4358757,-5.625,64.29234526,1.875,88.2245911,1.875,142.2902136,1.875,41.17540872,1.875,50.03326613,-1.875,105.1649524,5.625,26.97854828,-1.875,139.8115545,-5.625,-74.61468606,5.625,115.1849114,1.875,108.8443376,-5.625,210.3507056,-5.625,34.27882392,5.625,123.5988151,-1.875,77.48736714,5.625,131.1825511,5.625,-26.73571566,-5.625
191.1404779,5.625,165.9053193,5.625,-93.96869443,-1.875,175.0973053,-5.625,-49.99051598,-5.625,188.2723119,-5.625,172.929973,1.875,289.3087193,-5.625,162.2343963,-5.625,-62.13522555,1.875,-3.037272099,1.875,-77.91145365,-1.875,226.0318149,-1.875,152.4108032,5.625,69.08085764,-1.875,265.7748818,5.625,184.9628701,1.875,178.1883618,5.625,-104.9337033,-1.875,-38.80098544,1.875,-53.67328143,5.625,204.5264639,5.625,-87.21945163,1.875,159.8000721,1.875,3.614221533,5.625,9.137775372,1.875,23.0215949,1.875,55.34786324,5.625,217.1299796,5.625,-16.05160397,1.875,261.466798,-5.625,-36.50983016,5.625,238.5183761,-5.625,63.24418107,1.875,87.20996816,1.875,141.2444149,1.875,40.09259448,1.875,51.11675689,-1.875,104.1523539,5.625,28.02736735,-1.875,140.6479509,-5.625,-75.63844536,5.625,114.2027564,1.875,109.5134548,-5.625,211.398566,-5.625,33.26393502,5.625,124.8707568,-1.875,76.44129436,5.625,130.1043362,5.625,-25.62565074,-5.625
190.2798528,5.625,164.8950062,5.625,-92.76243331,-1.875,176.1773627,-5.625,-48.91597315,-5.625,189.2866408,-5.625,171.8520407,1.875,290.3165414,-5.625,163.2798919,-5.625,-63.22294388,1.875,-4.122535616,1.875,-76.61212739,-1.875,227.6867988,-1.875,151.3670913,5.625,70.09841095,-1.875,264.5947053,5.625,183.9194316,1.875,177.2103786,5.625,-103.9686944,-1.875,-39.85389679,1.875,-54.49228886,5.625,203.5184308,5.625,-88.34312759,1.875,158.787739,1.875,2.565782583,5.625,8.087240287,1.875,22.00467694,1.875,54.26720954,5.625,216.1542036,5.625,-17.07082215,1.875,262.4834213,-5.625,-37.38190928,5.625,239.3316748,-5.625,62.19601688,1.875,86.19534522,1.875,140.1986163,1.875,39.00978023,1.875,52.01220381,-1.875,103.1397555,5.625,29.07618641,-1.875,141.6599906,-5.625,-76.66220466,5.625,113.2206014,1.875,110.5910746,-5.625,212.4464265,-5.625,32.24904611,5.625,126.1426984,-1.875,75.39522157,5.625,129.367901,5.625,-24.51558583,-5.625
189.2384963,5.625,163.884693,5.625,-91.5561722,-1.875,177.2574201,-5.625,-47.84143031,-5.625,190.3009697,-5.625,170.7741084,1.875,291.3243635,-5.625,164.3253875,-5.625,-64.31066221,1.875,-4.937910159,1.875,-75.31280113,-1.875,229.3417826,-1.875,150.582935,5.625,71.11596427,-1.875,263.4145288,5.625,182.8759932,1.875,176.2323955,5.625,-103.0036855,-1.875,-40.90680813,1.875,-55.58238776,5.625,202.5103978,5.625,-89.46680355,1.875,157.775406,1.875,1.517343633,5.625,7.036705203,1.875,20.98775897,1.875,53.18655583,5.625,215.1784276,5.625,-18.09004033,1.875,263.5000446,-5.625,-38.43712501,5.625,240.4141752,-5.625,61.14785269,1.875,85.18072229,1.875,139.3343199,1.875,37.92696598,1.875,53.09569458,-1.875,102.127157,5.625,29.94297903,-1.875,142.6720304,-5.625,-77.68596396,5.625,112.1402309,1.875,111.6686945,-5.625,213.4942869,-5.625,31.23415721,5.625,127.4146401,-1.875,74.34914879,5.625,128.2896862,5.625,-23.40552091,-5.625
188.1971398,5.625,162.8743798,5.625,-90.34991108,-1.875,178.3374775,-5.625,-46.76688747,-5.625,191.3152986,-5.625,169.9642419,1.875,292.3321856,-5.625,165.3708831,-5.625,-65.39838054,1.875,-6.023173677,1.875,-74.01347488,-1.875,230.9967664,-1.875,149.539223,5.625,72.13351758,-1.875,262.2343523,5.625,182.0136474,1.875,175.2544123,5.625,-102.0386766,-1.875,-41.95971947,1.875,-56.67248666,5.625,201.5023647,5.625,-90.59047951,1.875,156.7630729,1.875,0.468904683,5.625,5.986170118,1.875,19.97084101,1.875,52.37464471,5.625,214.2026516,5.625,-19.1092585,1.875,264.5166678,-5.625,-39.49234075,5.625,241.4966757,-5.625,60.0996885,1.875,84.16609935,1.875,138.2885212,1.875,37.11343161,1.875,54.17918535,-1.875,101.1145585,5.625,30.99179809,-1.875,143.6840701,-5.625,-78.70972325,5.625,111.1580759,1.875,112.7463144,-5.625,214.5421473,-5.625,30.21926831,5.625,128.6865817,-1.875,73.634667,5.625,127.2114713,5.625,-22.295456,-5.625
187.3365147,5.625,161.8640666,5.625,-89.14364997,-1.875,179.1489406,-5.625,-45.69234463,-5.625,192.3296275,-5.625,168.8863097,1.875,293.3400077,-5.625,166.234929,-5.625,-66.48609887,1.875,-7.108437194,1.875,-72.71414862,-1.875,232.6517503,-1.875,148.4955111,5.625,73.1510709,-1.875,261.0541758,5.625,180.9702089,1.875,174.2764292,5.625,-101.0736677,-1.875,-43.01263081,1.875,-57.76258556,5.625,200.4943317,5.625,-91.71415547,1.875,155.7507398,1.875,-0.579534267,5.625,4.935635034,1.875,18.95392305,1.875,51.293991,5.625,213.2268756,5.625,-20.12847668,1.875,265.5332911,-5.625,-40.54755648,5.625,242.5791761,-5.625,59.31218723,1.875,83.15147642,1.875,137.2427226,1.875,36.03061737,1.875,55.07463227,-1.875,100.1019601,5.625,32.04061716,-1.875,144.5204665,-5.625,-79.73348255,5.625,110.1759209,1.875,113.4154316,-5.625,215.5900078,-5.625,29.2043794,5.625,129.9585234,-1.875,72.58859421,5.625,126.1332565,5.625,-21.18539108,-5.625
186.2951582,5.625,160.8537534,5.625,-87.93738885,-1.875,180.228998,-5.625,-44.6178018,-5.625,193.3439564,-5.625,167.8083774,1.875,294.3478298,-5.625,167.2804246,-5.625,-67.5738172,1.875,-8.193700711,1.875,-71.41482237,-1.875,234.3067341,-1.875,147.4517991,5.625,74.16862421,-1.875,259.8739993,5.625,179.9267705,1.875,173.298446,5.625,-100.012158,-1.875,-44.06554216,1.875,-58.581593,5.625,199.4862986,5.625,-92.83783143,1.875,154.7384067,1.875,-1.627973217,5.625,3.885099949,1.875,17.93700509,1.875,50.2133373,5.625,212.2510996,5.625,-21.14769486,1.875,266.5499143,-5.625,-41.60277222,5.625,243.3924747,-5.625,58.26402304,1.875,82.13685348,1.875,136.1969239,1.875,34.94780312,1.875,56.15812304,-1.875,99.08936163,5.625,33.08943622,-1.875,145.5325063,-5.625,-80.75724185,5.625,109.0955504,1.875,114.4930515,-5.625,216.3772808,-5.625,28.1894905,5.625,131.230465,-1.875,71.54252143,5.625,125.0550417,5.625,-20.07532617,-5.625
185.434533,5.625,159.8434403,5.625,-86.73112774,-1.875,181.3090555,-5.625,-43.54325896,-5.625,194.3582854,-5.625,166.7304451,1.875,295.3556519,-5.625,168.3259202,-5.625,-68.66153552,1.875,-9.009075254,1.875,-70.11549611,-1.875,235.9617179,-1.875,146.4080872,5.625,75.18617752,-1.875,258.6938229,5.625,178.883332,1.875,172.3204628,5.625,-98.95064819,-1.875,-45.1184535,1.875,-59.6716919,5.625,198.4782655,5.625,-93.96150739,1.875,153.7260736,1.875,-2.676412167,5.625,3.016889135,1.875,16.92008713,1.875,49.13268359,5.625,211.2753236,5.625,-22.16691304,1.875,267.5665376,-5.625,-42.65798795,5.625,244.4749752,-5.625,57.21585885,1.875,81.12223054,1.875,135.1511253,1.875,33.86498888,1.875,57.2416138,-1.875,98.07676318,5.625,34.13825528,-1.875,146.544546,-5.625,-81.78100114,5.625,108.1133954,1.875,115.5706714,-5.625,217.4251413,-5.625,27.1746016,5.625,132.5024066,-1.875,70.49644864,5.625,124.3186064,5.625,-18.96526126,-5.625
184.3931765,5.625,158.8331271,5.625,-85.52486662,-1.875,182.3891129,-5.625,-42.46871612,-5.625,195.3726143,-5.625,165.6525129,1.875,296.363474,-5.625,169.3714157,-5.625,-69.74925385,1.875,-10.09433877,1.875,-68.81616985,-1.875,237.6167018,-1.875,145.3643752,5.625,76.20373084,-1.875,257.5136464,5.625,177.8398936,1.875,171.3424797,5.625,-97.88913841,-1.875,-46.17136484,1.875,-60.7617908,5.625,197.4702325,5.625,-95.08518335,1.875,152.7137405,1.875,-3.724851117,5.625,1.96635405,1.875,15.90316916,1.875,48.32077247,5.625,210.2995476,5.625,-23.18613122,1.875,268.5831609,-5.625,-43.71320369,5.625,245.5574756,-5.625,56.16769466,1.875,80.10760761,1.875,134.1053266,1.875,33.05145451,1.875,58.13706072,-1.875,97.06416472,5.625,35.18707435,-1.875,147.5565857,-5.625,-82.80476044,5.625,107.1312404,1.875,116.3803032,-5.625,218.4730017,-5.625,26.15971269,5.625,133.7743483,-1.875,69.45037585,5.625,123.2403916,5.625,-17.85519634,-5.625
183.3518201,5.625,157.8228139,5.625,-84.31860551,-1.875,183.200576,-5.625,-41.39417329,-5.625,196.3869432,-5.625,164.8426464,1.875,297.3712961,-5.625,170.4169113,-5.625,-70.83697218,1.875,-11.17960229,1.875,-67.5168436,-1.875,239.2716856,-1.875,144.3206632,5.625,77.22128415,-1.875,256.3334699,5.625,176.9775478,1.875,170.3644965,5.625,-96.82762863,-1.875,-47.22427618,1.875,-61.8518897,5.625,196.4621994,5.625,-96.20885931,1.875,151.7014074,1.875,-4.773290067,5.625,0.915818966,1.875,14.8862512,1.875,47.24011877,5.625,209.3237716,5.625,-24.2053494,1.875,269.5997841,-5.625,-44.76841942,5.625,246.6399761,-5.625,55.11953047,1.875,79.09298467,1.875,133.2410302,1.875,31.96864026,1.875,59.22055149,-1.875,96.05156626,5.625,36.05386696,-1.875,148.5686254,-5.625,-83.82851974,5.625,106.0508699,1.875,117.4579231,-5.625,219.5208621,-5.625,25.14482379,5.625,135.0462899,-1.875,68.40430307,5.625,122.1621767,5.625,-16.74513143,-5.625
182.4911949,5.625,156.8125007,5.625,-83.11234439,-1.875,184.2806334,-5.625,-40.31963045,-5.625,197.4012721,-5.625,163.7647141,1.875,298.3791181,-5.625,171.4624069,-5.625,-71.92469051,1.875,-12.26486581,1.875,-66.21751734,-1.875,240.9266694,-1.875,143.2769513,5.625,78.23883747,-1.875,255.1532934,5.625,175.9341093,1.875,169.3865134,5.625,-95.76611884,-1.875,-48.27718752,1.875,-62.67089714,5.625,195.4541664,5.625,-97.33253526,1.875,150.6890743,1.875,-5.821729017,5.625,-0.134716119,1.875,13.86933324,1.875,46.15946506,5.625,208.3479956,5.625,-25.22456758,1.875,270.6164074,-5.625,-45.64049854,5.625,247.4532747,-5.625,54.07136628,1.875,78.07836174,1.875,132.1952316,1.875,30.88582602,1.875,60.30404226,-1.875,95.03896781,5.625,37.10268603,-1.875,149.5806651,-5.625,-84.85227904,5.625,105.0687149,1.875,118.535543,-5.625,220.5687226,-5.625,24.12993488,5.625,136.3182316,-1.875,67.35823028,5.625,121.0839619,5.625,-15.63506651,-5.625
181.4498384,5.625,155.8021875,5.625,-81.90608328,-1.875,185.3606908,-5.625,-39.24508761,-5.625,198.415601,-5.625,162.6867818,1.875,299.3869402,-5.625,172.5079025,-5.625,-73.01240884,1.875,-13.08024035,1.875,-64.91819108,-1.875,242.5816533,-1.875,142.2332393,5.625,79.25639078,-1.875,253.9731169,5.625,174.8906709,1.875,168.4085302,5.625,-94.70460906,-1.875,-49.33009887,1.875,-63.76099604,5.625,194.4461333,5.625,-98.45621122,1.875,149.6767412,1.875,-6.870167967,5.625,-1.002926933,1.875,12.85241528,1.875,45.07881136,5.625,207.3722196,5.625,-26.24378576,1.875,271.6330307,-5.625,-46.69571428,5.625,248.5357751,-5.625,53.02320209,1.875,77.0637388,1.875,131.1494329,1.875,29.80301177,1.875,61.19948918,-1.875,94.02636935,5.625,38.15150509,-1.875,150.5927049,-5.625,-85.87603833,5.625,104.0865599,1.875,119.6131628,-5.625,221.616583,-5.625,23.11504598,5.625,137.5901732,-1.875,66.3121575,5.625,120.0057471,5.625,-14.5250016,-5.625
180.408482,5.625,154.7918744,5.625,-80.69982216,-1.875,186.4407482,-5.625,-38.17054477,-5.625,199.4299299,-5.625,161.6088496,1.875,-100,-5.625,173.553398,-5.625,-74.10012717,1.875,-14.16550387,1.875,-63.61886483,-1.875,244.2366371,-1.875,141.1895273,5.625,80.2739441,-1.875,252.7929404,5.625,173.8472325,1.875,167.4305471,5.625,-93.64309928,-1.875,-50.38301021,1.875,-64.85109494,5.625,193.4381003,5.625,-99.57988718,1.875,148.6644081,1.875,-7.918606918,5.625,-2.053462017,1.875,11.83549732,1.875,44.26690023,5.625,206.3964436,5.625,-27.26300394,1.875,272.6496539,-5.625,-47.75093001,5.625,249.6182756,-5.625,51.9750379,1.875,76.04911586,1.875,130.1036343,1.875,28.9894774,1.875,62.28297994,-1.875,93.01377089,5.625,39.20032416,-1.875,151.6047446,-5.625,-86.89979763,5.625,103.0061894,1.875,120.4227946,-5.625,222.6644434,-5.625,22.10015708,5.625,138.8621149,-1.875,65.26608471,5.625,119.2693118,5.625,-13.41493668,-5.625
179.5478568,5.625,153.7815612,5.625,-79.49356105,-1.875,187.2522114,-5.625,-37.09600194,-5.625,200.4442588,-5.625,160.7989831,1.875,-98.20825614,-5.625,174.417444,-5.625,-75.1878455,1.875,-15.25076738,1.875,-62.31953857,-1.875,245.8916209,-1.875,140.4053711,5.625,81.29149741,-1.875,251.6127639,5.625,172.803794,1.875,166.4525639,5.625,-92.5815895,-1.875,-51.43592155,1.875,-65.94119384,5.625,192.4300672,5.625,300,1.875,147.6520751,1.875,-8.967045868,5.625,-3.103997102,1.875,10.81857935,1.875,43.18624653,5.625,205.4206676,5.625,-28.28222212,1.875,273.6662772,-5.625,-48.80614575,5.625,250.700776,-5.625,51.18753663,1.875,75.03449293,1.875,129.0578356,1.875,27.90666315,1.875,63.17842686,-1.875,92.00117244,5.625,40.24914322,-1.875,152.441141,-5.625,-87.92355693,5.625,102.0240344,1.875,121.5004145,-5.625,223.7123039,-5.625,21.08526817,5.625,140.1340565,-1.875,64.22001192,5.625,118.191097,5.625,-12.30487177,-5.625
178.5065003,5.625,152.771248,5.625,-78.28729993,-1.875,188.3322688,-5.625,-36.0214591,-5.625,201.4585877,-5.625,159.7210508,1.875,-96.41651229,-5.625,175.4629396,-5.625,-76.27556382,1.875,-16.3360309,1.875,-61.02021232,-1.875,247.5466048,-1.875,139.3616591,5.625,82.30905072,-1.875,250.4325874,5.625,171.7603556,1.875,165.4745807,5.625,-91.52007972,-1.875,-52.48883289,1.875,-66.76020127,5.625,191.4220341,5.625,298.8107331,1.875,146.639742,1.875,-10.01548482,5.625,-4.154532187,1.875,9.801661393,1.875,42.10559283,5.625,204.4448915,5.625,-29.3014403,1.875,274.6829004,-5.625,-49.67822487,5.625,251.5140746,-5.625,50.13937244,1.875,74.01986999,1.875,128.012037,1.875,26.82384891,1.875,64.26191763,-1.875,90.98857398,5.625,41.11593584,-1.875,153.4531808,-5.625,-88.94731623,5.625,101.0418794,1.875,122.3100463,-5.625,224.4995769,-5.625,20.07037927,5.625,141.4059981,-1.875,63.17393914,5.625,117.1128822,5.625,-11.19480686,-5.625
177.4651439,5.625,151.7609348,5.625,-77.08103882,-1.875,189.4123262,-5.625,-34.94691626,-5.625,202.4729166,-5.625,158.6431185,1.875,-94.62476843,-5.625,176.5084351,-5.625,-77.36328215,1.875,-17.15140544,1.875,-59.72088606,-1.875,249.2015886,-1.875,138.3179472,5.625,83.32660404,-1.875,249.2524109,5.625,170.7169171,1.875,164.4965976,5.625,-90.45856994,-1.875,-53.54174423,1.875,-67.85030017,5.625,190.4140011,5.625,297.6214662,1.875,145.6274089,1.875,-11.06392377,5.625,-5.022743,1.875,8.784743431,1.875,41.02493912,5.625,203.3715379,5.625,-30.32065848,1.875,275.6995237,-5.625,-50.7334406,5.625,252.5965751,-5.625,49.09120825,1.875,73.00524706,1.875,127.1477406,1.875,25.74103466,1.875,65.3454084,-1.875,89.97597552,5.625,42.1647549,-1.875,154.4652205,-5.625,-89.97107552,5.625,99.96150888,1.875,123.3876662,-5.625,225.5474374,-5.625,19.05549037,5.625,142.6779398,-1.875,62.12786635,5.625,116.0346673,5.625,-10.08474194,-5.625
176.6045187,5.625,150.7506216,5.625,-75.8747777,-1.875,190.4923836,-5.625,-33.87237343,-5.625,203.4872455,-5.625,157.5651863,1.875,-92.83302457,-5.625,177.5539307,-5.625,-78.45100048,1.875,-18.23666896,1.875,-58.4215598,-1.875,250.8565724,-1.875,137.2742352,5.625,84.34415735,-1.875,248.0722345,5.625,169.6734787,1.875,163.5186144,5.625,-89.39706016,-1.875,-54.59465558,1.875,-68.94039907,5.625,189.405968,5.625,296.4321993,1.875,144.6150758,1.875,-12.11236272,5.625,-6.073278085,1.875,7.767825469,1.875,40.213028,5.625,202.3957619,5.625,-31.33987666,1.875,276.716147,-5.625,-51.78865634,5.625,253.6790755,-5.625,48.04304406,1.875,71.99062412,1.875,126.1019419,1.875,24.92750029,1.875,66.24085532,-1.875,88.96337706,5.625,43.21357397,-1.875,155.4772602,-5.625,-90.99483482,5.625,98.97935388,1.875,124.4652861,-5.625,226.5952978,-5.625,18.04060146,5.625,143.9498814,-1.875,61.41338456,5.625,114.9564525,5.625,-8.974677027,-5.625
175.5631622,5.625,149.7403085,5.625,-74.66851659,-1.875,191.3038467,-5.625,-32.79783059,-5.625,204.5015744,-5.625,156.7553198,1.875,-91.04128072,-5.625,178.4179766,-5.625,-79.53871881,1.875,-19.32193248,1.875,-57.12223355,-1.875,252.5115563,-1.875,136.2305233,5.625,85.36171067,-1.875,246.892058,5.625,168.8111329,1.875,162.5406313,5.625,-88.33555038,-1.875,-55.64756692,1.875,-70.03049797,5.625,188.397935,5.625,295.2429325,1.875,143.6027427,1.875,-13.16080167,5.625,-7.12381317,1.875,6.750907507,1.875,39.13237429,5.625,201.4199859,5.625,-32.35909483,1.875,277.7327702,-5.625,-52.84387207,5.625,254.761576,-5.625,46.99487987,1.875,70.97600119,1.875,125.0561433,1.875,23.84468605,1.875,67.32434608,-1.875,87.95077861,5.625,44.26239303,-1.875,156.4892999,-5.625,-92.01859412,5.625,97.99719887,1.875,125.542906,-5.625,227.6431582,-5.625,17.02571256,5.625,145.2218231,-1.875,60.36731178,5.625,113.8782376,5.625,-7.864612112,-5.625
174.5218057,5.625,148.7299953,5.625,-73.46225547,-1.875,192.3839041,-5.625,-31.72328775,-5.625,205.5159033,-5.625,155.6773875,1.875,-89.24953686,-5.625,179.4634722,-5.625,-80.62643714,1.875,-20.407196,1.875,-55.82290729,-1.875,254.1665401,-1.875,135.1868113,5.625,86.37926398,-1.875,245.7118815,5.625,167.7676944,1.875,161.5626481,5.625,-87.2740406,-1.875,-56.70047826,1.875,-70.84950541,5.625,187.3899019,5.625,294.0536656,1.875,142.5904096,1.875,-14.20924062,5.625,-8.174348254,1.875,5.733989545,1.875,38.05172059,5.625,200.3466323,5.625,-33.37831301,1.875,278.7493935,-5.625,-53.89908781,5.625,255.5748746,-5.625,45.94671568,1.875,69.96137825,1.875,124.0103447,1.875,22.7618718,1.875,68.40783685,-1.875,86.93818015,5.625,45.3112121,-1.875,157.5013396,-5.625,-93.04235341,5.625,96.91682837,1.875,126.3525377,-5.625,228.6910187,-5.625,16.01082365,5.625,146.4937647,-1.875,59.32123899,5.625,113.1418024,5.625,-6.754547198,-5.625
173.6611806,5.625,147.7196821,5.625,-72.25599436,-1.875,193.4639616,-5.625,-30.64874492,-5.625,206.5302322,-5.625,154.5994552,1.875,-87.457793,-5.625,180.5089678,-5.625,-81.71415547,1.875,-21.22257054,1.875,-54.52358104,-1.875,255.8215239,-1.875,134.1430993,5.625,87.3968173,-1.875,244.531705,5.625,166.724256,1.875,160.584665,5.625,-86.21253081,-1.875,-57.7533896,1.875,-71.93960431,5.625,186.3818688,5.625,292.8643987,1.875,141.5780765,1.875,-15.25767957,5.625,-9.224883339,1.875,4.717071583,1.875,36.97106688,5.625,199.3708563,5.625,-34.39753119,1.875,279.7660168,-5.625,-54.95430354,5.625,256.6573751,-5.625,44.89855149,1.875,68.94675531,1.875,122.964546,1.875,21.67905756,1.875,69.30328377,-1.875,85.92558169,5.625,46.36003116,-1.875,158.5133794,-5.625,-94.06611271,5.625,95.93467337,1.875,127.4301576,-5.625,229.7388791,-5.625,14.99593475,5.625,147.7657064,-1.875,58.2751662,5.625,112.0635876,5.625,-5.644482284,-5.625
172.6198241,5.625,146.7093689,5.625,-71.04973324,-1.875,194.544019,-5.625,-29.57420208,-5.625,207.5445611,-5.625,153.521523,1.875,-85.66604914,-5.625,181.5544634,-5.625,-82.8018738,1.875,-22.30783406,1.875,-53.22425478,-1.875,257.4765078,-1.875,133.0993874,5.625,88.41437061,-1.875,243.3515285,5.625,165.6808176,1.875,159.6066818,5.625,-85.15102103,-1.875,-58.80630095,1.875,-73.02970321,5.625,185.3738358,5.625,291.6751318,1.875,140.5657434,1.875,-16.30611852,5.625,-10.27541842,1.875,3.700153621,1.875,36.15915576,5.625,198.3950803,5.625,-35.41674937,1.875,280.78264,-5.625,-56.00951928,5.625,257.7398755,-5.625,43.8503873,1.875,67.93213238,1.875,121.9187474,1.875,20.86552319,1.875,70.38677454,-1.875,84.91298324,5.625,47.22682378,-1.875,159.5254191,-5.625,-95.08987201,5.625,94.95251837,1.875,128.5077775,-5.625,230.7867395,-5.625,13.98104585,5.625,149.037648,-1.875,57.22909342,5.625,110.9853727,5.625,-4.53441737,-5.625
171.5784676,5.625,145.6990557,5.625,-69.84347213,-1.875,195.6240764,-5.625,-28.49965924,-5.625,208.55889,-5.625,152.7116565,1.875,-83.87430529,-5.625,182.599959,-5.625,-83.88959213,1.875,-23.39309757,1.875,-51.92492852,-1.875,259.1314916,-1.875,132.0556754,5.625,89.43192392,-1.875,242.171352,5.625,164.8184717,1.875,158.6286986,5.625,-84.08951125,-1.875,-59.85921229,1.875,-74.11980211,5.625,184.3658027,5.625,290.4858649,1.875,139.5534103,1.875,-17.35455747,5.625,-11.32595351,1.875,2.683235659,1.875,35.07850206,5.625,197.3217267,5.625,-36.43596755,1.875,281.7992633,-5.625,-57.06473501,5.625,258.822376,-5.625,43.06288603,1.875,66.91750944,1.875,121.054451,1.875,19.78270894,1.875,71.47026531,-1.875,83.90038478,5.625,48.27564284,-1.875,160.5374588,-5.625,-96.11363131,5.625,93.87214787,1.875,129.5853974,-5.625,231.8346,-5.625,12.96615694,5.625,150.3095896,-1.875,56.18302063,5.625,109.9071579,5.625,-3.424352455,-5.625
170.7178425,5.625,144.6887426,5.625,-68.63721101,-1.875,196.4355395,-5.625,-27.4251164,-5.625,209.5732189,-5.625,151.6337242,1.875,-82.08256143,-5.625,183.6454545,-5.625,-84.97731045,1.875,-24.47836109,1.875,-50.62560227,-1.875,260.7864754,-1.875,131.0119634,5.625,90.44947724,-1.875,240.9911755,5.625,163.7750333,1.875,157.6507155,5.625,-83.02800147,-1.875,-60.91212363,1.875,-74.93880955,5.625,183.3577697,5.625,289.296598,1.875,138.5410773,1.875,-18.40299642,5.625,-12.37648859,1.875,1.666317697,1.875,33.99784835,5.625,196.3459507,5.625,-37.45518573,1.875,282.8158866,-5.625,-57.93681413,5.625,259.6356746,-5.625,42.01472184,1.875,65.90288651,1.875,120.0086523,1.875,18.69989469,1.875,72.36571223,-1.875,82.88778632,5.625,49.3244619,-1.875,161.5494985,-5.625,-97.1373906,5.625,92.88999286,1.875,130.3950292,-5.625,232.621873,-5.625,11.95126804,5.625,151.5815313,-1.875,55.13694785,5.625,108.8289431,5.625,-2.314287541,-5.625
169.676486,5.625,143.6784294,5.625,-67.4309499,-1.875,197.5155969,-5.625,-26.35057357,-5.625,210.5875478,-5.625,150.555792,1.875,-80.29081757,-5.625,184.6909501,-5.625,-86.06502878,1.875,-25.29373563,1.875,-49.32627601,-1.875,262.4414593,-1.875,129.9682515,5.625,91.46703055,-1.875,239.810999,5.625,162.7315949,1.875,156.6727323,5.625,-81.96649169,-1.875,-61.96503497,1.875,-76.02890845,5.625,182.3497366,5.625,288.1073312,1.875,137.5287442,1.875,-19.45143537,5.625,-13.24469941,1.875,0.649399735,1.875,32.91719465,5.625,195.3701747,5.625,-38.47440391,1.875,283.8325098,-5.625,-58.99202987,5.625,260.718175,-5.625,40.96655765,1.875,64.88826357,1.875,118.9628537,1.875,17.61708045,1.875,73.44920299,-1.875,81.87518787,5.625,50.37328097,-1.875,162.5615382,-5.625,-98.1611499,5.625,91.90783786,1.875,131.4726491,-5.625,233.6697335,-5.625,10.93637914,5.625,152.8534729,-1.875,54.09087506,5.625,108.0925078,5.625,-1.204222627,-5.625
168.6351295,5.625,142.6681162,5.625,-66.22468878,-1.875,198.5956543,-5.625,-25.27603073,-5.625,211.6018767,-5.625,149.4778597,1.875,-78.49907372,-5.625,185.7364457,-5.625,-87.15274711,1.875,-26.37899915,1.875,-48.02694976,-1.875,264.0964431,-1.875,129.1840952,5.625,92.48458387,-1.875,238.6308225,5.625,161.6881564,1.875,155.6947492,5.625,-80.90498191,-1.875,-63.01794631,1.875,-77.11900735,5.625,181.3417035,5.625,286.9180643,1.875,136.5164111,1.875,-20.49987432,5.625,-14.29523449,1.875,-0.367518227,1.875,32.10528352,5.625,194.2968211,5.625,-39.49362209,1.875,284.8491331,-5.625,-60.0472456,5.625,261.8006755,-5.625,39.91839346,1.875,63.87364063,1.875,117.917055,1.875,16.80354608,1.875,74.53269376,-1.875,80.86258941,5.625,51.42210003,-1.875,163.573578,-5.625,-99.1849092,5.625,90.82746736,1.875,132.550269,-5.625,234.7175939,-5.625,9.921490233,5.625,154.1254146,-1.875,53.37639327,5.625,107.014293,5.625,-0.094157712,-5.625
167.7745043,5.625,141.657803,5.625,-65.01842767,-1.875,199.6757118,-5.625,-24.20148789,-5.625,212.6162056,-5.625,148.6679932,1.875,-76.70732986,-5.625,186.7819413,-5.625,-88.24046544,1.875,-27.46426267,1.875,-46.7276235,-1.875,265.7514269,-1.875,128.1403833,5.625,93.50213718,-1.875,237.450646,5.625,160.644718,1.875,154.6189677,5.625,-79.84347213,-1.875,-64.07085766,1.875,-78.20910625,5.625,180.3336705,5.625,285.7287974,1.875,135.504078,1.875,-21.54831327,5.625,-15.34576958,1.875,-1.384436189,1.875,31.02462982,5.625,193.3210451,5.625,-40.51284027,1.875,285.8657563,-5.625,-61.10246134,5.625,262.8831759,-5.625,38.87022927,1.875,62.8590177,1.875,116.8712564,1.875,15.72073183,1.875,75.42814068,-1.875,79.84999095,5.625,52.4709191,-1.875,164.5856177,-5.625,300,5.625,89.84531236,1.875,133.6278889,-5.625,235.7654543,-5.625,8.906601329,5.625,155.3973562,-1.875,52.33032049,5.625,105.9360781,5.625,1.015907202,-5.625
166.7331479,5.625,140.6474899,5.625,-63.81216655,-1.875,200.4871749,-5.625,-23.12694506,-5.625,213.6305345,-5.625,147.5900609,1.875,-74.915586,-5.625,187.6459872,-5.625,-89.32818377,1.875,-28.54952619,1.875,-45.42829724,-1.875,267.4064108,-1.875,127.0966713,5.625,94.5196905,-1.875,236.2704696,5.625,159.6012795,1.875,153.6409845,5.625,-78.78196235,-1.875,-65.123769,1.875,-79.29920515,5.625,179.3256374,5.625,284.5395305,1.875,134.4917449,1.875,-22.59675222,5.625,-16.39630466,1.875,-2.401354151,1.875,29.94397611,5.625,192.3452691,5.625,-41.53205845,1.875,286.8823796,-5.625,-62.15767707,5.625,263.6964745,-5.625,37.82206508,1.875,61.84439476,1.875,115.8254577,1.875,14.63791759,1.875,76.51163145,-1.875,78.8373925,5.625,53.33771171,-1.875,165.5976574,-5.625,297.2396653,5.625,88.86315736,1.875,134.4375207,-5.625,236.8133148,-5.625,7.891712426,5.625,156.6692979,-1.875,51.2842477,5.625,104.8578633,5.625,2.125972116,-5.625
165.6917914,5.625,139.6371767,5.625,-62.60590544,-1.875,201.5672323,-5.625,-22.05240222,-5.625,214.6448634,-5.625,146.5121287,1.875,-73.12384215,-5.625,188.6914828,-5.625,-90.4159021,1.875,-29.36490073,1.875,-44.12897099,-1.875,269.0613946,-1.875,126.0529593,5.625,95.53724381,-1.875,235.0902931,5.625,158.5578411,1.875,152.6630014,5.625,-77.72045257,-1.875,-66.17668034,1.875,-80.38930405,5.625,178.3176044,5.625,283.3502636,1.875,133.4794118,1.875,-23.64519117,5.625,-17.26451547,1.875,-3.418272112,1.875,28.86332241,5.625,191.2719155,5.625,-42.55127663,1.875,287.8990029,-5.625,-63.21289281,5.625,264.778975,-5.625,36.77390089,1.875,60.82977183,1.875,114.9611613,1.875,13.55510334,1.875,77.59512222,-1.875,77.82479404,5.625,54.38653078,-1.875,166.6096971,-5.625,294.4793306,5.625,87.78278685,1.875,135.5151405,-5.625,237.8611752,-5.625,6.876823522,5.625,157.9412395,-1.875,50.23817491,5.625,103.7796485,5.625,3.236037031,-5.625
164.6504349,5.625,138.6268635,5.625,-61.39964432,-1.875,202.6472897,-5.625,-20.97785938,-5.625,215.6591923,-5.625,145.4341964,1.875,-71.33209829,-5.625,189.7369784,-5.625,-91.50362043,1.875,-30.45016425,1.875,-42.82964473,-1.875,270.7163784,-1.875,125.0092474,5.625,96.55479712,-1.875,233.9101166,5.625,157.5144027,1.875,151.5872199,5.625,-76.65894278,-1.875,-67.22959168,1.875,-81.47940295,5.625,177.3095713,5.625,282.1609967,1.875,132.4670787,1.875,-24.69363012,5.625,-18.31505056,1.875,-4.435190074,1.875,28.05141129,5.625,190.2961395,5.625,-43.57049481,1.875,288.9156261,-5.625,-64.26810854,5.625,265.8614754,-5.625,35.7257367,1.875,59.81514889,1.875,113.9153627,1.875,12.74156897,1.875,78.49056913,-1.875,76.81219558,5.625,55.43534984,-1.875,167.6217368,-5.625,291.7189959,5.625,86.80063185,1.875,136.5927604,-5.625,238.9090357,-5.625,5.861934618,5.625,159.2131811,-1.875,49.19210213,5.625,103.0432132,5.625,4.346101945,-5.625
163.6090785,5.625,137.6165503,5.625,-60.19338321,-1.875,203.7273471,-5.625,-19.90331654,-5.625,216.6735212,-5.625,144.6243299,1.875,-69.54035443,-5.625,190.7824739,-5.625,-92.59133875,1.875,-31.53542776,1.875,-41.53031847,-1.875,272.3713623,-1.875,124.2250911,5.625,97.57235044,-1.875,232.7299401,5.625,156.6520568,1.875,150.6092367,5.625,-75.597433,-1.875,-68.28250302,1.875,-82.56950185,5.625,176.3015382,5.625,280.9717298,1.875,131.4547456,1.875,-25.74206907,5.625,-19.36558564,1.875,-5.452108036,1.875,26.97075758,5.625,189.3203635,5.625,-44.58971298,1.875,289.9322494,-5.625,-65.32332428,5.625,266.9439759,-5.625,34.93823543,1.875,58.80052595,1.875,112.869564,1.875,11.65875473,1.875,79.5740599,-1.875,75.79959712,5.625,56.48416891,-1.875,168.6337765,-5.625,288.9586612,5.625,85.81847685,1.875,137.6703803,-5.625,239.9568961,-5.625,4.847045715,5.625,160.4851228,-1.875,48.14602934,5.625,101.9649984,5.625,5.456166859,-5.625
162.7484533,5.625,136.6062371,5.625,-58.98712209,-1.875,204.5388102,-5.625,-18.82877371,-5.625,217.6878501,-5.625,143.5463976,1.875,-67.74861057,-5.625,191.6465199,-5.625,-93.67905708,1.875,-32.62069128,1.875,-40.23099222,-1.875,274.0263461,-1.875,123.1813792,5.625,98.58990375,-1.875,231.5497636,5.625,155.6086184,1.875,149.6312536,5.625,-74.53592322,-1.875,-69.33541437,1.875,-83.65960075,5.625,175.2935052,5.625,279.782463,1.875,130.4424125,1.875,-26.79050802,5.625,-20.41612073,1.875,-6.469025998,1.875,25.89010388,5.625,188.2470099,5.625,-45.60893116,1.875,290.9488727,-5.625,-66.37854001,5.625,267.7572745,-5.625,33.89007124,1.875,57.78590302,1.875,111.8237654,1.875,10.57594048,1.875,80.46950682,-1.875,74.78699867,5.625,57.53298797,-1.875,169.6458163,-5.625,286.1983265,5.625,84.73810635,1.875,138.4800121,-5.625,240.7441691,-5.625,3.832156811,5.625,161.7570644,-1.875,47.09995656,5.625,100.8867835,5.625,6.566231774,-5.625
161.7070968,5.625,135.595924,5.625,-57.78086098,-1.875,205.6188677,-5.625,-17.75423087,-5.625,218.702179,-5.625,142.4684654,1.875,-65.95686672,-5.625,192.6920154,-5.625,-94.76677541,1.875,-33.43606582,1.875,-38.93166596,-1.875,275.6813299,-1.875,122.1376672,5.625,99.60745707,-1.875,230.3695871,5.625,154.56518,1.875,148.5554721,5.625,-73.47441344,-1.875,-70.38832571,1.875,-84.74969965,5.625,174.2854721,5.625,278.5931961,1.875,129.4300794,1.875,-27.83894697,5.625,-21.46665581,1.875,-7.48594396,1.875,24.80945017,5.625,187.2712339,5.625,-46.62814934,1.875,291.9654959,-5.625,-67.43375575,5.625,268.8397749,-5.625,32.84190705,1.875,56.77128008,1.875,110.7779667,1.875,9.493126234,1.875,81.55299759,-1.875,73.77440021,5.625,58.39978059,-1.875,170.657856,-5.625,283.4379918,5.625,83.75595134,1.875,139.557632,-5.625,241.7920296,-5.625,2.817267907,5.625,163.0290061,-1.875,46.05388377,5.625,99.80856871,5.625,7.676296688,-5.625
160.6657404,5.625,134.5856108,5.625,-56.57459986,-1.875,206.6989251,-5.625,-16.67968803,-5.625,219.7165079,-5.625,141.3905331,1.875,-64.16512286,-5.625,193.737511,-5.625,-95.85449374,1.875,-34.52132934,1.875,-37.63233971,-1.875,277.3363137,-1.875,121.0939553,5.625,100.6250104,-1.875,229.1894106,5.625,153.5217415,1.875,147.577489,5.625,-72.41290366,-1.875,-71.44123705,1.875,-85.83979855,5.625,173.2774391,5.625,277.4039292,1.875,128.4177464,1.875,-28.88738592,5.625,-22.5171909,1.875,-8.502861922,1.875,23.99753905,5.625,186.2954579,5.625,-47.64736752,1.875,292.9821192,-5.625,-68.48897148,5.625,269.9222754,-5.625,31.79374286,1.875,55.75665715,1.875,109.7321681,1.875,8.679591865,1.875,82.63648836,-1.875,72.76180175,5.625,59.44859965,-1.875,171.6698957,-5.625,280.6776571,5.625,82.77379634,1.875,140.6352519,-5.625,242.83989,-5.625,1.802379004,5.625,164.3009477,-1.875,45.00781098,5.625,98.73035387,5.625,8.786361602,-5.625
159.6243839,5.625,133.5752976,5.625,-55.36833875,-1.875,207.7789825,-5.625,-15.6051452,-5.625,220.7308368,-5.625,140.5806666,1.875,-62.373379,-5.625,194.7830066,-5.625,-96.94221207,1.875,-35.60659286,1.875,-36.33301345,-1.875,278.9912976,-1.875,120.0502433,5.625,101.6425637,-1.875,228.0092341,5.625,152.6593957,1.875,146.5995058,5.625,-71.35139388,-1.875,-72.49414839,1.875,-86.92989745,5.625,172.269406,5.625,276.2146623,1.875,127.4054133,1.875,-29.93582487,5.625,-23.56772598,1.875,-9.519779884,1.875,22.91688535,5.625,185.2221043,5.625,-48.6665857,1.875,293.9987424,-5.625,-69.54418722,5.625,271.0047758,-5.625,30.74557867,1.875,54.74203421,1.875,108.8678717,1.875,7.596777619,1.875,83.53193527,-1.875,71.7492033,5.625,60.49741871,-1.875,172.6819354,-5.625,277.9173223,5.625,81.69342584,1.875,141.7128718,-5.625,243.8877505,-5.625,0.7874901,5.625,165.5728894,-1.875,43.9617382,5.625,97.99391863,5.625,9.896426516,-5.625
158.5830274,5.625,132.5649844,5.625,-54.16207763,-1.875,208.5904456,-5.625,-14.53060236,-5.625,221.7451657,-5.625,139.5027344,1.875,-60.58163515,-5.625,195.6470525,-5.625,-98.0299304,1.875,-36.69185638,1.875,-35.03368719,-1.875,280.6462814,-1.875,119.0065313,5.625,102.660117,-1.875,226.8290576,5.625,151.6159573,1.875,145.5237243,5.625,-70.2898841,-1.875,-73.54705974,1.875,-88.01999635,5.625,171.2613729,5.625,275.0253954,1.875,126.3930802,1.875,-30.98426382,5.625,-24.61826107,1.875,-10.53669785,1.875,21.83623164,5.625,184.2463283,5.625,-49.68580388,1.875,295.0153657,-5.625,-70.59940295,5.625,271.8180745,-5.625,29.69741448,1.875,53.72741127,1.875,107.8220731,1.875,6.513963373,1.875,84.61542604,-1.875,70.73660484,5.625,61.54623778,-1.875,173.6939751,-5.625,275.1569876,5.625,80.71127084,1.875,142.5225036,-5.625,244.9356109,-5.625,-0.227398804,5.625,166.844831,-1.875,42.91566541,5.625,96.91570379,5.625,11.00649143,-5.625
157.541671,5.625,131.5546712,5.625,-52.95581652,-1.875,209.670503,-5.625,-13.45605952,-5.625,222.7594946,-5.625,138.4248021,1.875,-58.78989129,-5.625,196.6925481,-5.625,-99.11764873,1.875,-37.50723092,1.875,-33.73436094,-1.875,282.3012652,-1.875,117.9628194,5.625,103.6776703,-1.875,225.6488811,5.625,150.5725188,1.875,144.5457412,5.625,-69.22837432,-1.875,-74.59997108,1.875,-89.11009524,5.625,170.2533399,5.625,273.8361285,1.875,125.3807471,1.875,-32.03270277,5.625,-25.48647188,1.875,-11.55361581,1.875,20.75557794,5.625,183.2705523,5.625,-50.70502206,1.875,296.031989,-5.625,-71.65461869,5.625,272.9005749,-5.625,28.64925029,1.875,52.71278834,1.875,106.7762744,1.875,5.431149127,1.875,85.69891681,-1.875,69.72400638,5.625,62.59505684,-1.875,174.7060149,-5.625,272.3966529,5.625,79.72911584,1.875,143.6001235,-5.625,245.9834713,-5.625,-1.242287708,5.625,168.1167726,-1.875,41.86959263,5.625,95.83748896,5.625,12.11655635,-5.625
156.6810458,5.625,130.5443581,5.625,-51.74955541,-1.875,210.7505604,-5.625,-12.38151669,-5.625,223.7738235,-5.625,137.3468698,1.875,-56.99814743,-5.625,197.7380437,-5.625,-100,-5.625,-38.59249444,1.875,-32.43503468,-1.875,283.9562491,-1.875,116.9191074,5.625,104.6952236,-1.875,224.4687047,5.625,149.5290804,1.875,143.567758,5.625,-68.16686454,-1.875,-75.65288242,1.875,-90.20019414,5.625,169.2453068,5.625,272.6468616,1.875,124.368414,1.875,-33.08114172,5.625,-26.53700697,1.875,-12.57053377,1.875,19.94366681,5.625,182.1971987,5.625,-51.72424024,1.875,297.0486122,-5.625,-72.70983442,5.625,273.9830754,-5.625,27.6010861,1.875,51.6981654,1.875,105.7304758,1.875,4.348334881,1.875,86.59436373,-1.875,68.71140793,5.625,63.64387591,-1.875,175.7180546,-5.625,269.6363182,5.625,78.64874533,1.875,144.6777434,-5.625,247.0313318,-5.625,-2.257176611,5.625,169.3887143,-1.875,41.15511084,5.625,94.75927412,5.625,13.22662126,-5.625
155.6396893,5.625,129.5340449,5.625,-50.54329429,-1.875,211.8306179,-5.625,-11.30697385,-5.625,224.7881524,-5.625,136.5370033,1.875,-55.20640358,-5.625,198.7835393,-5.625,-98.38630151,-5.625,-39.67775795,1.875,-31.13570843,-1.875,285.6112329,-1.875,115.8753954,5.625,105.712777,-1.875,223.2885282,5.625,148.7451296,1.875,142.4919765,5.625,-67.10535476,-1.875,-76.70579376,1.875,-91.29029304,5.625,168.2372738,5.625,271.4575948,1.875,123.3560809,1.875,-34.12958067,5.625,-27.58754205,1.875,-13.58745173,1.875,18.86301311,5.625,181.2214227,5.625,-52.74345842,1.875,298.0652355,-5.625,-73.76505016,5.625,275.0655758,-5.625,26.55292191,1.875,50.68354247,1.875,104.6846771,1.875,3.534800511,1.875,87.6778545,-1.875,67.69880947,5.625,64.51066852,-1.875,176.7300943,-5.625,266.8759835,5.625,77.66659033,1.875,145.7553632,-5.625,248.0791922,-5.625,-3.272065515,5.625,170.6606559,-1.875,40.10903805,5.625,93.68105928,5.625,14.33668617,-5.625
154.5983329,5.625,128.5237317,5.625,-49.33703318,-1.875,212.642081,-5.625,-10.23243101,-5.625,225.8024813,-5.625,135.4590711,1.875,-53.41465972,-5.625,199.8290348,-5.625,-96.77260302,-5.625,-40.76302147,1.875,-29.83638217,-1.875,287.2662167,-1.875,114.8316835,5.625,106.7303303,-1.875,222.1083517,5.625,147.7965492,1.875,141.5139934,5.625,-66.04384497,-1.875,-77.7587051,1.875,-92.38039194,5.625,167.2292407,5.625,270.2683279,1.875,122.3437478,1.875,-35.17801962,5.625,-28.63807713,1.875,-14.60436969,1.875,17.7823594,5.625,180.2456467,5.625,-53.7626766,1.875,299.0818588,-5.625,-74.82026589,5.625,275.8788744,-5.625,25.50475772,1.875,49.66891953,1.875,103.6388785,1.875,2.451986266,1.875,88.76134527,-1.875,66.68621101,5.625,65.55948759,-1.875,177.742134,-5.625,264.1156488,5.625,76.68443533,1.875,146.564995,-5.625,248.8664653,-5.625,-4.286954419,5.625,171.9325976,-1.875,39.06296526,5.625,92.94462404,5.625,15.44675109,-5.625
153.5569764,5.625,127.5134185,5.625,-48.13077206,-1.875,213.7221384,-5.625,-9.157888174,-5.625,226.8168102,-5.625,134.3811388,1.875,-51.62291586,-5.625,200.8745304,-5.625,-95.15890454,-5.625,-41.57839601,1.875,-28.53705591,-1.875,288.9212006,-1.875,114.0475272,5.625,107.7478836,-1.875,220.9281752,5.625,146.8479688,1.875,140.5360102,5.625,-64.98233519,-1.875,-78.81161645,1.875,-93.47049084,5.625,166.2212076,5.625,269.079061,1.875,121.3314147,1.875,-36.22645857,5.625,-29.50628795,1.875,-15.62128766,1.875,16.7017057,5.625,179.1722931,5.625,-54.78189478,1.875,300,5.625,-75.87548163,5.625,276.9613749,-5.625,24.45659353,1.875,48.65429659,1.875,102.7745821,1.875,1.36917202,1.875,89.65679218,-1.875,65.67361256,5.625,66.60830665,-1.875,178.7541737,-5.625,261.3553141,5.625,75.60406483,1.875,147.6426149,-5.625,249.9143257,-5.625,-5.301843322,5.625,173.2045392,-1.875,38.01689248,5.625,91.8664092,5.625,16.556816,-5.625
152.5156199,5.625,126.5031053,5.625,-46.92451095,-1.875,214.8021958,-5.625,-8.083345337,-5.625,227.8311391,-5.625,133.3032065,1.875,-49.831172,-5.625,201.920026,-5.625,-93.54520605,-5.625,-42.66365953,1.875,-27.23772966,-1.875,290.5761844,-1.875,113.0038153,5.625,108.7654369,-1.875,219.7479987,5.625,145.8993884,1.875,139.4602287,5.625,-63.92082541,-1.875,-79.86452779,1.875,-94.56058974,5.625,165.2131746,5.625,267.8897941,1.875,120.3190816,1.875,-37.27489752,5.625,-30.55682303,1.875,-16.63820562,1.875,15.621052,5.625,178.1965171,5.625,-55.80111296,1.875,298.083727,5.625,-76.93069736,5.625,278.0438753,-5.625,23.40842934,1.875,47.63967366,1.875,101.7287834,1.875,0.286357774,1.875,90.74028295,-1.875,64.6610141,5.625,67.65712572,-1.875,179.7662135,-5.625,258.5949794,5.625,74.62190983,1.875,148.7202348,-5.625,250.9621861,-5.625,-6.316732226,5.625,174.4764809,-1.875,36.97081969,5.625,90.78819437,5.625,17.66688092,-5.625
151.4742635,5.625,125.4927922,5.625,-45.71824983,-1.875,215.8822532,-5.625,-7.0088025,-5.625,228.845468,-5.625,132.49334,1.875,-48.03942815,-5.625,202.9655216,-5.625,-91.93150756,-5.625,-43.74892305,1.875,-25.9384034,-1.875,292.2311682,-1.875,111.9601033,5.625,109.7829902,-1.875,218.5678222,5.625,144.950808,1.875,138.4822456,5.625,-62.85931563,-1.875,-80.91743913,1.875,-95.65068864,5.625,164.2051415,5.625,266.7005272,1.875,119.3067486,1.875,-38.32333647,5.625,-31.60735812,1.875,-17.65512358,1.875,14.80914087,5.625,177.2207411,5.625,-56.82033113,1.875,296.1674539,5.625,-77.9859131,5.625,279.1263758,-5.625,22.36026515,1.875,46.62505072,1.875,100.6829848,1.875,-0.527176596,1.875,91.82377372,-1.875,63.64841564,5.625,68.70594478,-1.875,180.7782532,-5.625,255.8346447,5.625,73.63975482,1.875,149.7978547,-5.625,252.0100466,-5.625,-7.33162113,5.625,175.7484225,-1.875,35.92474691,5.625,89.70997953,5.625,18.77694583,-5.625
150.6136383,5.625,124.482479,5.625,-44.51198872,-1.875,216.6937163,-5.625,-5.934259663,-5.625,229.8597969,-5.625,131.4154078,1.875,-46.24768429,-5.625,203.8295675,-5.625,-90.31780907,-5.625,-44.83418657,1.875,-24.63907715,-1.875,293.8861521,-1.875,110.9163914,5.625,110.8005435,-1.875,217.3876457,5.625,144.0022276,1.875,137.5042624,5.625,-61.79780585,-1.875,-81.97035047,1.875,-96.74078754,5.625,163.1971085,5.625,265.5112603,1.875,118.2944155,1.875,-39.37177542,5.625,-32.6578932,1.875,-18.67204154,1.875,13.72848717,5.625,176.1473875,5.625,-57.83954931,1.875,294.2511809,5.625,-79.04112883,5.625,280.2088762,-5.625,21.57276388,1.875,45.61042779,1.875,99.63718613,1.875,-1.609990842,1.875,92.71922064,-1.875,62.63581718,5.625,69.75476385,-1.875,181.7902929,-5.625,253.07431,5.625,72.55938432,1.875,150.6074865,-5.625,253.057907,-5.625,-8.346510033,5.625,177.0203641,-1.875,34.87867412,5.625,88.63176469,5.625,19.88701075,-5.625
149.5722818,5.625,123.4721658,5.625,-43.3057276,-1.875,217.7737738,-5.625,-4.859716826,-5.625,230.8741258,-5.625,130.3374755,1.875,-44.45594043,-5.625,204.8750631,-5.625,-88.70411059,-5.625,-45.91945008,1.875,-23.33975089,-1.875,295.5411359,-1.875,109.8726794,5.625,111.8180968,-1.875,216.2074692,5.625,143.0536472,1.875,136.428481,5.625,-60.73629607,-1.875,-83.02326181,1.875,-97.83088644,5.625,162.1890754,5.625,264.3219935,1.875,117.2820824,1.875,-40.42021437,5.625,-33.70842829,1.875,-19.6889595,1.875,12.64783346,5.625,175.1716115,5.625,-58.85876749,1.875,292.3349078,5.625,-80.09634457,5.625,281.2913767,-5.625,20.52459969,1.875,44.59580485,1.875,98.59138748,1.875,-2.692805087,1.875,93.80271141,-1.875,61.62321873,5.625,70.62155646,-1.875,182.8023326,-5.625,250.3139753,5.625,71.57722932,1.875,151.6851064,-5.625,254.1057674,-5.625,-9.361398937,5.625,178.2923058,-1.875,33.83260133,5.625,87.55354986,5.625,20.99707566,-5.625
148.5309253,5.625,122.4618526,5.625,-42.09946649,-1.875,218.8538312,-5.625,-3.785173989,-5.625,231.8884547,-5.625,129.2595432,1.875,-42.66419658,-5.625,205.9205587,-5.625,-87.0904121,-5.625,-46.73482463,1.875,-22.04042463,-1.875,297.1961197,-1.875,108.8289674,5.625,112.8356502,-1.875,215.0272927,5.625,142.1050668,1.875,135.4504978,5.625,-59.67478629,-1.875,-84.07617316,1.875,-98.92098534,5.625,161.1810424,5.625,263.1327266,1.875,116.2697493,1.875,-41.46865332,5.625,-34.75896337,1.875,-20.70587747,1.875,11.56717976,5.625,174.1958355,5.625,-59.87798567,1.875,290.4186348,5.625,-81.1515603,5.625,282.3738771,-5.625,19.4764355,1.875,43.58118192,1.875,97.54558884,1.875,-3.775619333,1.875,94.88620218,-1.875,60.61062027,5.625,71.67037553,-1.875,183.8143723,-5.625,247.5536406,5.625,70.59507432,1.875,152.7627263,-5.625,255.1536279,-5.625,-10.37628784,5.625,179.5642474,-1.875,32.78652855,5.625,86.81711462,5.625,22.10714057,-5.625
147.4895689,5.625,121.4515394,5.625,-40.89320537,-1.875,219.9338886,-5.625,-2.710631152,-5.625,232.9027836,-5.625,128.4496767,1.875,-40.87245272,-5.625,206.9660542,-5.625,-85.47671361,-5.625,-47.82008814,1.875,-20.74109838,-1.875,298.8511036,-1.875,107.7852555,5.625,113.8532035,-1.875,213.8471163,5.625,141.1564864,1.875,134.4725146,5.625,-58.61327651,-1.875,-85.1290845,1.875,-100,-1.875,160.1730093,5.625,261.9434597,1.875,115.2574162,1.875,-42.51709227,5.625,-35.80949846,1.875,-21.72279543,1.875,10.75526864,5.625,173.1224819,5.625,-60.89720385,1.875,288.5023618,5.625,-82.20677604,5.625,283.4563776,-5.625,18.42827131,1.875,42.56655898,1.875,96.68129243,1.875,-4.589153703,1.875,95.78164909,-1.875,59.59802181,5.625,72.71919459,-1.875,184.8264121,-5.625,244.7933059,5.625,69.51470382,1.875,153.8403462,-5.625,256.2014883,-5.625,-11.39117674,5.625,180.8361891,-1.875,31.74045576,5.625,85.73889978,5.625,23.21720549,-5.625
146.4482124,5.625,120.4412263,5.625,-39.68694426,-1.875,220.7453517,-5.625,-1.636088315,-5.625,233.9171125,-5.625,127.3717445,1.875,-39.08070886,-5.625,207.8301002,-5.625,-83.86301512,-5.625,-48.90535166,1.875,-19.44177212,-1.875,-100,-5.625,106.7415435,5.625,114.8707568,-1.875,212.6669398,5.625,140.207906,1.875,133.3967332,5.625,-57.55176673,-1.875,-86.18199584,1.875,-97.4277287,-1.875,159.1649762,5.625,260.7541928,1.875,114.2450831,1.875,-43.56553122,5.625,-36.86003354,1.875,-22.73971339,1.875,9.674614931,5.625,172.1467059,5.625,-61.91642203,1.875,286.5860887,5.625,-83.26199177,5.625,284.538878,-5.625,17.38010712,1.875,41.55193604,1.875,95.63549379,1.875,-5.671967949,1.875,96.86513986,-1.875,58.58542336,5.625,73.76801365,-1.875,185.8384518,-5.625,242.0329712,5.625,68.53254881,1.875,154.6499779,-5.625,257.2493487,-5.625,-12.40606565,5.625,182.1081307,-1.875,30.69438298,5.625,84.66068494,5.625,24.3272704,-5.625
145.4068559,5.625,119.4309131,5.625,-38.48068314,-1.875,221.8254091,-5.625,-0.561545478,-5.625,234.9314414,-5.625,126.2938122,1.875,-37.28896501,-5.625,208.8755957,-5.625,-82.24931663,-5.625,-49.99061518,1.875,-18.14244586,-1.875,-97.34869799,-5.625,105.6978315,5.625,115.8883101,-1.875,211.4867633,5.625,139.2593256,1.875,132.41875,5.625,-56.49025694,-1.875,-87.23490718,1.875,-94.85545741,-1.875,158.1569432,5.625,259.5649259,1.875,113.23275,1.875,-44.61397017,5.625,-37.91056863,1.875,-23.75663135,1.875,8.593961226,5.625,171.1709299,5.625,-62.93564021,1.875,284.6698157,5.625,-84.31720751,5.625,285.6213785,-5.625,16.33194293,1.875,40.53731311,1.875,94.58969514,1.875,-6.754782195,1.875,97.94863063,-1.875,57.5728249,5.625,74.81683272,-1.875,186.8504915,-5.625,239.2726365,5.625,67.55039381,1.875,155.7275978,-5.625,258.2972092,-5.625,-13.42095455,5.625,183.3800724,-1.875,29.64831019,5.625,83.5824701,5.625,25.43733532,-5.625
144.5462308,5.625,118.4205999,5.625,-37.27442203,-1.875,222.9054665,-5.625,0.512997359,-5.625,235.9457703,-5.625,125.2158799,1.875,-35.49722115,-5.625,209.9210913,-5.625,-80.63561815,-5.625,-50.80598972,1.875,-16.84311961,-1.875,-94.69739598,-5.625,104.6541196,5.625,116.9058634,-1.875,210.3065868,5.625,138.3107452,1.875,131.4407669,5.625,-55.42874716,-1.875,-88.28781853,1.875,-92.28318611,-1.875,157.1489101,5.625,258.375659,1.875,112.2204169,1.875,-45.66240912,5.625,-38.77877944,1.875,-24.77354931,1.875,7.513307521,5.625,170.0975763,5.625,-63.95485839,1.875,282.7535426,5.625,-85.37242324,5.625,286.7038789,-5.625,15.28377874,1.875,39.52269017,1.875,93.5438965,1.875,-7.83759644,1.875,98.93362224,-1.875,56.56022644,5.625,75.86565178,-1.875,187.8625312,-5.625,236.5123018,5.625,66.47002331,1.875,156.8052177,-5.625,259.3450696,-5.625,-14.43584346,5.625,184.652014,-1.875,28.6022374,5.625,82.50425527,5.625,26.54740023,-5.625
143.5048743,5.625,117.4102867,5.625,-36.06816091,-1.875,223.985524,-5.625,1.587540196,-5.625,236.9600992,-5.625,124.4060135,1.875,-33.70547729,-5.625,210.9665869,-5.625,-79.02191966,-5.625,-51.89125324,1.875,-15.54379335,-1.875,-92.04609397,-5.625,103.6104076,5.625,117.9234167,-1.875,209.1264103,5.625,137.2673068,1.875,130.3649854,5.625,-54.36723738,-1.875,-89.34072987,1.875,-89.71091481,-1.875,156.1408771,5.625,257.1863921,1.875,111.2080838,1.875,-46.71084807,5.625,-39.82931452,1.875,-25.79046728,1.875,6.701396398,5.625,169.1218003,5.625,-64.97407657,1.875,280.8372696,5.625,-86.42763898,5.625,287.7863794,-5.625,14.23561455,1.875,38.50806724,1.875,92.49809785,1.875,-8.65113081,1.875,99.91861385,-1.875,55.54762799,5.625,76.91447085,-1.875,188.8745709,-5.625,233.751967,5.625,65.48786831,1.875,157.8828376,-5.625,260.3929301,-5.625,-15.45073236,5.625,185.9239556,-1.875,27.88775562,5.625,82.00126009,5.625,27.65746515,-5.625
142.4635178,5.625,116.3999735,5.625,-34.8618998,-1.875,224.7969871,-5.625,2.662083033,-5.625,237.9744281,-5.625,123.3280812,1.875,-31.91373343,-5.625,212.0120825,-5.625,-77.40822117,-5.625,-52.97651676,1.875,-14.2444671,-1.875,-89.39479196,-5.625,103.0748183,5.625,118.94097,-1.875,207.9462338,5.625,136.3187264,1.875,129.3870022,5.625,-53.3057276,-1.875,-90.39364121,1.875,-87.13864352,-1.875,155.132844,5.625,255.9971253,1.875,110.1957507,1.875,-47.75928702,5.625,-40.87984961,1.875,-26.80738524,1.875,5.620742694,5.625,168.1460243,5.625,-65.99329475,1.875,278.9209965,5.625,-87.48285471,5.625,288.8688798,-5.625,13.44811328,1.875,37.4934443,1.875,91.4522992,1.875,-9.733945056,1.875,101.0021046,-1.875,54.53502953,5.625,77.96328991,-1.875,189.8866107,-5.625,230.9916323,5.625,64.50571331,1.875,158.6924694,-5.625,261.4407905,-5.625,-16.46562126,5.625,187.1958973,-1.875,26.84168283,5.625,80.92304525,5.625,28.76753006,-5.625
141.4221614,5.625,115.3896604,5.625,-33.65563868,-1.875,225.8770445,-5.625,3.73662587,-5.625,238.9887571,-5.625,122.2501489,1.875,-30.12198958,-5.625,213.0575781,-5.625,-75.79452268,-5.625,-54.06178027,1.875,-12.94514084,-1.875,-88.10383317,-5.625,102.0311064,5.625,119.9585234,-1.875,206.7660573,5.625,135.370146,1.875,128.4090191,5.625,-52.24421782,-1.875,-91.44655255,1.875,-84.56637222,-1.875,154.1248109,5.625,254.8078584,1.875,109.1834177,1.875,-48.80772597,5.625,-41.93038469,1.875,-27.8243032,1.875,4.540088989,5.625,167.0726707,5.625,-67.01251293,1.875,277.0047235,5.625,-88.53807045,5.625,289.9513803,-5.625,12.39994909,1.875,36.47882136,1.875,90.5880028,1.875,-10.8167593,1.875,101.9870962,-1.875,53.52243107,5.625,79.01210898,-1.875,190.8986504,-5.625,228.2312976,5.625,63.4253428,1.875,159.7700893,-5.625,262.4886509,-5.625,-17.48051017,5.625,188.4678389,-1.875,25.79561004,5.625,79.84483041,5.625,29.87759497,-5.625
140.3808049,5.625,114.3793472,5.625,-32.44937757,-1.875,226.9571019,-5.625,4.811168707,-5.625,240.003086,-5.625,121.1722166,1.875,-28.33024572,-5.625,214.1030736,-5.625,-74.1808242,-5.625,-54.87715482,1.875,-11.64581458,-1.875,-86.81287437,-5.625,100.9873944,5.625,120.9760767,-1.875,205.5858808,5.625,134.3267075,1.875,127.3332376,5.625,-51.18270804,-1.875,-92.49946389,1.875,-81.99410092,-1.875,153.1167779,5.625,253.6185915,1.875,108.1710846,1.875,-49.85616492,5.625,-42.79859551,1.875,-28.84122116,1.875,3.459435285,5.625,166.0968947,5.625,-68.03173111,1.875,275.0884505,5.625,-89.59328618,5.625,291.0338807,-5.625,11.3517849,1.875,35.46419843,1.875,89.54220416,1.875,-11.89957355,1.875,102.9720878,-1.875,52.50983262,5.625,79.80010226,-1.875,191.9106901,-5.625,227.1927423,5.625,62.4431878,1.875,160.8477092,-5.625,263.5365114,-5.625,-18.49539907,5.625,189.7397806,-1.875,24.74953726,5.625,78.76661558,5.625,30.98765989,-5.625
139.3394484,5.625,113.369034,5.625,-31.24311645,-1.875,228.0371593,-5.625,5.885711544,-5.625,241.0174149,-5.625,120.0942844,1.875,-26.53850186,-5.625,215.1485692,-5.625,-72.56712571,-5.625,-55.96241833,1.875,-10.34648833,-1.875,-85.52191558,-5.625,99.94368246,5.625,121.99363,-1.875,204.4057043,5.625,133.2832691,1.875,126.3552544,5.625,-50.12119826,-1.875,-93.55237524,1.875,-79.42182963,-1.875,152.1087448,5.625,252.4293246,1.875,107.1587515,1.875,-50.90460387,5.625,-43.84913059,1.875,-29.85813912,1.875,2.647524162,5.625,165.1211187,5.625,-69.05094929,1.875,273.1721774,5.625,-90.64850191,5.625,292.1163812,-5.625,10.30362071,1.875,34.44957549,1.875,88.49640551,1.875,-12.71310792,1.875,104.0555786,-1.875,51.49723416,5.625,80.84892133,-1.875,192.9227298,-5.625,226.154187,5.625,61.4610328,1.875,161.9253291,-5.625,264.5843718,-5.625,-19.51028797,5.625,191.0117222,-1.875,23.70346447,5.625,77.68840074,5.625,32.0977248,-5.625
138.4788233,5.625,112.3587208,5.625,-30.03685534,-1.875,228.8486225,-5.625,6.960254382,-5.625,242.0317438,-5.625,119.2844179,1.875,-24.74675801,-5.625,216.0126151,-5.625,-70.95342722,-5.625,-57.04768185,1.875,-9.047162072,-1.875,-84.23095679,-5.625,98.8999705,5.625,123.0111833,-1.875,203.2255278,5.625,132.2398307,1.875,125.3772713,5.625,-49.05968848,-1.875,-94.60528658,1.875,-76.84955833,-1.875,151.1007118,5.625,251.2400577,1.875,106.1464184,1.875,-51.95304282,5.625,-44.89966568,1.875,-30.87505708,1.875,1.566870457,5.625,164.0477651,5.625,-70.07016746,1.875,271.2559044,5.625,-91.70371765,5.625,293.1988816,-5.625,9.255456517,1.875,33.43495256,1.875,87.45060686,1.875,-13.79592216,1.875,105.0405702,-1.875,50.4846357,5.625,81.89774039,-1.875,193.9347695,-5.625,225.1156317,5.625,60.3806623,1.875,162.7349608,-5.625,265.6322322,-5.625,-20.52517688,5.625,192.2836639,-1.875,22.65739169,5.625,76.6101859,5.625,33.20778972,-5.625
137.4374668,5.625,111.3484076,5.625,-28.83059422,-1.875,229.9286799,-5.625,8.034797219,-5.625,243.0460727,-5.625,118.2064856,1.875,-22.95501415,-5.625,217.0581107,-5.625,-69.33972873,-5.625,-58.13294537,1.875,-7.747835816,-1.875,-82.939998,-5.625,97.85625854,5.625,124.0287366,-1.875,202.0453514,5.625,131.2912503,1.875,124.3014898,5.625,-47.9981787,-1.875,-95.65819792,1.875,-74.27728703,-1.875,150.0926787,5.625,250.0507908,1.875,105.1340853,1.875,-53.00148177,5.625,-45.95020076,1.875,-31.89197505,1.875,0.486216752,5.625,163.0719891,5.625,-71.08938564,1.875,269.3396313,5.625,-92.75893338,5.625,294.2813821,-5.625,8.207292327,1.875,32.42032962,1.875,86.40480822,1.875,-14.87873641,1.875,106.0255618,-1.875,49.47203724,5.625,82.94655946,-1.875,194.9468093,-5.625,224.0770764,5.625,59.3985073,1.875,163.8125807,-5.625,266.6800927,-5.625,-21.54006578,5.625,193.5556055,-1.875,21.6113189,5.625,75.53197107,5.625,34.31785463,-5.625
136.3961103,5.625,110.3380945,5.625,-27.62433311,-1.875,231.0087373,-5.625,9.109340056,-5.625,244.0604016,-5.625,117.1285533,1.875,-21.16327029,-5.625,218.1036063,-5.625,-67.72603024,-5.625,-58.94831991,1.875,-6.44850956,-1.875,-81.64903921,-5.625,96.81254658,5.625,125.0462899,-1.875,200.8651749,5.625,130.2478118,1.875,123.3235066,5.625,-46.93666891,-1.875,-96.71110926,1.875,-71.70501574,-1.875,149.0846456,5.625,248.861524,1.875,104.1217522,1.875,-54.04992072,5.625,-46.81841157,1.875,-32.90889301,1.875,-0.594436952,5.625,162.0962131,5.625,-72.10860382,1.875,267.4233583,5.625,-93.81414912,5.625,295.3638825,-5.625,7.159128137,1.875,31.40570668,1.875,85.35900957,1.875,-15.96155065,1.875,107.1090526,-1.875,48.45943879,5.625,83.99537852,-1.875,195.958849,-5.625,223.0385211,5.625,58.41635229,1.875,164.8902006,-5.625,267.7279531,-5.625,-22.55495468,5.625,194.8275471,-1.875,20.56524611,5.625,74.45375623,5.625,35.42791955,-5.625
135.3547539,5.625,109.3277813,5.625,-26.41807199,-1.875,232.0887947,-5.625,10.18388289,-5.625,245.0747305,-5.625,116.0506211,1.875,-19.37152644,-5.625,219.1491019,-5.625,-66.11233176,-5.625,-60.03358343,1.875,-5.149183303,-1.875,-80.35808042,-5.625,95.76883461,5.625,126.0638432,-1.875,199.6849984,5.625,129.2043734,1.875,122.3455235,5.625,-45.87515913,-1.875,-97.7640206,1.875,-69.13274444,-1.875,148.0766126,5.625,247.6722571,1.875,103.1094191,1.875,-55.09835967,5.625,-47.86894666,1.875,-33.92581097,1.875,-1.406348075,5.625,161.0228595,5.625,-73.127822,1.875,265.5070853,5.625,-94.86936485,5.625,296.446383,-5.625,6.110963947,1.875,30.39108375,1.875,84.49471317,1.875,-16.77508502,1.875,108.0940442,-1.875,47.44684033,5.625,85.04419759,-1.875,196.9708887,-5.625,221.9999658,5.625,57.33598179,1.875,165.9678205,-5.625,268.7758135,-5.625,-23.56984359,5.625,196.0994888,-1.875,19.85076433,5.625,73.37554139,5.625,36.53798446,-5.625
134.3133974,5.625,108.3174681,5.625,-25.21181088,-1.875,232.9002578,-5.625,11.25842573,-5.625,246.0890594,-5.625,115.2407546,1.875,-17.57978258,-5.625,220.0131478,-5.625,-64.49863327,-5.625,-61.11884695,1.875,-3.849857047,-1.875,-79.06712163,-5.625,94.72512265,5.625,127.0813966,-1.875,198.5048219,5.625,128.1609349,1.875,121.269742,5.625,-44.81364935,-1.875,-98.81693195,1.875,-66.56047314,-1.875,147.0685795,5.625,246.4829902,1.875,102.097086,1.875,-56.14679862,5.625,-48.91948174,1.875,-34.94272893,1.875,-2.48700178,5.625,160.0470835,5.625,-74.14704018,1.875,263.5908122,5.625,-95.92458059,5.625,297.5288834,-5.625,5.323462677,1.875,29.37646081,1.875,83.44891452,1.875,-17.85789927,1.875,109.0790358,-1.875,46.43424187,5.625,86.09301665,-1.875,197.9829284,-5.625,220.9614105,5.625,56.35382679,1.875,167.0454404,-5.625,269.823674,-5.625,-24.58473249,5.625,197.3714304,-1.875,18.80469154,5.625,72.63910615,5.625,37.64804937,-5.625
133.2720409,5.625,107.3071549,5.625,-24.00554976,-1.875,233.9803152,-5.625,12.33296857,-5.625,247.1033883,-5.625,114.1628223,1.875,-15.78803872,-5.625,221.0586434,-5.625,-62.88493478,-5.625,-62.20411046,1.875,-2.550530791,-1.875,-77.77616284,-5.625,93.68141069,5.625,128.0989499,-1.875,197.3246454,5.625,127.2123545,1.875,120.2917589,5.625,-43.75213957,-1.875,-99.86984329,1.875,-63.98820185,-1.875,146.0605465,5.625,245.2937233,1.875,101.0847529,1.875,-57.19523757,5.625,-49.97001683,1.875,-35.95964689,1.875,-3.567655485,5.625,159.0713075,5.625,-75.16625836,1.875,261.6745392,5.625,-96.97979632,5.625,298.6113839,-5.625,4.275298487,1.875,28.36183788,1.875,82.40311588,1.875,-18.94071352,1.875,110.1625266,-1.875,45.42164342,5.625,86.95980926,-1.875,198.9949681,-5.625,219.9228551,5.625,55.37167179,1.875,167.8550722,-5.625,270.8715344,-5.625,-25.5996214,5.625,198.6433721,-1.875,17.75861875,5.625,71.56089131,5.625,38.75811429,-5.625
132.4114157,5.625,106.2968418,5.625,-22.79928865,-1.875,235.0603726,-5.625,13.4075114,-5.625,248.1177172,-5.625,113.08489,1.875,-13.99629486,-5.625,222.104139,-5.625,-61.27123629,-5.625,-63.01948501,1.875,-1.251204535,-1.875,-76.48520405,-5.625,92.63769873,5.625,129.1165032,-1.875,196.1444689,5.625,126.1689161,1.875,119.3137757,5.625,-42.69062979,-1.875,300,1.875,-61.41593055,-1.875,145.0525134,5.625,244.1044564,1.875,100.0724199,1.875,-58.24367652,5.625,-51.02055191,1.875,-36.97656486,1.875,-4.648309189,5.625,157.9979539,5.625,-76.18547654,1.875,259.7582661,5.625,-98.03501206,5.625,299.6938843,-5.625,3.227134297,1.875,27.34721494,1.875,81.35731723,1.875,-20.02352776,1.875,111.1475182,-1.875,44.40904496,5.625,88.00862833,-1.875,200.0070078,-5.625,218.8842998,5.625,54.29130129,1.875,168.9326921,-5.625,271.9193948,-5.625,-26.6145103,5.625,199.9153137,-1.875,16.71254597,5.625,70.48267648,5.625,39.8681792,-5.625
131.3700593,5.625,105.2865286,5.625,-21.59302753,-1.875,236.1404301,-5.625,14.48205424,-5.625,249.1320461,-5.625,112.0069578,1.875,-12.20455101,-5.625,223.1496345,-5.625,-59.65753781,-5.625,-64.10474852,1.875,0.048121721,-1.875,-75.19424526,-5.625,91.59398676,5.625,130.1340565,-1.875,194.9642924,5.625,125.1254776,1.875,118.2379942,5.625,-41.62912001,-1.875,298.7812101,1.875,-58.84365925,-1.875,144.0444803,5.625,242.9151895,1.875,99.06008677,1.875,-59.29211547,5.625,-52.071087,1.875,-37.99348282,1.875,-5.460220312,5.625,157.0221779,5.625,-77.20469472,1.875,257.8419931,5.625,-99.09022779,5.625,300,5.625,2.178970107,1.875,26.332592,1.875,80.31151859,1.875,-20.83706213,1.875,112.1325098,-1.875,43.3964465,5.625,89.05744739,-1.875,201.0190476,-5.625,217.8457445,5.625,53.30914628,1.875,170.010312,-5.625,272.9672553,-5.625,-27.6293992,5.625,201.1872554,-1.875,15.66647318,5.625,69.40446164,5.625,40.97824412,-5.625
130.3287028,5.625,104.2762154,5.625,-20.38676642,-1.875,236.9518932,-5.625,15.55659708,-5.625,250.146375,-5.625,111.1970913,1.875,-10.41280715,-5.625,224.0136805,-5.625,-58.04383932,-5.625,-65.19001204,1.875,1.347447977,-1.875,-73.90328647,-5.625,90.5502748,5.625,131.1516098,-1.875,193.7841159,5.625,124.0820392,1.875,117.2600111,5.625,-40.56761023,-1.875,297.5624201,1.875,-56.27138795,-1.875,143.0364473,5.625,241.7259226,1.875,98.04775368,1.875,-60.34055442,5.625,-53.12162208,1.875,-39.01040078,1.875,-6.540874017,5.625,156.0464019,5.625,-78.2239129,1.875,255.9257201,5.625,317.5624201,1.875,297.4922868,5.625,1.130805917,1.875,25.31796907,1.875,79.26571994,1.875,-21.91987638,1.875,113.2160006,-1.875,42.38384805,5.625,90.10626646,-1.875,202.0310873,-5.625,216.8071892,5.625,52.32699128,1.875,171.0879319,-5.625,274.0151157,-5.625,-28.64428811,5.625,202.459197,-1.875,14.62040039,5.625,68.3262468,5.625,42.08830903,-5.625
129.2873463,5.625,103.2659022,5.625,-19.1805053,-1.875,238.0319506,-5.625,16.63113991,-5.625,251.1607039,-5.625,110.119159,1.875,-8.621063294,-5.625,225.0591761,-5.625,-56.43014083,-5.625,-66.27527556,1.875,2.646774233,-1.875,-72.61232768,-5.625,89.50656284,5.625,132.1691631,-1.875,192.6039394,5.625,123.1334588,1.875,116.2820279,5.625,-39.50610045,-1.875,296.3436302,1.875,-53.69911666,-1.875,142.0284142,5.625,240.5366558,1.875,97.03542059,1.875,-61.38899337,5.625,-54.17215717,1.875,-40.02731874,1.875,-7.621527721,5.625,154.9730483,5.625,-79.24313108,1.875,254.009447,5.625,314.6602511,1.875,294.9845736,5.625,0.082641727,1.875,24.30334613,1.875,78.40142354,1.875,-23.00269062,1.875,114.2009922,-1.875,41.37124959,5.625,91.15508552,-1.875,203.043127,-5.625,215.7686339,5.625,51.24662078,1.875,171.8975636,-5.625,275.0629762,-5.625,-29.65917701,5.625,203.7311386,-1.875,13.57432761,5.625,67.58981156,5.625,43.19837395,-5.625
128.2459899,5.625,102.255589,5.625,-17.97424419,-1.875,239.112008,-5.625,17.70568275,-5.625,252.1750328,-5.625,109.0412268,1.875,-6.829319437,-5.625,226.1046716,-5.625,-54.81644234,-5.625,-67.0906501,1.875,3.946100489,-1.875,-71.32136889,-5.625,88.7224066,5.625,133.1867164,-1.875,191.4237629,5.625,122.0900204,1.875,115.2062464,5.625,-38.44459067,-1.875,295.1248403,1.875,-51.12684536,-1.875,141.0203812,5.625,239.3473889,1.875,96.0230875,1.875,-62.43743232,5.625,-55.04036798,1.875,-41.0442367,1.875,-8.702181426,5.625,153.9972723,5.625,-80.26234926,1.875,252.093174,5.625,311.7580821,1.875,292.4768604,5.625,-0.965522463,1.875,23.2887232,1.875,77.35562489,1.875,-24.08550487,1.875,115.1859838,-1.875,40.35865113,5.625,92.20390459,-1.875,204.0551667,-5.625,214.7300786,5.625,50.26446578,1.875,172.9751835,-5.625,276.1108366,-5.625,-30.67406591,5.625,205.0030803,-1.875,12.52825482,5.625,66.51159673,5.625,44.30843886,-5.625
127.2046334,5.625,101.2452759,5.625,-16.76798307,-1.875,240.1920654,-5.625,18.78022559,-5.625,253.1893617,-5.625,107.9632945,1.875,-5.03757558,-5.625,227.1501672,-5.625,-53.20274385,-5.625,-68.17591362,1.875,5.245426746,-1.875,-70.0304101,-5.625,87.67869463,5.625,134.2042698,-1.875,190.2435865,5.625,121.0465819,1.875,114.2282633,5.625,-37.38308088,-1.875,293.9060503,1.875,-50.27763754,-1.875,140.0123481,5.625,238.158122,1.875,95.01075441,1.875,-63.48587127,5.625,-56.09090307,1.875,-42.06115467,1.875,-9.514092549,5.625,153.0214963,5.625,-81.28156744,1.875,250.1769009,5.625,310.7830502,1.875,289.9691471,5.625,-2.013686653,1.875,22.27410026,1.875,76.30982625,1.875,-24.89903924,1.875,116.2694745,-1.875,39.34605268,5.625,93.0706972,-1.875,205.0672064,-5.625,213.6915233,5.625,49.28231078,1.875,174.0528034,-5.625,277.158697,-5.625,-31.68895482,5.625,206.2750219,-1.875,11.48218204,5.625,65.43338189,5.625,45.41850377,-5.625
126.3440082,5.625,100.2349627,5.625,-15.56172196,-1.875,241.0035286,-5.625,19.85476843,-5.625,254.2036906,-5.625,107.153428,1.875,-3.245831723,-5.625,228.1956628,-5.625,-51.58904537,-5.625,-69.26117714,1.875,6.544753002,-1.875,-68.73945131,-5.625,86.63498267,5.625,135.2218231,-1.875,189.06341,5.625,120.0031435,1.875,113.2502801,5.625,-36.3215711,-1.875,292.6872604,1.875,-49.42842971,-1.875,139.004315,5.625,236.9688551,1.875,93.99842132,1.875,-64.53431022,5.625,-57.14143815,1.875,-43.07807263,1.875,-10.59474625,5.625,151.9481427,5.625,-82.30078561,1.875,248.2606279,5.625,309.710515,1.875,287.4614339,5.625,-2.879938049,1.875,21.25947732,1.875,75.2640276,1.875,-25.98185348,1.875,117.2544662,-1.875,38.33345422,5.625,94.11951627,-1.875,206.0792462,-5.625,212.652968,5.625,48.20194027,1.875,175.1304233,-5.625,278.2065575,-5.625,-32.70384372,5.625,207.5469636,-1.875,10.43610925,5.625,64.35516705,5.625,46.52856869,-5.625
125.3026518,5.625,99.2246495,5.625,-14.35546084,-1.875,242.083586,-5.625,20.92931126,-5.625,255.2180195,-5.625,106.0754957,1.875,-1.454087866,-5.625,229.2411584,-5.625,-49.97534688,-5.625,-70.34644065,1.875,7.844079258,-1.875,-67.44849252,-5.625,85.59127071,5.625,136.2393764,-1.875,187.8832335,5.625,119.0545631,1.875,112.1744986,5.625,-35.26006132,-1.875,291.4684705,1.875,-48.40088824,-1.875,137.996282,5.625,235.7795882,1.875,92.98608823,1.875,-65.58274917,5.625,-58.19197323,1.875,-44.09499059,1.875,-11.67539996,5.625,150.9723667,5.625,-83.32000379,1.875,246.3443548,5.625,308.6379799,1.875,284.9537207,5.625,-3.928102239,1.875,20.24485439,1.875,74.21822895,1.875,-27.06466773,1.875,118.2394578,-1.875,37.32085576,5.625,95.16833533,-1.875,207.0912859,-5.625,211.6144127,5.625,47.21978527,1.875,175.9400551,-5.625,279.2544179,-5.625,-33.71873263,5.625,208.8189052,-1.875,9.390036464,5.625,63.27695221,5.625,47.6386336,-5.625
124.2612953,5.625,98.21433632,5.625,-13.14919973,-1.875,243.1636434,-5.625,22.0038541,-5.625,256.2323484,-5.625,104.9975635,1.875,0.337655991,-5.625,230.2866539,-5.625,-48.36164839,-5.625,-71.1618152,1.875,9.143405514,-1.875,-66.15753373,-5.625,84.54755875,5.625,137.2569297,-1.875,186.703057,5.625,118.1059827,1.875,111.1965155,5.625,-34.19855154,-1.875,290.2496805,1.875,-47.37334678,-1.875,136.9882489,5.625,234.5903213,1.875,91.97375514,1.875,-66.63118812,5.625,-59.06018405,1.875,-45.11190855,1.875,-12.75605366,5.625,149.9965907,5.625,-84.33922197,1.875,244.4280818,5.625,307.5654448,1.875,282.4460075,5.625,-4.976266429,1.875,19.23023145,1.875,73.50393441,1.875,-28.14748198,1.875,119.2244494,-1.875,36.3082573,5.625,96.2171544,-1.875,208.1033256,-5.625,210.5758573,5.625,46.23763027,1.875,177.017675,-5.625,280.3022783,-5.625,-34.73362153,5.625,210.0908469,-1.875,8.343963678,5.625,62.54051697,5.625,48.74869852,-5.625
123.2199388,5.625,97.20402314,5.625,-11.94293861,-1.875,244.2437008,-5.625,23.07839694,-5.625,257.2466773,-5.625,103.9196312,1.875,2.129399848,-5.625,231.3321495,-5.625,-46.7479499,-5.625,-72.24707871,1.875,10.44273177,-1.875,-64.86657494,-5.625,83.50384678,5.625,138.274483,-1.875,185.5228805,5.625,117.0625442,1.875,110.2185323,5.625,-33.13704176,-1.875,289.0308906,1.875,-46.34580531,-1.875,135.9802159,5.625,233.4010544,1.875,90.96142205,1.875,-67.67962707,5.625,-60.11071913,1.875,-46.12882651,1.875,-13.56796479,5.625,148.9232371,5.625,-85.35844015,1.875,242.5118088,5.625,306.4929096,1.875,279.9382943,5.625,-6.024430619,1.875,18.21560852,1.875,72.45813576,1.875,-28.96101635,1.875,120.3079401,-1.875,35.29565885,5.625,97.26597346,-1.875,209.1153653,-5.625,209.537302,5.625,45.15725977,1.875,178.0952949,-5.625,281.3501388,-5.625,-35.74851043,5.625,211.3627885,-1.875,7.62948189,5.625,61.46230214,5.625,49.85876343,-5.625
122.1785824,5.625,96.19370996,5.625,-10.7366775,-1.875,245.3237582,-5.625,24.15293977,-5.625,258.2610062,-5.625,103.1097647,1.875,3.921143705,-5.625,232.3776451,-5.625,-45.13425142,-5.625,-73.33234223,1.875,11.74205803,-1.875,-63.57561615,-5.625,82.46013482,5.625,139.2920363,-1.875,184.342704,5.625,116.0191058,1.875,109.1427509,5.625,-32.07553198,-1.875,287.8121006,1.875,-45.31826384,-1.875,134.9721828,5.625,232.2117876,1.875,89.94908896,1.875,-68.72806602,5.625,-61.16125422,1.875,-47.14574448,1.875,-14.64861849,5.625,147.9474611,5.625,-86.37765833,1.875,240.5955357,5.625,305.4203745,1.875,277.4305811,5.625,-6.890682016,1.875,17.20098558,1.875,71.41233711,1.875,-30.04383059,1.875,121.2929317,-1.875,34.28306039,5.625,98.31479252,-1.875,210.127405,-5.625,208.4987467,5.625,44.17510477,1.875,179.1729148,-5.625,282.3979992,-5.625,-36.76339934,5.625,212.6347301,-1.875,6.583409104,5.625,60.3840873,5.625,50.96882835,-5.625
121.1372259,5.625,95.18339678,5.625,-9.530416385,-1.875,246.1352213,-5.625,25.22748261,-5.625,259.2753351,-5.625,102.0318324,1.875,5.712887562,-5.625,233.241691,-5.625,-43.52055293,-5.625,-74.41760575,1.875,13.04138428,-1.875,-62.28465736,-5.625,81.41642286,5.625,140.3095896,-1.875,183.1625275,5.625,115.0705254,1.875,108.1647677,5.625,-31.0140222,-1.875,286.5933107,1.875,-44.29072237,-1.875,133.9641498,5.625,231.0225207,1.875,88.93675587,1.875,-69.77650497,5.625,-62.2117893,1.875,-48.16266244,1.875,-15.7292722,5.625,146.9716851,5.625,-87.39687651,1.875,238.6792627,5.625,304.3478393,1.875,274.9228679,5.625,-7.938846206,1.875,16.18636265,1.875,70.36653847,1.875,-31.12664484,1.875,122.2779234,-1.875,33.27046193,5.625,99.10278581,-1.875,211.1394448,-5.625,207.4601914,5.625,43.19294976,1.875,179.9825466,-5.625,283.4458596,-5.625,-37.77828824,5.625,213.9066718,-1.875,5.537336318,5.625,59.30587246,5.625,52.07889326,-5.625
120.2766007,5.625,94.1730836,5.625,-8.32415527,-1.875,247.2152788,-5.625,26.30202545,-5.625,260.289664,-5.625,100.9539002,1.875,7.504631419,-5.625,234.2871866,-5.625,-41.90685444,-5.625,-75.23298029,1.875,14.34071054,-1.875,-60.99369857,-5.625,80.3727109,5.625,141.327143,-1.875,181.982351,5.625,114.027087,1.875,107.1867845,5.625,-29.95251242,-1.875,285.3745208,1.875,-43.2631809,-1.875,132.9561167,5.625,229.8332538,1.875,87.92442278,1.875,-70.82494392,5.625,-63.26232439,1.875,-49.1795804,1.875,-16.8099259,5.625,145.8983315,5.625,-88.41609469,1.875,236.7629896,5.625,303.2753042,1.875,272.4151547,5.625,-8.987010396,1.875,15.17173971,1.875,69.32073982,1.875,-32.20945908,1.875,123.3614141,-1.875,32.25786348,5.625,100.1516049,-1.875,212.1514845,-5.625,206.4216361,5.625,42.11257926,1.875,181.0601664,-5.625,284.4937201,-5.625,-38.79317714,5.625,215.1786134,-1.875,4.491263532,5.625,58.22765763,5.625,53.18895817,-5.625
119.2352443,5.625,93.16277042,5.625,-7.117894155,-1.875,248.2953362,-5.625,27.37656829,-5.625,261.3039929,-5.625,99.8759679,1.875,9.296375276,-5.625,235.3326822,-5.625,-40.29315595,-5.625,-76.31824381,1.875,15.64003679,-1.875,-59.70273978,-5.625,79.32899894,5.625,142.3446963,-1.875,180.8021745,5.625,112.9836485,1.875,106.1110031,5.625,-28.89100264,-1.875,284.1557308,1.875,-42.23563943,-1.875,131.9480836,5.625,228.6439869,1.875,86.91208969,1.875,-71.87338287,5.625,-64.31285947,1.875,-50.19649836,1.875,-17.62183702,5.625,144.9225555,5.625,-89.43531287,1.875,234.8467166,5.625,302.202769,1.875,269.9074414,5.625,-10.03517459,1.875,14.15711677,1.875,68.27494118,1.875,-33.02299345,1.875,124.3464057,-1.875,31.24526502,5.625,101.2004239,-1.875,213.1635242,-5.625,205.3830808,5.625,41.13042426,1.875,182.1377863,-5.625,285.5415805,-5.625,-39.80806605,5.625,216.4505551,-1.875,3.445190746,5.625,57.49122238,5.625,54.29902309,-5.625
118.1938878,5.625,92.15245724,5.625,-5.91163304,-1.875,249.3753936,-5.625,28.45111112,-5.625,262.3183218,-5.625,99.06610143,1.875,11.08811913,-5.625,236.3781778,-5.625,-38.67945746,-5.625,-77.40350732,1.875,16.93936305,-1.875,-58.41178099,-5.625,78.54484269,5.625,143.3622496,-1.875,179.621998,5.625,111.9402101,1.875,105.1330199,5.625,-27.82949285,-1.875,282.9369409,1.875,-41.20809797,-1.875,130.9400506,5.625,227.45472,1.875,85.8997566,1.875,-72.92182182,5.625,-65.36339456,1.875,-51.21341632,1.875,-18.70249073,5.625,143.9467795,5.625,-90.45453105,1.875,232.9304436,5.625,301.1302339,1.875,267.3997282,5.625,-10.90142598,1.875,13.14249384,1.875,67.22914253,1.875,-34.1058077,1.875,125.3313973,-1.875,30.23266656,5.625,102.249243,-1.875,214.1755639,-5.625,204.3445255,5.625,40.14826926,1.875,183.2154062,-5.625,286.589441,-5.625,-40.82295495,5.625,217.7224967,-1.875,2.39911796,5.625,56.41300755,5.625,55.409088,-5.625
117.1525313,5.625,91.14214406,5.625,-4.705371925,-1.875,250.1868567,-5.625,29.52565396,-5.625,263.3326507,-5.625,97.98816915,1.875,12.87986299,-5.625,237.2422237,-5.625,-37.06575898,-5.625,-78.48877084,1.875,18.23868931,-1.875,-57.1208222,-5.625,77.50113073,5.625,144.3798029,-1.875,178.4418216,5.625,110.9916297,1.875,104.1550368,5.625,-26.76798307,-1.875,281.718151,1.875,-40.1805565,-1.875,129.9320175,5.625,226.2654531,1.875,84.88742351,1.875,-73.97026077,5.625,-66.41392964,1.875,-52.23033429,1.875,-19.78314443,5.625,142.8734259,5.625,-91.47374923,1.875,231.0141705,5.625,300.0576987,1.875,264.892015,5.625,-11.94959017,1.875,12.1278709,1.875,66.18334388,1.875,-35.18862194,1.875,126.4148881,-1.875,29.22006811,5.625,103.2980621,-1.875,215.1876036,-5.625,203.3059702,5.625,39.06789875,1.875,184.025038,-5.625,287.6373014,-5.625,-41.83784385,5.625,218.9944384,-1.875,1.353045174,5.625,55.33479271,5.625,56.51915292,-5.625
116.2919062,5.625,90.13183088,5.625,-3.49911081,-1.875,251.2669141,-5.625,30.6001968,-5.625,264.3469796,-5.625,96.91023688,1.875,14.67160685,-5.625,238.2877193,-5.625,-35.45206049,-5.625,-79.30414539,1.875,19.53801556,-1.875,-55.82986341,-5.625,76.45741877,5.625,145.3973562,-1.875,177.2616451,5.625,109.9481912,1.875,103.0792553,5.625,-25.70647329,-1.875,280.499361,1.875,-39.15301503,-1.875,128.9239845,5.625,225.0761863,1.875,83.87509042,1.875,-75.01869972,5.625,-67.28214045,1.875,-53.24725225,1.875,-20.86379814,5.625,141.8976499,5.625,-92.49296741,1.875,230.008849,5.625,298.9851636,1.875,262.3843018,5.625,-12.99775436,1.875,11.11324797,1.875,65.13754524,1.875,-36.27143619,1.875,127.3998797,-1.875,28.20746965,5.625,104.3468811,-1.875,216.1996434,-5.625,202.2674149,5.625,38.08574375,1.875,185.1026579,-5.625,288.6851618,-5.625,-42.85273276,5.625,220.26638,-1.875,0.306972387,5.625,54.25657787,5.625,57.62921783,-5.625
115.2505497,5.625,89.1215177,5.625,-2.292849695,-1.875,252.3469715,-5.625,31.67473963,-5.625,265.3613085,-5.625,95.83230461,1.875,16.4633507,-5.625,239.3332149,-5.625,-33.838362,-5.625,-80.3894089,1.875,20.83734182,-1.875,-54.53890462,-5.625,75.4137068,5.625,146.4149095,-1.875,176.0814686,5.625,108.9047528,1.875,102.1012721,5.625,-24.64496351,-1.875,279.2805711,1.875,-38.12547356,-1.875,127.9159514,5.625,223.8869194,1.875,82.86275734,1.875,-76.06713867,5.625,-68.33267554,1.875,-54.26417021,1.875,-21.67570926,5.625,140.9218739,5.625,-93.51218559,1.875,229.0035274,5.625,297.9126285,1.875,259.8765886,5.625,-14.04591855,1.875,10.09862503,1.875,64.09174659,1.875,-37.08497056,1.875,128.3848713,-1.875,27.19487119,5.625,105.3957002,-1.875,217.2116831,-5.625,201.2288595,5.625,37.10358875,1.875,186.1802778,-5.625,289.7330223,-5.625,-43.86762166,5.625,221.5383216,-1.875,-0.407509401,5.625,53.17836304,5.625,58.73928275,-5.625
114.2091932,5.625,88.11120452,5.625,-1.086588581,-1.875,253.4270289,-5.625,32.74928247,-5.625,266.3756374,-5.625,95.02243813,1.875,18.25509456,-5.625,240.3787104,-5.625,-32.22466351,-5.625,-81.47467242,1.875,22.13666808,-1.875,-53.24794583,-5.625,74.36999484,5.625,147.4324628,-1.875,174.9012921,5.625,107.8613144,1.875,101.123289,5.625,-23.58345373,-1.875,278.0617812,1.875,-37.09793209,-1.875,126.9079183,5.625,222.6976525,1.875,81.85042425,1.875,-77.11557762,5.625,-69.38321062,1.875,-55.28108817,1.875,-22.75636296,5.625,139.8485203,5.625,-94.53140376,1.875,227.9982059,5.625,296.8400933,1.875,257.3688754,5.625,-15.09408274,1.875,9.084002094,1.875,63.22745019,1.875,-38.16778481,1.875,129.4683621,-1.875,26.18227274,5.625,106.2624928,-1.875,218.2237228,-5.625,200.1903042,5.625,36.02321825,1.875,187.2578977,-5.625,290.7808827,-5.625,-44.88251057,5.625,222.8102633,-1.875,-1.453582187,5.625,52.4419278,5.625,59.84934766,-5.625
113.1678368,5.625,87.10089134,5.625,0.119672534,-1.875,254.2384921,-5.625,33.82382531,-5.625,267.3899663,-5.625,93.94450586,1.875,20.04683842,-5.625,241.424206,-5.625,-30.61096503,-5.625,-82.55993594,1.875,23.43599433,-1.875,-51.95698704,-5.625,73.5858386,5.625,148.4500162,-1.875,173.7211156,5.625,106.912734,1.875,100.0475075,5.625,-22.52194395,-1.875,276.8429912,1.875,-36.07039063,-1.875,125.8998853,5.625,221.5083856,1.875,80.83809116,1.875,-78.16401657,5.625,-70.43374571,1.875,-56.29800613,1.875,-23.83701667,5.625,138.8727443,5.625,-95.55062194,1.875,226.9928844,5.625,295.7675582,1.875,254.8611622,5.625,-16.14224693,1.875,8.069379158,1.875,62.18165154,1.875,-39.25059905,1.875,130.4533537,-1.875,25.16967428,5.625,107.3113119,-1.875,219.2357625,-5.625,199.1517489,5.625,35.04106325,1.875,188.0675295,-5.625,291.8287431,-5.625,-45.89739947,5.625,224.0822049,-1.875,-2.499654973,5.625,51.36371296,5.625,60.95941257,-5.625
112.1264803,5.625,86.09057816,5.625,1.325933649,-1.875,255.3185495,-5.625,34.89836814,-5.625,268.4042952,-5.625,92.86657359,1.875,21.83858227,-5.625,242.4697016,-5.625,-28.99726654,-5.625,-83.37531048,1.875,24.73532059,-1.875,-50.66602825,-5.625,72.54212664,5.625,149.4675695,-1.875,172.5409391,5.625,105.9641536,1.875,99.06952434,5.625,-21.46043417,-1.875,275.6242013,1.875,-35.04284916,-1.875,124.8918522,5.625,220.3191187,1.875,79.82575807,1.875,-79.21245552,5.625,-71.30195652,1.875,-57.3149241,1.875,-24.91767037,5.625,137.8969683,5.625,-96.56984012,1.875,225.9875628,5.625,294.695023,1.875,252.3534489,5.625,-17.19041112,1.875,7.054756222,1.875,61.1358529,1.875,-40.3334133,1.875,131.4383453,-1.875,24.15707582,5.625,108.3601309,-1.875,220.2478022,-5.625,198.1131936,5.625,34.05890824,1.875,189.1451494,-5.625,292.8766036,-5.625,-46.91228837,5.625,225.3541466,-1.875,-3.545727759,5.625,50.28549812,5.625,62.06947749,-5.625
111.0851238,5.625,85.08026499,5.625,2.532194764,-1.875,256.3986069,-5.625,35.97291098,-5.625,269.4186241,-5.625,91.78864131,1.875,23.63032613,-5.625,243.5151972,-5.625,-27.38356805,-5.625,-84.460574,1.875,26.03464684,-1.875,-49.37506946,-5.625,71.49841467,5.625,150.4851228,-1.875,171.3607626,5.625,104.9207151,1.875,98.09154118,5.625,-20.39892439,-1.875,274.4054114,1.875,-34.01530769,-1.875,123.8838192,5.625,219.1298518,1.875,78.81342498,1.875,-80.26089447,5.625,-72.35249161,1.875,-58.33184206,1.875,-25.7295815,5.625,136.8236147,5.625,-97.5890583,1.875,224.9822413,5.625,293.6224879,1.875,249.8457357,5.625,-18.23857531,1.875,6.040133286,1.875,60.09005425,1.875,-41.14694767,1.875,132.5218361,-1.875,23.14447736,5.625,109.40895,-1.875,221.259842,-5.625,197.0746383,5.625,32.97853774,1.875,190.2227692,-5.625,293.924464,-5.625,-47.92717728,5.625,226.6260882,-1.875,-4.591800545,5.625,49.20728328,5.625,63.1795424,-5.625
110.2244986,5.625,84.06995181,5.625,3.738455879,-1.875,257.4786643,-5.625,37.04745382,-5.625,270.432953,-5.625,90.97877484,1.875,24.57592383,-5.625,244.5606927,-5.625,-25.76986956,-5.625,-85.54583751,1.875,27.3339731,-1.875,-48.08411067,-5.625,70.45470271,5.625,151.5026761,-1.875,170.1805861,5.625,103.8772767,1.875,97.01575971,5.625,-19.33741461,-1.875,273.1866214,1.875,-32.98776622,-1.875,122.8757861,5.625,217.9405849,1.875,77.80109189,1.875,-81.30933342,5.625,-73.40302669,1.875,-59.34876002,1.875,-26.8102352,5.625,135.8478386,5.625,-98.60827648,1.875,223.9769197,5.625,292.5499527,1.875,247.3380225,5.625,-19.10482671,1.875,5.02551035,1.875,59.04425561,1.875,-42.22976191,1.875,133.5068277,-1.875,22.13187891,5.625,110.4577691,-1.875,222.2718817,-5.625,196.036083,5.625,31.99638274,1.875,191.3003891,-5.625,294.9723244,-5.625,-48.94206618,5.625,227.8980299,-1.875,-5.637873331,5.625,48.12906845,5.625,64.28960732,-5.625
109.1831422,5.625,83.05963863,5.625,4.944716994,-1.875,258.2901274,-5.625,38.12199666,-5.625,271.4472819,-5.625,89.90084257,1.875,25.52152152,-5.625,245.4247387,-5.625,-24.15617107,-5.625,-86.63110103,1.875,28.63329936,-1.875,-46.79315188,-5.625,69.41099075,5.625,152.5202294,-1.875,169.0004096,5.625,102.9286963,1.875,96.03777655,5.625,-18.27590483,-1.875,271.9678315,1.875,-31.96022475,-1.875,121.867753,5.625,216.7513181,1.875,76.7887588,1.875,-82.35777237,5.625,-74.45356178,1.875,-60.36567798,1.875,-27.89088891,5.625,134.8720626,5.625,-99.62749466,1.875,222.9715982,5.625,291.4774176,1.875,244.8303093,5.625,-20.1529909,1.875,4.010887414,1.875,57.99845696,1.875,-43.31257616,1.875,134.4918193,-1.875,21.11928045,5.625,111.5065881,-1.875,223.2839214,-5.625,194.9975277,5.625,31.01422774,1.875,192.1100209,-5.625,296.0201849,-5.625,-49.95695508,5.625,229.1699715,-1.875,-6.683946117,5.625,47.05085361,5.625,65.39967223,-5.625
108.1417857,5.625,82.04932545,5.625,6.150978109,-1.875,259.3701849,-5.625,39.19653949,-5.625,272.4616108,-5.625,88.82291029,1.875,26.46711922,-5.625,246.4702343,-5.625,-22.54247259,-5.625,-87.44647558,1.875,29.93262561,-1.875,-45.50219309,-5.625,68.36727879,5.625,153.5377827,-1.875,167.8202332,5.625,101.8852578,1.875,95.05979339,5.625,-17.21439504,-1.875,270.7490415,1.875,-30.93268329,-1.875,120.85972,5.625,215.5620512,1.875,75.77642571,1.875,-83.40621132,5.625,-75.32177259,1.875,-61.38259594,1.875,-28.97154261,5.625,133.798709,5.625,-100,-5.625,221.9662766,5.625,290.4048825,1.875,244.0260521,5.625,-21.20115509,1.875,2.996264478,1.875,57.13416056,1.875,-44.3953904,1.875,135.5753101,-1.875,20.10668199,5.625,112.3733808,-1.875,224.2959611,-5.625,193.9589724,5.625,29.93385724,1.875,193.1876408,-5.625,297.0680453,-5.625,-50.97184399,5.625,230.4419131,-1.875,-7.730018903,5.625,46.31441837,5.625,66.50973715,-5.625
107.1004292,5.625,81.03901227,5.625,7.357239224,-1.875,260.4502423,-5.625,40.27108233,-5.625,273.4759397,-5.625,87.74497802,1.875,27.41271692,-5.625,247.5157298,-5.625,-20.9287741,-5.625,-88.53173909,1.875,31.23195187,-1.875,-44.2112343,-5.625,67.32356682,5.625,154.555336,-1.875,166.6400567,5.625,100.8418194,1.875,93.98401192,5.625,-16.15288526,-1.875,269.5302516,1.875,-29.90514182,-1.875,119.8516869,5.625,214.3727843,1.875,74.76409262,1.875,-84.45465027,5.625,-76.37230767,1.875,-62.3995139,1.875,-30.05219631,5.625,132.822933,5.625,-98.77572817,-5.625,220.9609551,5.625,289.3323473,1.875,243.2217948,5.625,-22.24931928,1.875,1.981641542,1.875,56.08836191,1.875,-45.47820465,1.875,136.5603017,-1.875,19.09408354,5.625,113.4221998,-1.875,225.3080008,-5.625,192.9204171,5.625,28.95170223,1.875,194.2652607,-5.625,298.1159058,-5.625,-51.98673289,5.625,231.7138548,-1.875,-8.776091689,5.625,45.23620353,5.625,67.61980206,-5.625
106.0590728,5.625,80.02869909,5.625,8.563500338,-1.875,261.5302997,-5.625,41.34562517,-5.625,274.4902686,-5.625,86.93511155,1.875,28.35831461,-5.625,248.5612254,-5.625,-19.31507561,-5.625,-89.61700261,1.875,32.53127812,-1.875,-42.92027551,-5.625,66.27985486,5.625,155.5728894,-1.875,165.4598802,5.625,99.79838095,1.875,93.00602876,5.625,-15.09137548,-1.875,268.3114617,1.875,-28.87760035,-1.875,118.8436539,5.625,213.1835174,1.875,73.75175953,1.875,-85.50308922,5.625,-77.42284276,1.875,-63.41643187,1.875,-30.86410744,5.625,131.847157,5.625,-97.55145634,-5.625,219.9556336,5.625,288.2598122,1.875,242.4175376,5.625,-23.29748347,1.875,0.967018606,1.875,55.04256327,1.875,-46.29173902,1.875,137.5452933,-1.875,18.08148508,5.625,114.4710189,-1.875,226.3200406,-5.625,191.8818617,5.625,27.96954723,1.875,195.3428806,-5.625,299.1637662,-5.625,-53.00162179,5.625,232.9857964,-1.875,-9.822164475,5.625,44.1579887,5.625,68.72986697,-5.625
105.0177163,5.625,79.01838591,5.625,9.769761453,-1.875,262.3417628,-5.625,42.420168,-5.625,275.5045975,-5.625,85.85717928,1.875,29.30391231,-5.625,249.4252713,-5.625,-17.70137712,-5.625,-90.70226613,1.875,33.83060438,-1.875,-41.62931672,-5.625,65.2361429,5.625,156.5904427,-1.875,164.2797037,5.625,98.84980055,1.875,92.0280456,5.625,-14.0298657,-1.875,267.0926717,1.875,-27.85005888,-1.875,117.8356208,5.625,211.9942505,1.875,72.73942644,1.875,-86.55152817,5.625,-78.47337784,1.875,-64.43334983,1.875,-31.94476114,5.625,130.7738034,5.625,-96.32718451,-5.625,218.950312,5.625,287.187277,1.875,241.6132804,5.625,-24.08498474,1.875,-0.04760433,1.875,53.99676462,1.875,-47.37455327,1.875,138.6287841,-1.875,17.06888662,5.625,115.5198379,-1.875,227.3320803,-5.625,190.8433064,5.625,26.88917673,1.875,196.1525124,-5.625,315.187277,1.875,-54.0165107,5.625,234.2577381,-1.875,-10.86823726,5.625,43.07977386,5.625,69.83993189,-5.625
104.1570911,5.625,78.00807273,5.625,10.97602257,-1.875,263.4218202,-5.625,43.49471084,-5.625,276.5189264,-5.625,84.779247,1.875,30.34406978,-5.625,250.4707669,-5.625,-16.08767864,-5.625,-91.78752964,1.875,35.12993064,-1.875,-40.33835793,-5.625,64.19243094,5.625,157.607996,-1.875,163.0995272,5.625,97.90122015,1.875,90.95226413,5.625,-12.96835592,-1.875,265.8738818,1.875,-26.82251741,-1.875,116.8275877,5.625,210.8049836,1.875,71.72709335,1.875,-87.59996712,5.625,-79.52391293,1.875,-65.45026779,1.875,-33.02541485,5.625,129.7980274,5.625,-95.10291268,-5.625,217.9449905,5.625,286.1147419,1.875,240.8090231,5.625,-25.13314893,1.875,-1.062227265,1.875,52.95096597,1.875,-48.45736751,1.875,139.6137757,-1.875,16.05628817,5.625,116.568657,-1.875,228.34412,-5.625,189.8047511,5.625,25.90702173,1.875,197.2301323,-5.625,312.3084087,1.875,-55.0313996,5.625,235.5296797,-1.875,-11.91431005,5.625,42.00155902,5.625,70.9499968,-5.625
103.1157347,5.625,76.99775955,5.625,12.18228368,-1.875,264.5018776,-5.625,44.56925368,-5.625,277.5332553,-5.625,83.70131473,1.875,31.38422724,-5.625,251.5162625,-5.625,-14.47398015,-5.625,-92.87279316,1.875,36.42925689,-1.875,-39.04739914,-5.625,63.14871898,5.625,158.6255493,-1.875,161.9193507,5.625,96.85778171,1.875,89.97428097,5.625,-11.90684614,-1.875,264.6550919,1.875,-25.79497595,-1.875,115.8195547,5.625,209.6157167,1.875,70.71476026,1.875,-88.64840607,5.625,-80.57444801,1.875,-66.46718575,1.875,-34.10606855,5.625,128.8222514,5.625,-93.87864086,-5.625,216.9396689,5.625,285.0422067,1.875,240.0047659,5.625,-26.18131312,1.875,-2.076850201,1.875,51.90516733,1.875,-49.54018176,1.875,140.5987673,-1.875,15.04368971,5.625,117.6174761,-1.875,229.3561597,-5.625,188.7661958,5.625,24.92486673,1.875,198.3077522,-5.625,311.2701947,1.875,-56.04628851,5.625,236.8016214,-1.875,-12.96038283,5.625,41.26512378,5.625,72.06006172,-5.625
102.0743782,5.625,75.98744637,5.625,13.3885448,-1.875,265.581935,-5.625,45.64379652,-5.625,278.5475842,-5.625,82.89144826,1.875,32.42438471,-5.625,252.5617581,-5.625,-12.86028166,-5.625,-93.95805668,1.875,37.72858315,-1.875,-37.75644035,-5.625,62.36456273,5.625,159.6431026,-1.875,160.7391742,5.625,95.81434327,1.875,88.99629781,5.625,-10.84533636,-1.875,263.4363019,1.875,-24.76743448,-1.875,114.8115216,5.625,208.4264499,1.875,69.70242717,1.875,-89.69684502,5.625,-81.6249831,1.875,-67.48410371,1.875,-34.91797967,5.625,127.7488978,5.625,-92.65436903,-5.625,215.9343474,5.625,283.9696716,1.875,238.9342995,5.625,-27.22947731,1.875,-3.091473137,1.875,51.04087093,1.875,-50.35371613,1.875,141.682258,-1.875,14.03109125,5.625,118.4842687,-1.875,230.3681994,-5.625,187.7276405,5.625,23.84449622,1.875,199.3853721,-5.625,310.2319807,1.875,-57.06117741,5.625,238.073563,-1.875,-13.67486462,5.625,40.18690894,5.625,73.17012663,-5.625
101.0330217,5.625,74.97713319,5.625,14.59480591,-1.875,266.3933982,-5.625,46.71833935,-5.625,279.5619131,-5.625,81.81351598,1.875,33.46454218,-5.625,253.6072537,-5.625,-11.24658317,-5.625,-95.0433202,1.875,39.0279094,-1.875,-36.46548156,-5.625,61.32085077,5.625,160.6606559,-1.875,159.5589977,5.625,94.86576286,1.875,87.92051634,5.625,-9.783826576,-1.875,262.217512,1.875,-23.73989301,-1.875,113.8034886,5.625,207.237183,1.875,68.69009408,1.875,-90.74528397,5.625,-82.67551818,1.875,-68.50102168,1.875,-35.99863338,5.625,126.7731218,5.625,-91.4300972,-5.625,214.9290259,5.625,282.8971365,1.875,238.1300423,5.625,-28.2776415,1.875,-4.106096073,1.875,49.99507228,1.875,-51.43653037,1.875,142.6672496,-1.875,13.0184928,5.625,119.5330878,-1.875,231.3802391,-5.625,186.6890852,5.625,22.86234122,1.875,200.1950038,-5.625,309.1937666,1.875,-58.07606631,5.625,239.3455046,-1.875,-14.72093741,5.625,39.10869411,5.625,74.28019155,-5.625
99.99166527,5.625,73.96682001,5.625,15.80106703,-1.875,267.4734556,-5.625,47.79288219,-5.625,280.576242,-5.625,80.73558371,1.875,34.50469964,-5.625,254.6527492,-5.625,-9.632884685,-5.625,-96.12858371,1.875,40.32723566,-1.875,-35.17452277,-5.625,60.27713881,5.625,161.6782092,-1.875,158.3788212,5.625,93.82232442,1.875,86.94253318,5.625,-8.722316795,-1.875,260.9987221,1.875,-22.71235154,-1.875,112.7954555,5.625,206.0479161,1.875,67.67776099,1.875,-91.79372292,5.625,-83.72605327,1.875,-69.51793964,1.875,-37.07928708,5.625,125.7973458,5.625,-90.20582537,-5.625,213.9237043,5.625,281.8246013,1.875,237.0595759,5.625,-29.32580569,1.875,-5.120719009,1.875,48.94927363,1.875,-52.51934462,1.875,143.6522413,-1.875,12.00589434,5.625,120.5819068,-1.875,232.3922789,-5.625,185.6505299,5.625,21.88018622,1.875,201.2726237,-5.625,308.1555526,1.875,-59.09095522,5.625,240.6174463,-1.875,-15.76701019,5.625,38.03047927,5.625,75.39025646,-5.625
98.9503088,5.625,72.95650683,5.625,17.00732814,-1.875,268.553513,-5.625,48.86742503,-5.625,281.5905709,-5.625,79.65765144,1.875,35.54485711,-5.625,255.6982448,-5.625,-8.019186197,-5.625,-97.21384723,1.875,41.62656192,-1.875,-33.88356398,-5.625,59.23342684,5.625,162.6957626,-1.875,157.1986447,5.625,92.77888598,1.875,85.96455002,5.625,-7.660807014,-1.875,259.7799321,1.875,-21.68481007,-1.875,111.7874224,5.625,204.8586492,1.875,66.6654279,1.875,-92.84216187,5.625,-84.77658835,1.875,-70.5348576,1.875,-38.15994079,5.625,124.7239922,5.625,-88.98155354,-5.625,212.9183828,5.625,280.7520662,1.875,235.9891095,5.625,-30.37396988,1.875,-6.135341945,1.875,47.90347499,1.875,-53.60215887,1.875,144.735732,-1.875,10.99329588,5.625,121.6307259,-1.875,233.4043186,-5.625,184.6119746,5.625,20.79981572,1.875,202.3502436,-5.625,307.1173386,1.875,-60.10584412,5.625,241.8893879,-1.875,-16.81308298,5.625,36.95226443,5.625,76.50032137,-5.625
98.08968362,5.625,71.94619365,5.625,18.21358926,-1.875,269.6335704,-5.625,49.94196786,-5.625,282.6048998,-5.625,78.84778496,1.875,36.58501458,-5.625,256.7437404,-5.625,-6.405487709,-5.625,-98.29911075,1.875,42.92588817,-1.875,-32.59260519,-5.625,58.18971488,5.625,163.7133159,-1.875,156.0184683,5.625,91.73544754,1.875,84.88876855,5.625,-6.599297233,-1.875,258.5611422,1.875,-20.6572686,-1.875,110.7793894,5.625,203.6693823,1.875,65.65309481,1.875,-93.89060082,5.625,-85.82712344,1.875,-71.55177556,1.875,-38.97185191,5.625,123.7482162,5.625,-87.75728171,-5.625,211.9130612,5.625,279.679531,1.875,234.9186432,5.625,-31.42213407,1.875,-7.149964881,1.875,46.85767634,1.875,-54.41569323,1.875,145.7207236,-1.875,9.980697424,5.625,122.6795449,-1.875,234.4163583,-5.625,183.5734193,5.625,19.81766072,1.875,203.4278635,-5.625,306.0791246,1.875,-61.12073302,5.625,243.1613296,-1.875,-17.85915577,5.625,36.21582919,5.625,77.61038629,-5.625
97.04832715,5.625,70.93588047,5.625,19.41985037,-1.875,270.4450335,-5.625,51.0165107,-5.625,283.6192287,-5.625,77.76985269,1.875,37.62517204,-5.625,257.6077863,-5.625,-4.791789221,-5.625,-99.38437426,1.875,44.22521443,-1.875,-31.3016464,-5.625,57.40555864,5.625,164.7308692,-1.875,154.8382918,5.625,90.78686714,1.875,83.91078539,5.625,-5.537787452,-1.875,257.3423523,1.875,-19.62972714,-1.875,109.7713563,5.625,202.4801154,1.875,64.64076173,1.875,-94.93903977,5.625,-86.87765852,1.875,-72.56869352,1.875,-40.05250562,5.625,122.7724402,5.625,-86.53300988,-5.625,210.9077397,5.625,278.6069959,1.875,233.8481768,5.625,-32.20963534,1.875,-8.164587817,1.875,45.81187769,1.875,-55.49850748,1.875,146.7057152,-1.875,8.968098967,5.625,123.728364,-1.875,235.428398,-5.625,182.534864,5.625,18.83550571,1.875,204.2374953,-5.625,305.0409106,1.875,-62.13562193,5.625,244.4332712,-1.875,-18.90522855,5.625,35.13761435,5.625,78.7204512,-5.625
96.00697069,5.625,69.92556729,5.625,20.62611149,-1.875,271.525091,-5.625,52.09105354,-5.625,284.6335577,-5.625,76.69192042,1.875,38.66532951,-5.625,258.6532819,-5.625,-3.178090734,-5.625,-100,-1.875,45.52454069,-1.875,-30.01068761,-5.625,56.36184668,5.625,165.7484225,-1.875,153.6581153,5.625,89.7434287,1.875,82.93280224,5.625,-4.476277671,-1.875,256.1235623,1.875,-18.60218567,-1.875,108.7633233,5.625,201.2908486,1.875,63.62842864,1.875,-95.98747872,5.625,-87.92819361,1.875,-73.58561149,1.875,-41.13315932,5.625,121.6990866,5.625,-85.30873805,-5.625,209.9024182,5.625,277.5344607,1.875,233.0439196,5.625,-33.25779953,1.875,-9.179210753,1.875,44.94758129,1.875,-56.58132173,1.875,147.789206,-1.875,7.95550051,5.625,124.5951566,-1.875,236.4404377,-5.625,181.4963086,5.625,17.75513521,1.875,205.3151152,-5.625,304.0026965,1.875,-63.15051083,5.625,245.7052129,-1.875,-19.95130134,5.625,34.05939952,5.625,79.83051612,-5.625
94.96561422,5.625,68.91525412,5.625,21.8323726,-1.875,272.6051484,-5.625,53.16559637,-5.625,285.6478866,-5.625,75.61398814,1.875,39.70548697,-5.625,259.6987775,-5.625,-1.564392246,-5.625,-97.19791886,-1.875,46.82386694,-1.875,-28.71972882,-5.625,55.31813471,5.625,166.7659758,-1.875,152.4779388,5.625,88.69999026,1.875,81.85702076,5.625,-3.41476789,-1.875,254.9047724,1.875,-17.5746442,-1.875,107.7552902,5.625,200.1015817,1.875,62.61609555,1.875,-97.03591767,5.625,-88.97872869,1.875,-74.60252945,1.875,-42.21381303,5.625,120.7233106,5.625,-84.08446622,-5.625,208.8970966,5.625,276.4619256,1.875,231.9734532,5.625,-34.30596372,1.875,-10.19383369,1.875,43.90178265,1.875,-57.66413597,1.875,148.7741976,-1.875,6.942902053,5.625,125.6439757,-1.875,237.4524775,-5.625,180.4577533,5.625,16.77298021,1.875,206.3927351,-5.625,302.9644825,1.875,-64.16539974,5.625,246.9771545,-1.875,-20.99737412,5.625,32.98118468,5.625,80.94058103,-5.625
93.92425776,5.625,67.90494094,5.625,23.03863372,-1.875,273.6852058,-5.625,54.24013921,-5.625,286.6622155,-5.625,74.80412167,1.875,40.74564444,-5.625,260.7442731,-5.625,0.049306242,-5.625,-94.39583772,-1.875,48.1231932,-1.875,-27.42877002,-5.625,54.27442275,5.625,167.7835291,-1.875,151.2977623,5.625,87.65655182,1.875,80.8790376,5.625,-2.353258109,-1.875,253.6859825,1.875,-16.54710273,-1.875,106.7472571,5.625,198.9123148,1.875,61.60376246,1.875,-98.08435662,5.625,-90.02926378,1.875,-75.61944741,1.875,-43.02572415,5.625,119.7475346,5.625,-82.86019439,-5.625,207.8917751,5.625,275.3893905,1.875,230.9029868,5.625,-35.35412791,1.875,-11.20845662,1.875,42.855984,1.875,-58.47767034,1.875,149.7591892,-1.875,5.930303597,5.625,126.6927948,-1.875,238.4645172,-5.625,179.419198,5.625,15.79082521,1.875,207.470355,-5.625,301.9262685,1.875,-65.18028864,5.625,248.2490961,-1.875,-22.04344691,5.625,31.90296984,5.625,82.05064595,-5.625
92.88290129,5.625,66.89462776,5.625,24.24489483,-1.875,274.4966689,-5.625,55.31468205,-5.625,287.6765444,-5.625,73.7261894,1.875,41.78580191,-5.625,261.608319,-5.625,1.66300473,-5.625,-91.59375658,-1.875,49.42251945,-1.875,-26.13781123,-5.625,53.23071079,5.625,168.8010824,-1.875,150.1175858,5.625,86.794206,1.875,79.90105445,5.625,-1.291748328,-1.875,252.4671925,1.875,-15.51956126,-1.875,105.7392241,5.625,197.7230479,1.875,60.59142937,1.875,-99.13279557,5.625,-91.07979886,1.875,-76.63636537,1.875,-44.10637785,5.625,118.674181,5.625,-81.63592257,-5.625,206.8864535,5.625,274.3168553,1.875,229.8325204,5.625,-36.4022921,1.875,-12.22307956,1.875,41.81018535,1.875,-59.56048459,1.875,150.84268,-1.875,4.91770514,5.625,127.7416138,-1.875,239.4765569,-5.625,178.3806427,5.625,14.80867021,1.875,208.2799867,-5.625,300.8880545,1.875,-66.19517754,5.625,249.5210378,-1.875,-23.0895197,5.625,31.1665346,5.625,83.16071086,-5.625
92.02227611,5.625,65.88431458,5.625,25.45115595,-1.875,275.5767263,-5.625,56.38922489,-5.625,288.6908733,-5.625,72.64825713,1.875,42.82595937,-5.625,262.6538146,-5.625,3.276703218,-5.625,-88.79167544,-1.875,50.72184571,-1.875,-24.84685244,-5.625,52.18699883,5.625,169.8186358,-1.875,148.9374093,5.625,85.75076756,1.875,78.82527297,5.625,-0.230238547,-1.875,251.2484026,1.875,-14.4920198,-1.875,104.731191,5.625,196.533781,1.875,59.57909628,1.875,300,5.625,-92.13033394,1.875,-77.65328333,1.875,-45.18703156,5.625,117.698405,5.625,-80.41165074,-5.625,205.881132,5.625,273.2443202,1.875,229.0282632,5.625,-37.45045629,1.875,-13.2377025,1.875,40.76438671,1.875,-60.64329883,1.875,151.8276716,-1.875,3.905106683,5.625,128.7904329,-1.875,240.4885966,-5.625,177.3420874,5.625,13.7282997,1.875,209.3576066,-5.625,299.8498405,1.875,-67.21006645,5.625,250.7929794,-1.875,-24.13559248,5.625,30.08831976,5.625,84.27077578,-5.625
90.98091964,5.625,64.8740014,5.625,26.65741706,-1.875,276.6567837,-5.625,57.46376772,-5.625,289.7052022,-5.625,71.57032485,1.875,43.86611684,-5.625,263.6993101,-5.625,4.890401705,-5.625,-85.9895943,-1.875,52.02117197,-1.875,-23.55589365,-5.625,51.14328686,5.625,170.8361891,-1.875,147.7572328,5.625,84.70732912,1.875,77.84728982,5.625,0.831271234,-1.875,250.0296126,1.875,-13.46447833,-1.875,103.723158,5.625,195.3445141,1.875,58.56676319,1.875,298.0162142,5.625,-93.18086903,1.875,-78.6702013,1.875,-46.26768526,5.625,116.722629,5.625,-79.18737891,-5.625,204.8758105,5.625,272.171785,1.875,227.9577968,5.625,-38.49862048,1.875,-14.25232543,1.875,39.71858806,1.875,-61.72611308,1.875,152.8126632,-1.875,2.892508226,5.625,129.8392519,-1.875,241.5006363,-5.625,176.3035321,5.625,12.7461447,1.875,210.4352265,-5.625,298.8116264,1.875,-68.22495535,5.625,252.0649211,-1.875,-25.18166527,5.625,29.01010493,5.625,85.38084069,-5.625
89.93956318,5.625,63.86368822,5.625,27.86367818,-1.875,277.7368412,-5.625,58.53831056,-5.625,290.7195311,-5.625,70.49239258,1.875,44.90627431,-5.625,264.7448057,-5.625,6.504100193,-5.625,-83.18751316,-1.875,53.32049822,-1.875,-22.26493486,-5.625,50.0995749,5.625,171.8537424,-1.875,146.5770563,5.625,83.66389068,1.875,76.86930666,5.625,1.892781016,-1.875,248.8108227,1.875,-12.43693686,-1.875,102.7151249,5.625,194.1552472,1.875,57.5544301,1.875,296.0324285,5.625,-94.23140411,1.875,-79.68711926,1.875,-47.07959639,5.625,115.746853,5.625,-77.96310708,-5.625,203.8704889,5.625,271.0992499,1.875,226.8873304,5.625,-39.54678467,1.875,-15.26694837,1.875,39.00429352,1.875,-62.53964745,1.875,153.896154,-1.875,1.879909769,5.625,130.7060446,-1.875,242.5126761,-5.625,175.2649768,5.625,11.7639897,1.875,211.5128464,-5.625,297.7734124,1.875,-69.23984425,5.625,253.3368627,-1.875,-25.89614706,5.625,27.93189009,5.625,86.4909056,-5.625
88.89820671,5.625,62.85337504,5.625,29.06993929,-1.875,278.5483043,-5.625,59.6128534,-5.625,291.73386,-5.625,69.68252611,1.875,45.94643177,-5.625,265.6088516,-5.625,8.117798681,-5.625,-80.38543202,-1.875,54.61982448,-1.875,-20.97397607,-5.625,49.05586294,5.625,172.8712957,-1.875,145.3968798,5.625,82.62045224,1.875,75.79352518,5.625,2.954290797,-1.875,247.5920328,1.875,-11.40939539,-1.875,101.7070919,5.625,192.9659804,1.875,56.54209701,1.875,294.0486427,5.625,-95.2819392,1.875,-80.70403722,1.875,-48.16025009,5.625,114.6734994,5.625,-76.73883525,-5.625,202.8651674,5.625,270.0267147,1.875,225.8168641,5.625,-40.33428594,1.875,-16.2815713,1.875,37.95849487,1.875,-63.62246169,1.875,154.8811456,-1.875,0.867311312,5.625,131.7548636,-1.875,243.5247158,-5.625,174.2264215,5.625,10.6836192,1.875,212.3224782,-5.625,296.7351984,1.875,-70.25473316,5.625,254.6088044,-1.875,-26.94221984,5.625,26.85367525,5.625,87.60097052,-5.625
87.85685025,5.625,61.84306186,5.625,30.27620041,-1.875,279.6283617,-5.625,60.68739623,-5.625,292.7481889,-5.625,68.60459383,1.875,46.98658924,-5.625,266.6543472,-5.625,9.731497169,-5.625,-77.58335088,-1.875,55.91915073,-1.875,-19.68301728,-5.625,48.01215098,5.625,173.888849,-1.875,144.2167034,5.625,81.75810642,1.875,74.81554203,5.625,4.015800578,-1.875,246.3732428,1.875,-10.38185392,-1.875,100.6990588,5.625,191.7767135,1.875,55.52976392,1.875,292.064857,5.625,-96.33247428,1.875,-81.72095518,1.875,-49.24090379,5.625,113.6977234,5.625,-75.51456342,-5.625,201.8598458,5.625,268.9541796,1.875,225.0126068,5.625,-41.38245013,1.875,-17.29619424,1.875,36.91269622,1.875,-64.70527594,1.875,155.8661372,-1.875,-0.145287145,5.625,132.8036827,-1.875,244.5367555,-5.625,173.1878662,5.625,9.701464196,1.875,213.4000981,-5.625,295.6969844,1.875,-71.26962206,5.625,255.880746,-1.875,-27.98829263,5.625,26.11724001,5.625,88.71103543,-5.625
86.81549378,5.625,60.83274868,5.625,31.48246152,-1.875,280.7084191,-5.625,61.76193907,-5.625,293.7625178,-5.625,67.52666156,1.875,48.0267467,-5.625,267.6998428,-5.625,11.34519566,-5.625,-74.78126974,-1.875,57.21847699,-1.875,-18.39205849,-5.625,47.22799473,5.625,174.9064023,-1.875,143.0365269,5.625,80.71466798,1.875,73.83755887,5.625,5.077310359,-1.875,245.1544529,1.875,-9.354312456,-1.875,99.69102573,5.625,190.5874466,1.875,54.51743083,1.875,290.0810712,5.625,-97.38300937,1.875,-82.73787314,1.875,-50.3215575,5.625,112.7219474,5.625,-74.29029159,-5.625,200.8545243,5.625,267.8816445,1.875,223.9421405,5.625,-42.43061432,1.875,-18.31081718,1.875,35.86689758,1.875,-65.78809019,1.875,156.949628,-1.875,-1.157885602,5.625,133.8525018,-1.875,245.5487952,-5.625,172.1493108,5.625,8.719309194,1.875,214.477718,-5.625,294.6587704,1.875,-72.28451096,5.625,257.1526876,-1.875,-29.03436542,5.625,25.03902518,5.625,89.82110035,-5.625
85.9548686,5.625,59.8224355,5.625,32.68872264,-1.875,281.7884765,-5.625,62.83648191,-5.625,294.7768467,-5.625,66.44872929,1.875,49.06690417,-5.625,268.7453384,-5.625,12.95889414,-5.625,-71.9791886,-1.875,58.51780325,-1.875,-17.1010997,-5.625,46.18428277,5.625,175.9239556,-1.875,141.8563504,5.625,79.67122954,1.875,72.7617774,5.625,6.13882014,-1.875,243.935663,1.875,-8.326770988,-1.875,98.68299267,5.625,189.3981797,1.875,53.50509774,1.875,288.0972855,5.625,-98.43354445,1.875,-83.75479111,1.875,-51.13346862,5.625,111.6485938,5.625,-73.06601976,-5.625,199.8492027,5.625,266.8091093,1.875,222.8716741,5.625,-43.47877851,1.875,-19.32544011,1.875,34.82109893,1.875,-66.60162456,1.875,157.9346196,-1.875,-2.170484059,5.625,134.9013208,-1.875,246.5608349,-5.625,171.1107555,5.625,7.638938692,1.875,215.5553379,-5.625,293.6205564,1.875,-73.29939987,5.625,258.4246293,-1.875,-30.0804382,5.625,23.96081034,5.625,90.93116526,-5.625
84.91351213,5.625,58.81212232,5.625,33.89498375,-1.875,282.5999396,-5.625,63.91102475,-5.625,295.7911756,-5.625,65.63886281,1.875,50.10706164,-5.625,269.790834,-5.625,14.57259263,-5.625,-69.17710746,-1.875,59.8171295,-1.875,-15.81014091,-5.625,45.14057081,5.625,176.941509,-1.875,140.6761739,5.625,78.62779109,1.875,71.78379424,5.625,7.200329921,-1.875,242.716873,1.875,-7.29922952,-1.875,97.67495962,5.625,188.2089128,1.875,52.49276465,1.875,286.1134997,5.625,-99.48407954,1.875,-84.77170907,1.875,-52.21412233,5.625,110.6728178,5.625,-71.84174793,-5.625,198.8438812,5.625,265.7365742,1.875,221.8012077,5.625,-44.5269427,1.875,-20.34006305,1.875,33.77530029,1.875,-67.6844388,1.875,158.9196112,-1.875,-3.183082516,5.625,135.9501399,-1.875,247.5728747,-5.625,170.0722002,5.625,6.65678369,1.875,216.6329578,-5.625,292.5823423,1.875,-74.31428877,5.625,259.6965709,-1.875,-31.12651099,5.625,22.8825955,5.625,92.04123018,-5.625
83.87215567,5.625,57.80180914,5.625,35.10124487,-1.875,283.6799971,-5.625,64.98556758,-5.625,296.8055045,-5.625,64.56093054,1.875,51.1472191,-5.625,270.8363295,-5.625,16.18629112,-5.625,-66.37502632,-1.875,61.11645576,-1.875,-14.51918212,-5.625,44.09685885,5.625,177.9590623,-1.875,139.4959974,5.625,77.76544528,1.875,70.80581108,5.625,8.261839702,-1.875,241.4980831,1.875,-6.271688052,-1.875,96.66692656,5.625,187.0196459,1.875,51.48043156,1.875,284.129714,5.625,300,5.625,-85.78862703,1.875,-53.29477603,5.625,109.6970418,5.625,-70.6174761,-5.625,197.8385597,5.625,264.664039,1.875,220.9969505,5.625,-45.57510689,1.875,-21.35468598,1.875,32.72950164,1.875,-68.76725305,1.875,160.003102,-1.875,-4.195680973,5.625,136.8169325,-1.875,248.5849144,-5.625,169.0336449,5.625,5.674628688,1.875,217.4425895,-5.625,291.5441283,1.875,-75.32917768,5.625,260.9685126,-1.875,-32.17258377,5.625,21.80438066,5.625,93.15129509,-5.625
82.8307992,5.625,56.79149596,5.625,36.30750598,-1.875,284.7600545,-5.625,66.06011042,-5.625,297.8198334,-5.625,63.48299827,1.875,52.18737657,-5.625,271.8818251,-5.625,17.79998961,-5.625,-63.57294518,-1.875,62.41578201,-1.875,-13.22822333,-5.625,43.05314688,5.625,178.9766156,-1.875,138.3158209,5.625,76.72200683,1.875,69.73002961,5.625,9.323349483,-1.875,240.2792932,1.875,-5.244146584,-1.875,95.6588935,5.625,185.8303791,1.875,50.46809847,1.875,282.1459282,5.625,297.4831362,5.625,-86.80554499,1.875,-54.37542974,5.625,108.6236882,5.625,-69.39320428,-5.625,196.8332381,5.625,263.5915039,1.875,219.9264841,5.625,-46.62327108,1.875,-22.36930892,1.875,31.68370299,1.875,-69.85006729,1.875,160.9880936,-1.875,-5.20827943,5.625,137.8657516,-1.875,249.5969541,-5.625,167.9950896,5.625,4.594258186,1.875,218.5202094,-5.625,290.5059143,1.875,-76.34406658,5.625,262.2404542,-1.875,-33.21865656,5.625,20.72616583,5.625,94.26136,-5.625
81.78944274,5.625,55.78118278,5.625,37.5137671,-1.875,285.8401119,-5.625,67.13465326,-5.625,298.8341623,-5.625,62.40506599,1.875,53.22753404,-5.625,272.9273207,-5.625,19.4136881,-5.625,-60.77086404,-1.875,63.71510827,-1.875,-11.93726454,-5.625,42.00943492,5.625,179.9941689,-1.875,137.1356444,5.625,75.67856839,1.875,68.75204645,5.625,10.38485926,-1.875,239.0605032,1.875,-4.216605115,-1.875,94.65086044,5.625,184.6411122,1.875,49.45576538,1.875,280.1621425,5.625,294.9662723,5.625,-87.82246295,1.875,-55.18734086,5.625,107.5503346,5.625,-68.16893245,-5.625,195.8279166,5.625,262.5189687,1.875,218.8560177,5.625,-47.67143527,1.875,-23.38393186,1.875,30.63790435,1.875,-70.66360166,1.875,161.9730852,-1.875,-6.220877887,5.625,138.9145706,-1.875,250.6089938,-5.625,166.9565343,5.625,3.612103184,1.875,219.5978293,-5.625,289.4677003,1.875,-77.35895548,5.625,263.5123959,-1.875,-33.93313835,5.625,20.22317065,5.625,95.37142492,-5.625
80.74808627,5.625,54.7708696,5.625,38.72002821,-1.875,286.651575,-5.625,68.20919609,-5.625,299.8484912,-5.625,61.59519952,1.875,54.2676915,-5.625,273.7913666,-5.625,21.02738658,-5.625,-57.9687829,-1.875,65.01443453,-1.875,-10.64630575,-5.625,41.47384566,5.625,181.0117222,-1.875,135.9554679,5.625,74.63512995,1.875,67.77406329,5.625,11.44636905,-1.875,237.8417133,1.875,-3.189063647,-1.875,93.64282738,5.625,183.4518453,1.875,48.44343229,1.875,278.1783567,5.625,292.4494085,5.625,-88.83938092,1.875,-56.26799456,5.625,106.476981,5.625,-66.94466062,-5.625,194.822595,5.625,261.4464336,1.875,217.7855513,5.625,-48.45893654,1.875,-24.39855479,1.875,29.5921057,1.875,-71.74641591,1.875,163.0565759,-1.875,-7.233476344,5.625,139.9633897,-1.875,251.6210335,-5.625,165.917979,5.625,2.629948182,1.875,220.6754492,-5.625,288.4294863,1.875,-78.37384439,5.625,264.7843375,-1.875,-34.97921113,5.625,19.14495581,5.625,96.48148983,-5.625
79.88746109,5.625,53.76055643,5.625,39.92628933,-1.875,287.7316324,-5.625,69.28373893,-5.625,300,1.875,60.51726725,1.875,55.30784897,-5.625,274.8368622,-5.625,22.64108507,-5.625,-55.16670176,-1.875,66.31376078,-1.875,-9.355346962,-5.625,40.43013369,5.625,182.0292755,-1.875,134.7752914,5.625,73.59169151,1.875,66.69828182,5.625,12.50787883,-1.875,236.6229234,1.875,-2.161522179,-1.875,92.63479432,5.625,182.2625784,1.875,47.43109921,1.875,276.194571,5.625,289.9325447,5.625,-89.85629888,1.875,-57.34864827,5.625,105.4036274,5.625,-65.72038879,-5.625,193.8172735,5.625,260.3738984,1.875,216.9812941,5.625,-49.50710073,1.875,-25.41317773,1.875,28.7278093,1.875,-72.82923016,1.875,164.0415675,-1.875,-8.2460748,5.625,141.0122088,-1.875,252.6330733,-5.625,164.8794237,5.625,1.54957768,1.875,221.485081,-5.625,287.3912722,1.875,-79.38873329,5.625,266.0562791,-1.875,-36.02528392,5.625,18.06674098,5.625,97.59155475,-5.625
78.84610462,5.625,52.75024325,5.625,41.13255044,-1.875,288.8116898,-5.625,70.35828177,-5.625,299.1694288,1.875,59.43933497,1.875,56.34800643,-5.625,275.8823578,-5.625,24.25478356,-5.625,-52.36462063,-1.875,67.61308704,-1.875,-8.064388172,-5.625,39.38642173,5.625,183.0468288,-1.875,133.595115,5.625,72.54825307,1.875,65.72029866,5.625,13.56938861,-1.875,235.4041334,1.875,-1.133980711,-1.875,91.62676126,5.625,181.0733115,1.875,46.41876612,1.875,274.2107852,5.625,287.4156809,5.625,-90.87321684,1.875,-58.42930197,5.625,104.3302738,5.625,-64.49611696,-5.625,192.811952,5.625,259.3013633,1.875,215.9108277,5.625,-50.55526492,1.875,-26.42780066,1.875,27.68201065,1.875,-73.9120444,1.875,165.0265592,-1.875,-9.258673257,5.625,142.0610278,-1.875,253.645113,-5.625,163.8408684,5.625,0.567422678,1.875,222.5627009,-5.625,286.3530582,1.875,-80.40362219,5.625,267.3282208,-1.875,-37.07135671,5.625,16.98852614,5.625,98.70161966,-5.625
77.80474816,5.625,51.73993007,5.625,42.33881155,-1.875,289.8917473,-5.625,71.4328246,-5.625,298.3388576,1.875,58.3614027,1.875,57.3881639,-5.625,276.9278534,-5.625,25.86848205,-5.625,-49.56253949,-1.875,68.9124133,-1.875,-6.773429381,-5.625,38.34270977,5.625,184.0643822,-1.875,132.4149385,5.625,71.50481463,1.875,64.7423155,5.625,14.63089839,-1.875,234.1853435,1.875,-0.106439243,-1.875,90.6187282,5.625,179.8840446,1.875,45.40643303,1.875,272.2269994,5.625,284.898817,5.625,-91.8901348,1.875,-59.2412131,5.625,103.2569202,5.625,-63.27184513,-5.625,191.8066304,5.625,258.2288282,1.875,214.8403614,5.625,-51.60342911,1.875,-27.4424236,1.875,26.63621201,1.875,-74.72557877,1.875,166.1100499,-1.875,-10.27127171,5.625,142.9278204,-1.875,254.6571527,-5.625,162.802313,5.625,-0.414732324,1.875,223.6403208,-5.625,285.3148442,1.875,-81.4185111,5.625,268.6001624,-1.875,-38.11742949,5.625,15.9103113,5.625,99.81168458,-5.625
76.76339169,5.625,50.72961689,5.625,43.54507267,-1.875,290.9718047,-5.625,72.50736744,-5.625,297.5082864,1.875,57.55153623,1.875,58.42832137,-5.625,277.9733489,-5.625,27.48218053,-5.625,-46.76045835,-1.875,70.21173955,-1.875,-5.482470591,-5.625,37.29899781,5.625,185.0819355,-1.875,131.234762,5.625,70.46137619,1.875,63.66653403,5.625,15.69240817,-1.875,232.9665535,1.875,0.921102225,-1.875,89.61069514,5.625,178.6947777,1.875,44.39409994,1.875,270.2432137,5.625,283.3117884,5.625,-92.90705276,1.875,-60.3218668,5.625,102.1835666,5.625,-62.0475733,-5.625,190.8013089,5.625,257.156293,1.875,213.769895,5.625,-52.6515933,1.875,-28.45704654,1.875,25.59041336,1.875,-75.80839302,1.875,167.0950415,-1.875,-11.28387017,5.625,143.9766395,-1.875,255.6691924,-5.625,161.7637577,5.625,-1.495102827,1.875,224.7179407,-5.625,284.2766302,1.875,-82.4334,5.625,269.8721041,-1.875,-39.16350228,5.625,14.83209646,5.625,100.9217495,-5.625
75.72203523,5.625,49.71930371,5.625,44.75133378,-1.875,292.0518621,-5.625,73.58191028,-5.625,296.6777151,1.875,56.47360396,1.875,59.46847883,-5.625,279.0188445,-5.625,29.09587902,-5.625,-43.95837721,-1.875,71.51106581,-1.875,-4.191511801,-5.625,36.25528584,5.625,186.0994888,-1.875,130.0545855,5.625,69.59903037,1.875,62.68855087,5.625,16.75391795,-1.875,231.7477636,1.875,1.948643693,-1.875,88.60266208,5.625,177.5055109,1.875,43.38176685,1.875,268.2594279,5.625,281.7247598,5.625,-93.92397073,1.875,-61.4025205,5.625,101.110213,5.625,-60.82330147,-5.625,189.7959873,5.625,256.0837579,1.875,212.9656377,5.625,-53.69975749,1.875,-29.47166947,1.875,24.54461471,1.875,-76.89120726,1.875,168.0800331,-1.875,-12.29646863,5.625,145.0254586,-1.875,256.6812321,-5.625,160.7252024,5.625,-2.477257829,1.875,225.5275725,-5.625,283.2384162,1.875,-83.44828891,5.625,271.1440457,-1.875,-40.20957506,5.625,13.75388163,5.625,102.0318144,-5.625
74.68067876,5.625,48.70899053,5.625,45.9575949,-1.875,293.1319195,-5.625,74.65645312,-5.625,295.8471439,1.875,55.39567168,1.875,60.5086363,-5.625,280.0643401,-5.625,30.70957751,-5.625,-41.15629607,-1.875,72.81039206,-1.875,-2.900553011,-5.625,35.21157388,5.625,187.1170421,-1.875,128.874409,5.625,68.55559193,1.875,61.71056772,5.625,17.81542773,-1.875,230.5289737,1.875,2.976185161,-1.875,87.59462902,5.625,176.316244,1.875,42.36943376,1.875,266.2756422,5.625,280.1377312,5.625,-94.94088869,1.875,-62.48317421,5.625,100.0368594,5.625,-59.59902964,-5.625,188.7906658,5.625,255.0112227,1.875,211.8951714,5.625,-54.74792168,1.875,-30.48629241,1.875,23.49881607,1.875,-77.97402151,1.875,169.1635239,-1.875,-13.30906709,5.625,146.0742776,-1.875,257.6932719,-5.625,159.6866471,5.625,-3.459412831,1.875,226.6051923,-5.625,282.2002021,1.875,-84.46317781,5.625,272.4159874,-1.875,-41.25564785,5.625,12.67566679,5.625,103.1418793,-5.625
73.82005358,5.625,47.69867735,5.625,47.16385601,-1.875,294.2119769,-5.625,75.73099595,-5.625,295.0165727,1.875,54.31773941,1.875,61.54879377,-5.625,281.1098357,-5.625,32.323276,-5.625,-38.35421493,-1.875,74.10971832,-1.875,-1.609594221,-5.625,34.16786192,5.625,188.1345954,-1.875,127.6942325,5.625,67.51215349,1.875,60.63478624,5.625,18.87693751,-1.875,229.3101837,1.875,4.003726629,-1.875,86.58659596,5.625,175.1269771,1.875,41.35710067,1.875,264.2918564,5.625,278.5507026,5.625,-95.95780665,1.875,-63.29508533,5.625,98.9635058,5.625,-58.37475781,-5.625,187.7853443,5.625,253.9386876,1.875,210.824705,5.625,-55.79608587,1.875,-31.50091534,1.875,22.63451967,1.875,-78.78755588,1.875,170.1485155,-1.875,-14.32166554,5.625,147.1230967,-1.875,258.7053116,-5.625,158.6480918,5.625,-4.539783333,1.875,227.6828122,-5.625,281.1619881,1.875,-85.47806671,5.625,273.687929,-1.875,-42.30172064,5.625,11.93923155,5.625,104.2519442,-5.625
72.77869712,5.625,46.68836417,5.625,48.37011713,-1.875,295.2920343,-5.625,76.80553879,-5.625,294.1860015,1.875,53.50787294,1.875,62.58895123,-5.625,282.1553312,-5.625,33.93697449,-5.625,-35.55213379,-1.875,75.40904458,-1.875,-0.31863543,-5.625,33.12414996,5.625,189.1521487,-1.875,126.514056,5.625,66.46871505,1.875,59.65680308,5.625,19.93844729,-1.875,228.0913938,1.875,5.031268097,-1.875,85.5785629,5.625,173.9377102,1.875,40.34476758,1.875,262.3080707,5.625,276.963674,5.625,-96.97472461,1.875,-64.37573904,5.625,97.89015219,5.625,-57.15048599,-5.625,186.7800227,5.625,252.8661524,1.875,209.7542386,5.625,-56.58358714,1.875,-32.51553828,1.875,21.58872102,1.875,-79.87037012,1.875,171.1335071,-1.875,-15.334264,5.625,148.1719158,-1.875,259.7173513,-5.625,157.6095365,5.625,-5.521938335,1.875,228.7604321,-5.625,280.1237741,1.875,-86.49295562,5.625,274.9598706,-1.875,-43.34779342,5.625,10.86101671,5.625,105.3620091,-5.625
71.73734065,5.625,45.67805099,5.625,49.57637824,-1.875,296.3720917,-5.625,77.88008163,-5.625,293.3554303,1.875,52.42994066,1.875,63.6291087,-5.625,283.2008268,-5.625,35.55067297,-5.625,-32.75005265,-1.875,76.70837083,-1.875,0.97232336,-5.625,32.080438,5.625,190.169702,-1.875,125.3338795,5.625,65.60636923,1.875,58.67881993,5.625,20.99995708,-1.875,226.8726039,1.875,6.058809565,-1.875,84.57052984,5.625,172.7484433,1.875,39.33243449,1.875,260.3242849,5.625,275.3766454,5.625,-97.99164257,1.875,-65.45639274,5.625,96.81679859,5.625,-55.92621416,-5.625,185.7747012,5.625,251.7936173,1.875,208.9499814,5.625,-57.63175133,1.875,-33.53016122,1.875,20.54292237,1.875,-80.95318437,1.875,172.2169979,-1.875,-16.34686246,5.625,149.0387084,-1.875,260.729391,-5.625,156.5709812,5.625,-6.504093337,1.875,229.5700639,-5.625,279.0855601,1.875,-87.50784452,5.625,276.2318123,-1.875,-44.39386621,5.625,9.782801875,5.625,106.4720741,-5.625
70.69598418,5.625,44.66773781,5.625,50.78263936,-1.875,297.4521492,-5.625,78.95462446,-5.625,292.5248591,1.875,51.35200839,1.875,64.66926616,-5.625,284.2463224,-5.625,37.16437146,-5.625,-29.94797151,-1.875,78.00769709,-1.875,2.26328215,-5.625,31.03672603,5.625,191.1872554,-1.875,124.153703,5.625,64.56293079,1.875,57.60303845,5.625,22.06146686,-1.875,225.6538139,1.875,7.086351034,-1.875,83.56249678,5.625,171.5591764,1.875,38.3201014,1.875,258.3404992,5.625,273.7896168,5.625,-99.00856053,1.875,-66.53704645,5.625,95.74344499,5.625,-54.70194233,-5.625,184.7693796,5.625,250.7210822,1.875,207.879515,5.625,-58.67991552,1.875,-34.54478415,1.875,19.49712373,1.875,-82.03599862,1.875,173.2019895,-1.875,-17.35946091,5.625,150.0875274,-1.875,261.7414307,-5.625,155.5324259,5.625,-7.584463839,1.875,230.6476838,-5.625,278.0473461,1.875,-88.52273342,5.625,277.5037539,-1.875,-45.43993899,5.625,8.704587038,5.625,107.582139,-5.625
69.65462772,5.625,43.65742463,5.625,51.98890047,-1.875,298.5322066,-5.625,80.0291673,-5.625,291.6942879,1.875,50.27407612,1.875,65.70942363,-5.625,285.291818,-5.625,38.77806995,-5.625,-27.14589037,-1.875,79.30702334,-1.875,3.55424094,-5.625,29.99301407,5.625,192.2048087,-1.875,122.9735265,5.625,63.51949235,1.875,56.6250553,5.625,23.12297664,-1.875,224.435024,1.875,8.113892502,-1.875,82.55446373,5.625,170.3699095,1.875,37.30776831,1.875,256.3567134,5.625,272.2025882,5.625,300,5.625,-67.34895757,5.625,94.67009139,5.625,-53.4776705,-5.625,183.7640581,5.625,249.648547,1.875,206.8090486,5.625,-59.72807971,1.875,-35.55940709,1.875,18.45132508,1.875,-82.84953298,1.875,174.1869811,-1.875,-18.37205937,5.625,151.1363465,-1.875,262.7534704,-5.625,154.4938706,5.625,-8.566618841,1.875,231.7253037,-5.625,277.0091321,1.875,-89.53762233,5.625,278.7756956,-1.875,-46.15442078,5.625,7.626372201,5.625,108.6922039,-5.625
68.61327125,5.625,42.64711145,5.625,53.19516159,-1.875,299.612264,-5.625,81.10371014,-5.625,290.8637166,1.875,49.46420964,1.875,66.7495811,-5.625,286.3373136,-5.625,40.39176844,-5.625,-24.34380923,-1.875,80.6063496,-1.875,4.845199731,-5.625,28.94930211,5.625,193.222362,-1.875,121.7933501,5.625,62.47605391,1.875,55.64707214,5.625,24.18448642,-1.875,223.2162341,1.875,9.14143397,-1.875,81.54643067,5.625,169.1806427,1.875,36.29543522,1.875,254.3729277,5.625,270.6155596,5.625,297.0444632,5.625,-68.42961127,5.625,93.59673779,5.625,-52.25339867,-5.625,182.7587365,5.625,248.5760119,1.875,205.7385822,5.625,-60.7762439,1.875,-36.57403002,1.875,17.40552644,1.875,-83.93234723,1.875,175.2704719,-1.875,-19.38465783,5.625,152.1851656,-1.875,263.7655102,-5.625,153.4553152,5.625,-9.548773843,1.875,232.8029236,-5.625,275.970918,1.875,-90.55251123,5.625,280.0476372,-1.875,-47.20049357,5.625,6.548157364,5.625,109.8022688,-5.625
67.75264607,5.625,41.63679827,5.625,54.4014227,-1.875,304.0889265,5.625,82.17825298,-5.625,290.0331454,1.875,48.38627737,1.875,67.78973856,-5.625,287.3828091,-5.625,42.00546692,-5.625,-21.54172809,-1.875,81.90567586,-1.875,6.136158521,-5.625,27.90559015,5.625,194.2399153,-1.875,120.6131736,5.625,61.43261547,1.875,54.66908898,5.625,25.2459962,-1.875,221.9974441,1.875,10.16897544,-1.875,80.53839761,5.625,167.9913758,1.875,35.28310213,1.875,252.3891419,5.625,269.028531,5.625,294.0889265,5.625,-69.51026498,5.625,92.52338419,5.625,-51.02912684,-5.625,181.753415,5.625,247.5034767,1.875,204.934325,5.625,-61.82440809,1.875,-37.58865296,1.875,16.54123003,1.875,-85.01516148,1.875,176.2554635,-1.875,-20.39725628,5.625,153.2339846,-1.875,264.7775499,-5.625,152.4167599,5.625,-10.62914434,1.875,233.6125554,-5.625,274.932704,1.875,-91.56740013,5.625,281.3195789,-1.875,-48.24656636,5.625,5.811722123,5.625,110.9123337,-5.625
66.71128961,5.625,40.62648509,5.625,55.60768382,-1.875,301.7244971,5.625,83.25279581,-5.625,289.2025742,1.875,47.3083451,1.875,68.82989603,-5.625,288.4283047,-5.625,43.61916541,-5.625,-18.73964695,-1.875,83.20500211,-1.875,7.427117311,-5.625,26.86187819,5.625,195.2574686,-1.875,119.4329971,5.625,60.38917702,1.875,53.59330751,5.625,26.30750598,-1.875,220.7786542,1.875,11.19651691,-1.875,79.53036455,5.625,166.8021089,1.875,34.27076904,1.875,250.4053562,5.625,267.4415024,5.625,291.1333897,5.625,-70.59091868,5.625,91.71695774,5.625,-49.80485501,-5.625,180.7480935,5.625,246.4309416,1.875,203.8638586,5.625,-62.87257228,1.875,-38.60327589,1.875,15.49543139,1.875,-86.09797572,1.875,177.2404551,-1.875,-21.40985474,5.625,154.2828037,-1.875,265.7895896,-5.625,151.3782046,5.625,-11.61129935,1.875,234.6901753,-5.625,273.89449,1.875,-92.58228904,5.625,282.5915205,-1.875,-49.29263914,5.625,4.733507286,5.625,112.0223986,-5.625
65.66993314,5.625,39.61617191,5.625,56.81394493,-1.875,299.3600677,5.625,84.32733865,-5.625,288.372003,1.875,46.23041282,1.875,69.8700535,-5.625,289.4738003,-5.625,45.2328639,-5.625,-15.93756581,-1.875,84.50432837,-1.875,8.718076101,-5.625,25.81816622,5.625,196.2750219,-1.875,118.2528206,5.625,59.34573858,1.875,52.51752603,5.625,27.36901576,-1.875,219.5598643,1.875,12.22405837,-1.875,78.52233149,5.625,165.612842,1.875,33.25843595,1.875,248.4215704,5.625,265.8544738,5.625,288.177853,5.625,-71.40282981,5.625,90.64360414,5.625,-48.58058318,-5.625,179.7427719,5.625,245.3584064,1.875,202.7933923,5.625,-63.92073647,1.875,-39.61789883,1.875,14.44963274,1.875,-87.18078997,1.875,178.3239459,-1.875,-22.4224532,5.625,155.1495963,-1.875,266.8016293,-5.625,150.3396493,5.625,-12.59345435,1.875,235.7677951,-5.625,272.856276,1.875,-93.59717794,5.625,283.8634621,-1.875,-50.33871193,5.625,3.655292449,5.625,113.1324635,-5.625
64.62857667,5.625,38.60585873,5.625,58.02020605,-1.875,296.9956383,5.625,85.40188149,-5.625,287.5414318,1.875,45.42054635,1.875,70.91021096,-5.625,290.5192959,-5.625,46.84656239,-5.625,-13.13548467,-1.875,85.80365462,-1.875,10.00903489,-5.625,24.77445426,5.625,197.2925752,-1.875,117.0726441,5.625,58.30230014,1.875,51.44174456,5.625,28.43052554,-1.875,218.3410743,1.875,13.25159984,-1.875,77.51429843,5.625,164.4235751,1.875,32.24610286,1.875,246.4377847,5.625,264.2674452,5.625,285.2223162,5.625,-72.48348351,5.625,89.57025054,5.625,-47.35631135,-5.625,178.7374504,5.625,244.2858713,1.875,201.7229259,5.625,-64.96890066,1.875,-40.63252177,1.875,13.4038341,1.875,-88.26360421,1.875,179.3089375,-1.875,-23.43505165,5.625,156.1984154,-1.875,267.813669,-5.625,149.301094,5.625,-13.67382485,1.875,236.845415,-5.625,271.818062,1.875,-94.61206685,5.625,285.1354038,-1.875,-51.38478471,5.625,2.577077612,5.625,114.2425285,-5.625
63.58722021,5.625,37.59554556,5.625,59.22646716,-1.875,294.6312088,5.625,86.47642432,-5.625,286.7108606,1.875,44.34261408,1.875,71.95036843,-5.625,291.5647914,-5.625,48.46026088,-5.625,-10.33340353,-1.875,87.10298088,-1.875,11.29999368,-5.625,23.7307423,5.625,198.3101286,-1.875,115.8924676,5.625,57.43995432,1.875,50.36596309,5.625,29.49203532,-1.875,217.1222844,1.875,14.27914131,-1.875,76.50626537,5.625,163.2343082,1.875,31.23376977,1.875,244.4539989,5.625,262.6804166,5.625,282.2667794,5.625,-73.56413722,5.625,88.49689693,5.625,-46.13203952,-5.625,177.7321288,5.625,243.2133362,1.875,200.9186687,5.625,-66.01706485,1.875,-41.6471447,1.875,12.35803545,1.875,-89.34641846,1.875,180.2939291,-1.875,-24.44765011,5.625,157.2472344,-1.875,268.8257088,-5.625,148.2625387,5.625,-14.65597985,1.875,237.6550468,-5.625,270.7798479,1.875,-95.62695575,5.625,286.4073454,-1.875,-52.4308575,5.625,1.498862775,5.625,115.3525934,-5.625
62.54586374,5.625,36.58523238,5.625,60.43272828,-1.875,292.2667794,5.625,87.55096716,-5.625,285.8802893,1.875,43.2646818,1.875,72.99052589,-5.625,292.610287,-5.625,50.07395936,-5.625,-7.53132239,-1.875,88.40230714,-1.875,12.59095247,-5.625,22.68703034,5.625,199.3276819,-1.875,114.7122911,5.625,56.39651588,1.875,49.29018161,5.625,30.5535451,-1.875,215.9034945,1.875,15.30668278,-1.875,75.49823231,5.625,162.0450414,1.875,30.22143669,1.875,242.4702131,5.625,261.093388,5.625,279.3112427,5.625,-74.64479092,5.625,87.69047049,5.625,-44.9077677,-5.625,176.7268073,5.625,242.140801,1.875,199.8482023,5.625,-67.06522904,1.875,-42.66176764,1.875,11.3122368,1.875,-90.42923271,1.875,181.3774198,-1.875,-25.46024857,5.625,158.2960535,-1.875,269.8377485,-5.625,147.2239834,5.625,-15.63813485,1.875,238.7326667,-5.625,269.7416339,1.875,-96.64184465,5.625,287.6792871,-1.875,-53.47693029,5.625,0.762427534,5.625,116.4626583,-5.625
61.50450727,5.625,35.5749192,5.625,61.63898939,-1.875,289.90235,5.625,88.62551,-5.625,285.0497181,1.875,42.18674953,1.875,74.03068336,-5.625,293.6557826,-5.625,51.68765785,-5.625,-4.72924125,-1.875,89.70163339,-1.875,13.88191126,-5.625,21.82445847,5.625,200.3452352,-1.875,113.5321146,5.625,55.35307744,1.875,48.21440014,5.625,31.61505489,-1.875,214.6847045,1.875,16.33422425,-1.875,74.49019925,5.625,160.8557745,1.875,29.2091036,1.875,240.4864274,5.625,259.5063594,5.625,276.3557059,5.625,-75.45670204,5.625,86.61711688,5.625,-43.68349587,-5.625,175.7214858,5.625,241.0682659,1.875,198.7777359,5.625,-68.11339323,1.875,-43.67639057,1.875,10.4479404,1.875,-91.51204695,1.875,182.3624115,-1.875,-26.47284703,5.625,159.3448726,-1.875,270.8497882,-5.625,146.1854281,5.625,-16.71850536,1.875,239.8102866,-5.625,268.7034199,1.875,-97.65673356,5.625,288.9512287,-1.875,-54.19141207,5.625,-0.315787303,5.625,117.5727232,-5.625
60.46315081,5.625,34.56460602,5.625,62.84525051,-1.875,287.5379206,5.625,89.70005283,-5.625,284.2191469,1.875,41.37688306,1.875,75.07084083,-5.625,294.7012782,-5.625,53.30135634,-5.625,-1.927160111,-1.875,91.00095965,-1.875,15.17287005,-5.625,20.7807465,5.625,201.3627885,-1.875,112.3519381,5.625,54.309639,1.875,47.13861867,5.625,32.67656467,-1.875,213.4659146,1.875,17.36176571,-1.875,73.48216619,5.625,159.6665076,1.875,28.19677051,1.875,238.5026416,5.625,257.9193308,5.625,273.4001692,5.625,-76.53735575,5.625,85.54376328,5.625,-42.45922404,-5.625,174.7161642,5.625,239.9957307,1.875,197.7072695,5.625,-69.16155742,1.875,-44.69101351,1.875,9.402141756,1.875,-92.5948612,1.875,183.3474031,-1.875,-27.48544548,5.625,160.3936916,-1.875,271.8618279,-5.625,145.1468728,5.625,-17.70066036,1.875,240.8879065,-5.625,267.6652059,1.875,-98.67162246,5.625,290.2231704,-1.875,-55.23748486,5.625,-1.39400214,5.625,118.6827881,-5.625
59.42179434,5.625,33.55429284,5.625,64.05151162,-1.875,285.1734912,5.625,90.77459567,-5.625,283.3885757,1.875,40.29895079,1.875,76.11099829,-5.625,295.7467738,-5.625,54.91505483,-5.625,0.874921029,-1.875,92.30028591,-1.875,16.46382884,-5.625,19.73703454,5.625,202.3803418,-1.875,111.1717616,5.625,53.44729318,1.875,46.06283719,5.625,33.73807445,-1.875,212.2471246,1.875,18.38930718,-1.875,72.47413313,5.625,158.4772407,1.875,27.18443742,1.875,236.5188559,5.625,256.3323022,5.625,270.4446324,5.625,-77.61800945,5.625,84.47040968,5.625,-41.23495221,-5.625,173.7108427,5.625,238.9231956,1.875,196.9030123,5.625,-70.20972161,1.875,-45.70563645,1.875,8.35634311,1.875,-93.67767544,1.875,184.4308938,-1.875,-28.49804394,5.625,161.2604843,-1.875,272.8738676,-5.625,144.1083174,5.625,-18.68281536,1.875,241.6975383,-5.625,266.6269919,1.875,-99.68651136,5.625,291.495112,-1.875,-56.28355765,5.625,-2.472216977,5.625,119.792853,-5.625
58.38043788,5.625,32.54397966,5.625,65.25777274,-1.875,282.8090618,5.625,91.84913851,-5.625,282.5580045,1.875,39.22101851,1.875,77.15115576,-5.625,296.7922693,-5.625,56.52875331,-5.625,3.677002169,-1.875,93.59961216,-1.875,17.75478763,-5.625,18.69332258,5.625,203.3978951,-1.875,109.9915852,5.625,52.40385474,1.875,44.98705572,5.625,34.79958423,-1.875,211.0283347,1.875,19.41684865,-1.875,71.46610007,5.625,157.2879738,1.875,26.17210433,1.875,234.5350701,5.625,254.7452736,5.625,267.4890956,5.625,-78.69866316,5.625,83.39705608,5.625,-40.01068038,-5.625,172.7055211,5.625,237.8506604,1.875,195.8325459,5.625,-71.2578858,1.875,-46.72025938,1.875,7.310544464,1.875,-94.76048969,1.875,185.4158854,-1.875,-29.5106424,5.625,162.3093033,-1.875,273.8859074,-5.625,143.0697621,5.625,-19.76318586,1.875,242.7751582,-5.625,265.5887778,1.875,-100,-1.875,292.7670536,-1.875,-57.32963043,5.625,-3.550431814,5.625,120.9029179,-5.625
57.33908141,5.625,31.53366648,5.625,66.46403385,-1.875,280.4446324,5.625,92.92368135,-5.625,281.7274333,1.875,38.14308624,1.875,78.19131323,-5.625,297.8377649,-5.625,58.1424518,-5.625,6.479083308,-1.875,94.89893842,-1.875,19.04574642,-5.625,17.64961062,5.625,204.4154484,-1.875,108.8114087,5.625,51.3604163,1.875,43.91127425,5.625,35.86109401,-1.875,209.8095448,1.875,20.44439012,-1.875,70.45806701,5.625,156.0987069,1.875,25.15977124,1.875,232.5512844,5.625,253.158245,5.625,266.2194727,5.625,-79.77931686,5.625,82.59062963,5.625,-38.78640855,-5.625,171.7001996,5.625,236.7781253,1.875,194.7620795,5.625,-72.30604999,1.875,-47.73488232,1.875,6.264745818,1.875,-95.84330394,1.875,186.4008771,-1.875,-30.52324085,5.625,163.3581224,-1.875,274.8979471,-5.625,142.0312068,5.625,-20.74534087,1.875,243.8527781,-5.625,264.5505638,1.875,-97.88915803,-1.875,294.0389953,-1.875,-58.37570322,5.625,-4.286867056,5.625,122.0129829,-5.625
56.29772494,5.625,30.5233533,5.625,67.67029497,-1.875,279.4289341,5.625,93.99822418,-5.625,280.8968621,1.875,37.33321977,1.875,79.23147069,-5.625,298.8832605,-5.625,59.75615029,-5.625,7.573209464,-1.875,96.19826467,-1.875,20.33670521,-5.625,16.78703875,5.625,205.4330018,-1.875,107.6312322,5.625,50.31697786,1.875,42.83549277,5.625,36.92260379,-1.875,208.5907548,1.875,21.47193159,-1.875,69.45003395,5.625,154.90944,1.875,24.14743815,1.875,230.5674986,5.625,251.5712164,5.625,264.9498499,5.625,-80.85997057,5.625,81.51727603,5.625,-37.56213672,-5.625,170.6948781,5.625,235.7055902,1.875,193.6916132,5.625,-73.35421418,1.875,-48.74950525,1.875,5.218947172,1.875,-96.92611818,1.875,187.4843678,-1.875,-31.53583931,5.625,164.4069414,-1.875,275.9099868,-5.625,140.9926515,5.625,-21.72749587,1.875,244.930398,-5.625,263.5123498,1.875,-95.77831607,-1.875,295.3109369,-1.875,-59.421776,5.625,-5.267062362,5.625,123.1230478,-5.625
55.25636848,5.625,29.51304012,5.625,68.87655608,-1.875,278.4132358,5.625,95.07276702,-5.625,280.0662908,1.875,36.25528749,1.875,80.27162816,-5.625,299.9287561,-5.625,61.36984878,-5.625,8.667335619,-1.875,97.49759093,-1.875,21.627664,-5.625,15.74332679,5.625,206.4505551,-1.875,106.4510557,5.625,49.45463204,1.875,41.7597113,5.625,37.98411357,-1.875,207.3719649,1.875,22.49947305,-1.875,68.44200089,5.625,153.7201732,1.875,23.13510506,1.875,228.5837129,5.625,249.9841878,5.625,263.680227,5.625,-81.94062427,5.625,80.44392243,5.625,-36.33786489,-5.625,169.6895565,5.625,234.633055,1.875,192.8873559,5.625,-74.40237837,1.875,-49.76412819,1.875,4.35465077,1.875,-98.00893243,1.875,188.4693594,-1.875,-32.54843777,5.625,165.4557605,-1.875,276.9220265,-5.625,139.9540962,5.625,-22.80786637,1.875,245.7400297,-5.625,262.4741358,1.875,-93.6674741,-1.875,296.5828786,-1.875,-60.46784879,5.625,-6.247257668,5.625,124.2331127,-5.625
54.21501201,5.625,28.50272694,5.625,70.0828172,-1.875,277.3975375,5.625,96.14730986,-5.625,279.2357196,1.875,35.17735522,1.875,81.31178562,-5.625,-101.5566321,-1.875,62.98354727,-5.625,9.761461774,-1.875,98.79691719,-1.875,22.91862279,-5.625,14.88075492,5.625,207.4681084,-1.875,105.2708792,5.625,48.4111936,1.875,40.68392983,5.625,39.04562335,-1.875,206.153175,1.875,23.52701452,-1.875,67.43396784,5.625,152.5309063,1.875,22.12277197,1.875,226.5999271,5.625,248.3971592,5.625,262.4106041,5.625,-83.02127798,5.625,79.37056883,5.625,-35.11359306,-5.625,168.684235,5.625,233.5605199,1.875,191.8168895,5.625,-75.45054256,1.875,-50.77875113,1.875,3.308852124,1.875,-99.09174667,1.875,189.454351,-1.875,-33.56103622,5.625,166.5045796,-1.875,277.9340662,-5.625,138.9155409,5.625,-23.79002137,1.875,246.8176496,-5.625,261.4359218,1.875,-91.55663214,-1.875,297.8548202,-1.875,-61.51392158,5.625,-7.227452974,5.625,125.3431776,-5.625
53.17365554,5.625,27.49241376,5.625,71.28907831,-1.875,276.3818392,5.625,97.22185269,-5.625,278.4051484,1.875,34.09942295,1.875,82.35194309,-5.625,-99.86795856,-1.875,64.59724575,-5.625,10.85558793,-1.875,100.0962434,-1.875,24.20958158,-5.625,13.83704296,5.625,208.4856617,-1.875,104.0907027,5.625,47.36775516,1.875,39.60814835,5.625,40.10713313,-1.875,204.934385,1.875,24.55455599,-1.875,66.42593478,5.625,151.3416394,1.875,21.11043888,1.875,224.6161414,5.625,246.8101306,5.625,261.1409812,5.625,-84.10193168,5.625,78.56414238,5.625,-33.88932123,-5.625,167.6789134,5.625,232.4879847,1.875,190.7464232,5.625,-76.49870675,1.875,-51.79337406,1.875,2.263053478,1.875,-119.8679586,-1.875,190.5378418,-1.875,-34.57363468,5.625,167.3713722,-1.875,278.946106,-5.625,137.8769856,5.625,-24.77217637,1.875,247.8952695,-5.625,260.3977078,1.875,-89.44579017,-1.875,299.1267619,-1.875,-62.55999436,5.625,-8.207648281,5.625,126.4532425,-5.625
52.13229908,5.625,26.48210058,5.625,72.49533943,-1.875,275.3661409,5.625,98.29639553,-5.625,277.5745772,1.875,33.28955647,1.875,83.39210056,-5.625,-98.17928499,-1.875,66.21094424,-5.625,11.94971408,-1.875,101.3955697,-1.875,25.50054037,-5.625,12.79333099,5.625,209.503215,-1.875,102.9105262,5.625,46.32431672,1.875,38.53236688,5.625,41.16864292,-1.875,203.7155951,1.875,25.58209746,-1.875,65.41790172,5.625,150.1523725,1.875,20.09810579,1.875,222.6323556,5.625,245.223102,5.625,259.8713583,5.625,-85.18258538,5.625,77.49078878,5.625,-32.66504941,-5.625,166.6735919,5.625,231.4154496,1.875,189.6759568,5.625,-77.54687094,1.875,-52.807997,1.875,1.217254832,1.875,-118.4026632,-1.875,191.6213326,-1.875,-35.58623314,5.625,168.4201913,-1.875,279.9581457,-5.625,136.8384303,5.625,-25.85254688,1.875,248.9728894,-5.625,259.3594937,1.875,-87.3349482,-1.875,-100,-5.625,-63.60606715,5.625,-9.187843587,5.625,127.5633074,-5.625
51.09094261,5.625,25.4717874,5.625,73.70160054,-1.875,274.3504426,5.625,99.37093837,-5.625,276.744006,1.875,32.2116242,1.875,84.43225802,-5.625,-96.49061142,-1.875,67.82464273,-5.625,13.04384024,-1.875,102.694896,-1.875,26.79149916,-5.625,11.93075912,5.625,210.5207683,-1.875,101.7303497,5.625,45.28087828,1.875,37.45658541,5.625,42.2301527,-1.875,202.4968052,1.875,26.60963893,-1.875,64.40986866,5.625,148.9631056,1.875,19.0857727,1.875,220.6485699,5.625,243.6360734,5.625,258.6017355,5.625,-86.26323909,5.625,76.41743518,5.625,-31.44077758,-5.625,165.6682704,5.625,230.3429144,1.875,188.6054904,5.625,-78.59503513,1.875,-53.82261993,1.875,0.171456186,1.875,-116.9373677,-1.875,192.7048233,-1.875,-36.59883159,5.625,169.4690103,-1.875,280.9701854,-5.625,135.799875,5.625,-26.74541506,1.875,249.7825212,-5.625,258.3212797,1.875,-85.22410624,-1.875,-98.4545915,-5.625,-64.65213993,5.625,-10.16803889,5.625,128.6733723,-5.625
50.04958615,5.625,24.46147422,5.625,74.90786166,-1.875,273.3347443,5.625,100.4454812,-5.625,275.9134348,1.875,31.13369193,1.875,85.47241549,-5.625,-94.80193785,-1.875,69.43834122,-5.625,14.13796639,-1.875,103.9942222,-1.875,28.08245795,-5.625,10.88704716,5.625,211.5383216,-1.875,100.5501732,5.625,44.23743984,1.875,36.64833486,5.625,43.29166248,-1.875,201.2780152,1.875,27.6371804,-1.875,63.4018356,5.625,147.7738387,1.875,18.07343961,1.875,218.6647841,5.625,242.0490448,5.625,257.3321126,5.625,-87.34389279,5.625,75.34408158,5.625,-30.21650575,-5.625,164.6629488,5.625,229.2703793,1.875,187.8012332,5.625,-79.64319932,1.875,-54.83724287,1.875,-0.692840216,1.875,-115.4720723,-1.875,193.7883141,-1.875,-37.61143005,5.625,170.5178294,-1.875,281.9822251,-5.625,134.7613196,5.625,-27.82578556,1.875,250.8601411,-5.625,257.2830657,1.875,-83.11326427,-1.875,-96.90918299,-5.625,-65.69821272,5.625,-11.1482342,5.625,129.7834373,-5.625
49.00822968,5.625,23.45116104,5.625,76.11412277,-1.875,272.3190459,5.625,101.520024,-5.625,275.0828636,1.875,30.05575965,1.875,86.51257296,-5.625,-93.11326427,-1.875,71.0520397,-5.625,15.23209255,-1.875,105.2935485,-1.875,29.37341674,-5.625,9.843335199,5.625,212.555875,-1.875,99.36999675,5.625,43.1940014,1.875,35.57255339,5.625,44.35317226,-1.875,200.0592253,1.875,28.66472186,-1.875,62.39380254,5.625,146.5845719,1.875,17.06110652,1.875,216.6809983,5.625,240.4620162,5.625,256.0624897,5.625,-88.4245465,5.625,74.53765513,5.625,-28.99223392,-5.625,163.6576273,5.625,228.1978442,1.875,186.7307668,5.625,-80.69136351,1.875,-55.85186581,1.875,-1.738638862,1.875,-114.0067769,-1.875,194.8718049,-1.875,-38.62402851,5.625,171.5666484,-1.875,282.9942648,-5.625,133.7227643,5.625,-28.90615606,1.875,251.937761,-5.625,256.2448517,1.875,-81.00242231,-1.875,-95.36377449,-5.625,-66.74428551,5.625,-12.12842951,5.625,130.8935022,-5.625
47.96687321,5.625,22.44084786,5.625,77.32038389,-1.875,271.3033476,5.625,102.5945669,-5.625,274.2522923,1.875,29.24589318,1.875,87.55273042,-5.625,-91.4245907,-1.875,72.66573819,-5.625,16.32621871,-1.875,106.5928747,-1.875,30.66437553,-5.625,8.980763329,5.625,213.5734283,-1.875,98.18982026,5.625,42.15056296,1.875,34.49677192,5.625,45.41468204,-1.875,198.8404354,1.875,29.69226333,-1.875,61.38576948,5.625,145.395305,1.875,16.04877343,1.875,214.6972126,5.625,238.8749876,5.625,254.7928668,5.625,-89.5052002,5.625,73.46430153,5.625,-27.76796209,-5.625,162.6523057,5.625,227.125309,1.875,185.6603004,5.625,-81.7395277,1.875,-56.86648874,1.875,-2.784437508,1.875,-112.5414815,-1.875,195.9552957,-1.875,-39.63662697,5.625,172.6154675,-1.875,284.0063046,-5.625,132.684209,5.625,-29.79902425,1.875,253.0153809,-5.625,255.2066377,1.875,-78.89158034,-1.875,-93.81836598,-5.625,-67.79035829,5.625,-13.10862481,5.625,132.0035671,-5.625
46.92551675,5.625,21.43053469,5.625,78.526645,-1.875,270.2876493,5.625,103.6691097,-5.625,273.4217211,1.875,28.16796091,1.875,88.59288789,-5.625,-89.73591713,-1.875,74.27943668,-5.625,17.42034486,-1.875,107.892201,-1.875,31.95533433,-5.625,7.937051367,5.625,214.5909816,-1.875,97.00964377,5.625,41.28821714,1.875,33.42099044,5.625,46.47619182,-1.875,197.6216454,1.875,30.7198048,-1.875,60.37773642,5.625,144.2060381,1.875,15.03644034,1.875,212.7134268,5.625,237.287959,5.625,253.5232439,5.625,-90.58585391,5.625,72.39094793,5.625,-26.54369026,-5.625,161.6469842,5.625,226.0527739,1.875,184.5898341,5.625,-82.78769189,1.875,-57.88111168,1.875,-3.830236154,1.875,-111.0761861,-1.875,197.0387864,-1.875,-40.64922542,5.625,173.6642866,-1.875,285.0183443,-5.625,131.6456537,5.625,-30.87939475,1.875,253.8250126,-5.625,254.1684236,1.875,-76.78073838,-1.875,-92.27295748,-5.625,-68.83643108,5.625,-14.08882012,5.625,133.113632,-5.625
45.88416028,5.625,20.42022151,5.625,79.73290612,-1.875,269.271951,5.625,104.7436526,-5.625,272.5911499,1.875,27.09002864,1.875,89.63304535,-5.625,-88.04724356,-1.875,75.89313517,-5.625,18.51447102,-1.875,109.1915272,-1.875,33.24629312,-5.625,6.893339405,5.625,215.6085349,-1.875,95.82946728,5.625,40.2447787,1.875,32.34520897,5.625,47.5377016,-1.875,196.4028555,1.875,31.74734627,-1.875,59.36970336,5.625,143.0167712,1.875,14.02410725,1.875,210.7296411,5.625,235.7009303,5.625,252.253621,5.625,-91.66650761,5.625,71.31759432,5.625,-25.31941843,-5.625,160.6416626,5.625,224.9802387,1.875,183.7855768,5.625,-83.83585608,1.875,-58.89573461,1.875,-4.8760348,1.875,-109.6108907,-1.875,198.1222772,-1.875,-41.66182388,5.625,174.7131056,-1.875,286.030384,-5.625,130.6070984,5.625,-31.95976525,1.875,254.9026325,-5.625,253.1302096,1.875,-74.66989641,-1.875,-90.72754897,-5.625,-69.88250386,5.625,-15.06901542,5.625,134.2236969,-5.625
44.84280381,5.625,19.40990833,5.625,80.93916723,-1.875,268.2562527,5.625,105.8181954,-5.625,271.7605787,1.875,26.01209636,1.875,90.67320282,-5.625,-86.35856998,-1.875,77.50683366,-5.625,19.60859717,-1.875,110.4908535,-1.875,34.53725191,-5.625,6.030767536,5.625,216.6260882,-1.875,94.64929079,5.625,39.20134025,1.875,31.53695843,5.625,48.59921138,-1.875,195.1840655,1.875,32.77488774,-1.875,58.3616703,5.625,141.8275043,1.875,13.01177416,1.875,208.7458553,5.625,234.1139017,5.625,250.9839982,5.625,-92.74716132,5.625,70.51116788,5.625,-24.0951466,-5.625,159.6363411,5.625,223.9077036,1.875,182.7151104,5.625,-84.88402027,1.875,-59.91035755,1.875,-5.921833447,1.875,-108.1455953,-1.875,199.205768,-1.875,-42.67442234,5.625,175.7619247,-1.875,287.0424237,-5.625,129.5685431,5.625,-32.85263344,1.875,255.9802524,-5.625,252.0919956,1.875,-72.55905444,-1.875,-89.18214047,-5.625,-70.92857665,5.625,-16.04921073,5.625,135.3337618,-5.625
43.80144735,5.625,18.39959515,5.625,82.14542835,-1.875,267.2405544,5.625,106.8927382,-5.625,270.9300075,1.875,24.93416409,1.875,91.71336029,-5.625,-84.66989641,-1.875,79.12053214,-5.625,20.70272333,-1.875,111.7901797,-1.875,35.8282107,-5.625,4.987055573,5.625,217.6436415,-1.875,93.4691143,5.625,38.15790181,1.875,30.46117695,5.625,49.66072116,-1.875,193.9652756,1.875,33.8024292,-1.875,57.35363724,5.625,140.6382374,1.875,11.99944108,1.875,206.7620696,5.625,232.5268731,5.625,249.7143753,5.625,-93.82781502,5.625,69.43781427,5.625,-22.87087477,-5.625,158.6310196,5.625,222.8351684,1.875,181.6446441,5.625,-85.93218446,1.875,-60.92498049,1.875,-6.786129848,1.875,-106.6802999,-1.875,200.2892587,-1.875,-43.68702079,5.625,176.8107438,-1.875,288.0544634,-5.625,128.5299878,5.625,-33.93300394,1.875,257.0578723,-5.625,251.0537816,1.875,-70.44821248,-1.875,-87.63673196,-5.625,-71.97464944,5.625,-17.02940604,5.625,136.4438267,-5.625
42.76009088,5.625,17.38928197,5.625,83.35168946,-1.875,266.2248561,5.625,107.9672811,-5.625,270.0994363,1.875,24.12429762,1.875,92.75351775,-5.625,-82.98122284,-1.875,79.95265812,-5.625,21.79684948,-1.875,113.089506,-1.875,37.11916949,-5.625,3.943343611,5.625,218.6611948,-1.875,92.28893781,5.625,37.11446337,1.875,29.38539548,5.625,50.72223095,-1.875,192.7464857,1.875,34.82997067,-1.875,56.34560418,5.625,139.4489705,1.875,10.98710799,1.875,204.7782838,5.625,230.9398445,5.625,248.4447524,5.625,-94.90846873,5.625,68.36446067,5.625,-21.64660294,-5.625,157.625698,5.625,221.7626333,1.875,180.5741777,5.625,-86.98034865,1.875,-61.93960342,1.875,-7.831928494,1.875,-105.2150045,-1.875,201.3727495,-1.875,-44.69961925,5.625,177.8595628,-1.875,289.0665032,-5.625,127.4914325,5.625,-34.82587212,1.875,257.8675041,-5.625,250.0155676,1.875,-68.33737051,-1.875,-86.09132346,-5.625,-73.02072222,5.625,-18.00960134,5.625,137.5538917,-5.625
41.71873442,5.625,16.37896879,5.625,84.55795058,-1.875,265.2091578,5.625,109.0418239,-5.625,269.268865,1.875,23.04636534,1.875,93.79367522,-5.625,-81.29254926,-1.875,80.78478409,-5.625,22.89097564,-1.875,114.3888323,-1.875,38.41012828,-5.625,3.080771742,5.625,219.6787482,-1.875,91.10876132,5.625,36.25211755,1.875,28.30961401,5.625,51.78374073,-1.875,191.5276957,1.875,35.85751214,-1.875,55.33757112,5.625,138.2597037,1.875,9.974774896,1.875,202.7944981,5.625,229.3528159,5.625,247.1751295,5.625,-95.98912243,5.625,67.29110707,5.625,-20.42233112,-5.625,156.6203765,5.625,220.6900981,1.875,179.7699205,5.625,-88.02851284,1.875,-62.95422636,1.875,-8.696224896,1.875,-103.749709,-1.875,202.4562403,-1.875,-45.71221771,5.625,178.9083819,-1.875,290.0785429,-5.625,126.4528772,5.625,-35.90624262,1.875,258.945124,-5.625,248.9773536,1.875,-66.22652855,-1.875,-84.54591495,-5.625,-74.06679501,5.625,-18.98979665,5.625,138.6639566,-5.625
40.67737795,5.625,15.36865561,5.625,85.76421169,-1.875,264.1934595,5.625,110.1163667,-5.625,268.4382938,1.875,21.96843307,1.875,94.83383269,-5.625,-79.60387569,-1.875,81.79165652,-5.625,23.71300881,-1.875,115.6881585,-1.875,39.70108707,-5.625,2.03705978,5.625,220.6963015,-1.875,89.92858483,5.625,35.20867911,1.875,27.50136346,5.625,52.84525051,-1.875,190.3089058,1.875,36.88505361,-1.875,54.32953806,5.625,137.0704368,1.875,8.962441807,1.875,200.8107123,5.625,227.7657873,5.625,245.9055066,5.625,-97.06977614,5.625,66.48468062,5.625,-19.19805929,-5.625,155.6150549,5.625,219.617563,1.875,178.6994541,5.625,-89.07667703,1.875,-63.96884929,1.875,-9.742023542,1.875,-102.2844136,-1.875,203.539731,-1.875,-46.72481616,5.625,179.957201,-1.875,291.0905826,-5.625,125.4143218,5.625,-36.98661313,1.875,260.0227439,-5.625,247.9391395,1.875,-64.11568658,-1.875,-83.00050645,-5.625,-75.1128678,5.625,-19.96999196,5.625,139.7740215,-5.625
39.63602148,5.625,14.35834243,5.625,86.97047281,-1.875,263.1777612,5.625,111.1909096,-5.625,267.6077226,1.875,20.8905008,1.875,95.87399015,-5.625,-77.91520212,-1.875,82.79852894,-5.625,24.80713497,-1.875,116.9874848,-1.875,40.99204586,-5.625,0.993347817,5.625,221.7138548,-1.875,88.74840834,5.625,34.16524067,1.875,26.42558199,5.625,53.90676029,-1.875,189.0901159,1.875,37.91259508,-1.875,53.32150501,5.625,135.8811699,1.875,7.950108718,1.875,198.8269266,5.625,226.1787587,5.625,244.6358838,5.625,-98.15042984,5.625,65.41132702,5.625,-17.97378746,-5.625,154.6097334,5.625,218.5450279,1.875,177.6289877,5.625,-90.12484122,1.875,-64.98347223,1.875,-10.78782219,1.875,-100.8191182,-1.875,204.6232218,-1.875,-47.73741462,5.625,181.00602,-1.875,292.1026223,-5.625,124.3757665,5.625,-37.87948131,1.875,261.1003638,-5.625,246.9009255,1.875,-62.00484461,-1.875,-81.45509794,-5.625,-76.15894058,5.625,-20.95018726,5.625,140.8840864,-5.625
38.59466502,5.625,13.34802925,5.625,88.17673392,-1.875,262.1620629,5.625,112.2654524,-5.625,266.7771514,1.875,20.08063432,1.875,96.91414762,-5.625,-76.22652855,-1.875,83.80540137,-5.625,25.90126112,-1.875,118.286811,-1.875,42.28300465,-5.625,0.130775948,5.625,222.7314081,-1.875,87.56823185,5.625,33.12180223,1.875,25.34980051,5.625,54.96827007,-1.875,187.8713259,1.875,38.94013654,-1.875,52.31347195,5.625,134.691903,1.875,6.937775628,1.875,196.8431408,5.625,224.5917301,5.625,243.3662609,5.625,-99.23108354,5.625,64.33797342,5.625,-16.74951563,-5.625,153.6044119,5.625,217.4724927,1.875,176.5585213,5.625,-91.17300541,1.875,-65.99809516,1.875,-11.83362083,1.875,-99.35382281,-1.875,205.7067126,-1.875,-48.75001308,5.625,182.0548391,-1.875,293.114662,-5.625,123.3372112,5.625,-38.95985181,1.875,262.1779837,-5.625,245.8627115,1.875,-59.89400265,-1.875,-79.90968944,-5.625,-77.20501337,5.625,-21.93038257,5.625,141.9941513,-5.625
37.55330855,5.625,12.33771607,5.625,89.38299503,-1.875,261.1463646,5.625,113.3399952,-5.625,265.9465802,1.875,19.00270205,1.875,97.95430508,-5.625,-74.53785497,-1.875,84.8122738,-5.625,26.99538728,-1.875,119.5861373,-1.875,43.57396344,-5.625,-0.912936014,5.625,223.7489614,-1.875,86.38805536,5.625,32.07836379,1.875,24.27401904,5.625,56.02977985,-1.875,186.652536,1.875,39.96767801,-1.875,51.30543889,5.625,133.5026361,1.875,5.925442539,1.875,194.8593551,5.625,223.0047015,5.625,242.096638,5.625,-100,-5.625,63.26461982,5.625,-15.5252438,-5.625,152.5990903,5.625,216.3999576,1.875,175.7542641,5.625,-92.2211696,1.875,-67.0127181,1.875,-12.87941948,1.875,-97.8885274,-1.875,206.7902033,-1.875,-49.76261153,5.625,183.1036582,-1.875,294.1267017,-5.625,122.2986559,5.625,-40.04022231,1.875,262.9876154,-5.625,244.8244975,1.875,-57.78316068,-1.875,-78.36428093,-5.625,-78.25108615,5.625,-22.91057788,5.625,143.1042162,-5.625
36.51195208,5.625,11.32740289,5.625,90.58925615,-1.875,260.1306663,5.625,114.4145381,-5.625,265.116009,1.875,17.92476978,1.875,98.99446255,-5.625,-72.8491814,-1.875,85.81914623,-5.625,27.81742045,-1.875,120.8854635,-1.875,44.86492223,-5.625,-1.775507884,5.625,224.7665147,-1.875,85.20787887,5.625,31.03492535,1.875,23.4657685,5.625,57.09128963,-1.875,185.4337461,1.875,40.99521948,-1.875,50.29740583,5.625,132.3133692,1.875,4.913109449,1.875,192.8755693,5.625,221.4176729,5.625,240.8270151,5.625,-98.7636732,-5.625,62.45819337,5.625,-14.30097197,-5.625,151.5937688,5.625,215.3274224,1.875,174.6837977,5.625,-93.26933379,1.875,-68.02734104,1.875,-13.92521813,1.875,-96.42323199,-1.875,207.604246,-1.875,-50.77520999,5.625,184.1524772,-1.875,295.1387415,-5.625,121.2601006,5.625,-40.9330905,1.875,264.0652353,-5.625,243.7862835,1.875,-55.67231872,-1.875,-76.81887243,-5.625,-79.29715894,5.625,-23.89077318,5.625,144.2142811,-5.625
35.47059562,5.625,10.31708971,5.625,91.79551726,-1.875,259.114968,5.625,115.4890809,-5.625,264.2854378,1.875,16.8468375,1.875,100.03462,-5.625,-71.16050783,-1.875,86.82601865,-5.625,28.91154661,-1.875,122.1847898,-1.875,46.15588102,-5.625,-2.819219846,5.625,225.784068,-1.875,84.02770238,5.625,29.99148691,1.875,22.38998702,5.625,58.15279941,-1.875,184.2149561,1.875,42.02276095,-1.875,49.28937277,5.625,131.1241023,1.875,3.90077636,1.875,191.8393579,5.625,219.8306443,5.625,239.5573922,5.625,-97.52734639,-5.625,61.38483977,5.625,-13.07670014,-5.625,150.5884472,5.625,214.2548873,1.875,173.6133313,5.625,-94.31749798,1.875,-69.04196397,1.875,-14.97101677,1.875,-94.95793658,-1.875,208.6877368,-1.875,-51.78780845,5.625,185.2012963,-1.875,296.1507812,-5.625,120.2215453,5.625,-42.013461,1.875,265.1428552,-5.625,242.7480694,1.875,-53.56147675,-1.875,-75.27346392,-5.625,-80.34323173,5.625,-24.87096849,5.625,145.3243461,-5.625
34.42923915,5.625,9.306776533,5.625,93.00177838,-1.875,258.0992697,5.625,116.5636238,-5.625,263.4548665,1.875,16.03697103,1.875,101.0747775,-5.625,-69.47183426,-1.875,87.83289108,-5.625,30.00567276,-1.875,123.4841161,-1.875,47.44683981,-5.625,-3.862931808,5.625,226.8016214,-1.875,82.84752589,5.625,28.94804847,1.875,21.31420555,5.625,59.21430919,-1.875,182.9961662,1.875,43.05030242,-1.875,48.28133971,5.625,129.9348355,1.875,2.88844327,1.875,190.8031464,5.625,218.2436157,5.625,238.2877693,5.625,-96.29101959,-5.625,60.31148617,5.625,-11.85242831,-5.625,149.5831257,5.625,213.1823521,1.875,172.542865,5.625,-95.36566217,1.875,-70.05658691,1.875,-16.01681542,1.875,-93.49264117,-1.875,209.7712275,-1.875,-52.80040691,5.625,186.2501153,-1.875,297.1628209,-5.625,119.18299,5.625,-43.0938315,1.875,266.2204751,-5.625,241.7098554,1.875,-51.45063479,-1.875,-73.72805542,-5.625,-81.38930451,5.625,-25.85116379,5.625,146.434411,-5.625
33.38788269,5.625,8.296463353,5.625,94.20803949,-1.875,257.0835714,5.625,117.6381666,-5.625,262.6242953,1.875,14.95903876,1.875,102.1149349,-5.625,-67.78316068,-1.875,88.83976351,-5.625,31.09979892,-1.875,124.7834423,-1.875,48.7377986,-5.625,-4.725503678,5.625,227.8191747,-1.875,81.6673494,5.625,28.08570265,1.875,20.23842408,5.625,60.27581898,-1.875,181.7773763,1.875,44.07784388,-1.875,47.27330665,5.625,128.7455686,1.875,1.876110181,1.875,189.7669349,5.625,216.6565871,5.625,237.0181465,5.625,-95.05469278,-5.625,59.23813257,5.625,-10.62815648,-5.625,148.5778042,5.625,212.109817,1.875,171.7386077,5.625,-96.41382636,1.875,-71.07120984,1.875,-17.06261406,1.875,-92.02734576,-1.875,210.8547183,-1.875,-53.81300536,5.625,187.2989344,-1.875,298.1748606,-5.625,118.1444347,5.625,-43.98669968,1.875,267.0301069,-5.625,240.6716414,1.875,-49.33979282,-1.875,-72.18264691,-5.625,-82.4353773,5.625,-26.8313591,5.625,147.5444759,-5.625
32.34652622,5.625,7.286150174,5.625,95.41430061,-1.875,256.0678731,5.625,118.7127094,-5.625,261.7937241,1.875,13.88110648,1.875,103.1550924,-5.625,-66.09448711,-1.875,89.84663594,-5.625,31.92183209,-1.875,126.0827686,-1.875,50.02875739,-5.625,-5.76921564,5.625,228.836728,-1.875,80.48717291,5.625,27.04226421,1.875,19.43017353,5.625,61.33732876,-1.875,180.5585863,1.875,45.10538535,-1.875,46.26527359,5.625,127.5563017,1.875,0.863777092,1.875,188.7307235,5.625,215.0695585,5.625,235.7485236,5.625,-93.81836598,-5.625,58.43170612,5.625,-9.403884654,-5.625,147.5724826,5.625,211.0372819,1.875,170.6681414,5.625,-97.46199055,1.875,-72.08583278,1.875,-17.92691047,1.875,-90.56205035,-1.875,211.668761,-1.875,-54.82560382,5.625,188.3477535,-1.875,299.1869003,-5.625,117.1058794,5.625,-45.06707019,1.875,268.1077268,-5.625,239.6334274,1.875,-47.22895085,-1.875,-70.63723841,-5.625,-83.48145008,5.625,-27.81155441,5.625,148.6545408,-5.625
31.48590104,5.625,6.275836995,5.625,96.62056172,-1.875,255.0521747,5.625,119.7872523,-5.625,260.9631529,1.875,12.80317421,1.875,104.1952499,-5.625,-64.40581354,-1.875,90.85350836,-5.625,33.01595825,-1.875,127.3820948,-1.875,51.31971618,-5.625,-6.812927602,5.625,229.8542813,-1.875,79.30699642,5.625,25.99882577,1.875,18.35439206,5.625,62.39883854,-1.875,179.3397964,1.875,46.13292682,-1.875,45.25724053,5.625,126.3670348,1.875,-0.148555998,1.875,187.694512,5.625,213.4825299,5.625,234.4789007,5.625,-92.58203918,-5.625,57.35835252,5.625,-8.179612825,-5.625,146.5671611,5.625,209.9647467,1.875,169.597675,5.625,-98.51015474,1.875,-73.10045572,1.875,-18.97270911,1.875,-89.09675494,-1.875,212.7522517,-1.875,-55.83820228,5.625,189.3965725,-1.875,-120.5820392,-5.625,116.0673241,5.625,-46.14744069,1.875,269.1853467,-5.625,238.5952134,1.875,-45.11810889,-1.875,-69.0918299,-5.625,-84.52752287,5.625,-28.88976924,5.625,149.7646057,-5.625
30.44454457,5.625,5.265523815,5.625,97.82682284,-1.875,254.0364764,5.625,120.8617951,-5.625,260.1325817,1.875,11.99330774,1.875,105.2354073,-5.625,-62.71713997,-1.875,91.86038079,-5.625,34.1100844,-1.875,128.6814211,-1.875,52.61067497,-5.625,-7.856639564,5.625,230.8718346,-1.875,78.12681994,5.625,24.95538733,1.875,17.27861059,5.625,63.46034832,-1.875,178.1210065,1.875,47.16046829,-1.875,44.24920747,5.625,125.1777679,1.875,-1.160889087,1.875,186.6583006,5.625,211.8955013,5.625,233.2092778,5.625,-91.34571237,-5.625,56.28499892,5.625,-6.955340996,-5.625,145.5618395,5.625,208.8922116,1.875,168.5272086,5.625,-99.55831893,1.875,-74.11507865,1.875,-20.01850776,1.875,-87.63145953,-1.875,213.8357425,-1.875,-56.85080073,5.625,190.4453916,-1.875,-119.260865,-5.625,115.0287687,5.625,-47.04030887,1.875,270.2629666,-5.625,237.5569993,1.875,-43.00726692,-1.875,-67.5464214,-5.625,-85.57359566,5.625,-29.86996455,5.625,150.8746706,-5.625
29.40318811,5.625,4.255210636,5.625,99.03308395,-1.875,253.0207781,5.625,121.9363379,-5.625,259.3020105,1.875,10.91537547,1.875,106.2755648,-5.625,-61.02846639,-1.875,92.86725322,-5.625,35.20421056,-1.875,129.9807473,-1.875,53.90163376,-5.625,-8.900351526,5.625,231.8893879,-1.875,76.94664345,5.625,24.09304151,1.875,16.20282911,5.625,64.5218581,-1.875,176.9022165,1.875,48.18800976,-1.875,43.24117441,5.625,123.988501,1.875,-2.173222177,1.875,185.6220891,5.625,210.3084727,5.625,231.9396549,5.625,-90.10938557,-5.625,55.21164531,5.625,-5.731069167,-5.625,144.556518,5.625,207.8196764,1.875,167.7229514,5.625,300,5.625,-75.12970159,1.875,-21.06430641,1.875,-86.16616412,-1.875,214.9192333,-1.875,-57.86339919,5.625,191.4942107,-1.875,-117.9396908,-5.625,113.9902134,5.625,-48.12067937,1.875,271.3405865,-5.625,236.5187853,1.875,-40.89642496,-1.875,-66.00101289,-5.625,-86.61966844,5.625,-30.85015986,5.625,151.9847355,-5.625
28.36183164,5.625,3.244897457,5.625,100.2393451,-1.875,252.0050798,5.625,123.0108808,-5.625,258.4714393,1.875,9.837443192,1.875,107.3157223,-5.625,-59.33979282,-1.875,93.87412564,-5.625,36.02624373,-1.875,131.2800736,-1.875,55.19259255,-5.625,-9.762923396,5.625,232.9069412,-1.875,75.76646696,5.625,23.04960307,1.875,15.39457857,5.625,65.58336788,-1.875,175.6834266,1.875,49.21555123,-1.875,42.23314135,5.625,122.7992342,1.875,-3.185555266,1.875,184.765716,5.625,208.7214441,5.625,230.670032,5.625,-88.87305876,-5.625,54.40521887,5.625,-4.506797338,-5.625,143.5511965,5.625,206.7471413,1.875,166.652485,5.625,297.8425338,5.625,-76.14432452,1.875,-22.11010505,1.875,-84.70086871,-1.875,215.7332759,-1.875,-58.87599765,5.625,192.5430297,-1.875,-116.6185166,-5.625,112.9516581,5.625,-49.20104988,1.875,272.4182064,-5.625,235.4805713,1.875,-38.78558299,-1.875,-64.45560439,-5.625,-87.66574123,5.625,-31.92837469,5.625,153.0948005,-5.625
27.50120646,5.625,2.234584277,5.625,101.4456062,-1.875,250.9893815,5.625,124.0854236,-5.625,257.640868,1.875,8.759510918,1.875,108.3558797,-5.625,-57.65111925,-1.875,94.88099807,-5.625,37.12036989,-1.875,132.5793998,-1.875,56.48355134,-5.625,-10.80663536,5.625,233.9244946,-1.875,74.58629047,5.625,22.00616463,1.875,14.3187971,5.625,66.64487766,-1.875,174.4646366,1.875,50.24309269,-1.875,41.22510829,5.625,121.6099673,1.875,-4.197888356,1.875,183.7295046,5.625,207.1344155,5.625,229.4004092,5.625,-87.63673196,-5.625,53.33186527,5.625,-3.282525509,-5.625,142.5458749,5.625,205.6746061,1.875,165.5820186,5.625,295.6850677,5.625,-77.15894746,1.875,-23.1559037,1.875,-83.2355733,-1.875,216.8167667,-1.875,-59.8885961,5.625,193.5918488,-1.875,-115.2973424,-5.625,111.9131028,5.625,-50.09391806,1.875,273.4958263,-5.625,234.4423573,1.875,-36.67474102,-1.875,-62.91019588,-5.625,-88.71181401,5.625,-32.90857,5.625,154.2048654,-5.625
26.45985,5.625,1.224271098,5.625,102.6518673,-1.875,249.9736832,5.625,125.1599665,-5.625,256.6358769,1.875,7.949644447,1.875,109.3960372,-5.625,-55.96244567,-1.875,95.8878705,-5.625,38.21449604,-1.875,133.8787261,-1.875,57.77451013,-5.625,-11.85034732,5.625,234.9420479,-1.875,73.40611398,5.625,20.96272618,1.875,13.24301562,5.625,67.70638744,-1.875,173.2458467,1.875,51.27063416,-1.875,40.21707523,5.625,120.4207004,1.875,-5.210221445,1.875,182.6932931,5.625,205.5473869,5.625,228.1307863,5.625,-86.40040516,-5.625,52.25851166,5.625,-2.05825368,-5.625,141.5405534,5.625,204.602071,1.875,164.5115522,5.625,293.5276015,5.625,-78.1735704,1.875,-24.0202001,1.875,-81.77027789,-1.875,217.9002574,-1.875,-60.90119456,5.625,194.6406679,-1.875,-113.9761682,-5.625,110.8745475,5.625,-51.17428856,1.875,274.5734461,-5.625,233.4041433,1.875,-34.56389906,-1.875,-61.36478738,-5.625,-89.7578868,5.625,-33.88876531,5.625,155.3149303,-5.625
25.41849353,5.625,0.213957919,5.625,103.8581284,-1.875,248.9579849,5.625,126.2345093,-5.625,255.6308857,1.875,6.871712173,1.875,110.4361947,-5.625,-54.2737721,-1.875,96.89474293,-5.625,39.3086222,-1.875,135.1780524,-1.875,59.06546892,-5.625,-12.89405928,5.625,235.9596012,-1.875,72.22593749,5.625,19.91928774,1.875,12.16723415,5.625,68.76789722,-1.875,172.0270568,1.875,52.29817563,-1.875,39.20904217,5.625,119.2314335,1.875,-6.222554534,1.875,181.6570817,5.625,203.9603583,5.625,226.8611634,5.625,-85.16407835,-5.625,51.18515806,5.625,-0.833981851,-5.625,140.5352318,5.625,203.5295359,1.875,163.707295,5.625,291.3701353,5.625,-79.18819333,1.875,-25.06599875,1.875,-80.30498248,-1.875,218.9837482,-1.875,-61.91379302,5.625,195.6894869,-1.875,-112.654994,-5.625,109.8359922,5.625,-52.06715675,1.875,275.651066,-5.625,232.3659293,1.875,-32.45305709,-1.875,-59.81937887,-5.625,-90.80395959,5.625,-34.96698014,5.625,156.4249952,-5.625
24.37713706,5.625,-0.796355261,5.625,105.0643895,-1.875,247.9422866,5.625,127.3090521,-5.625,254.6258945,1.875,5.7937799,1.875,111.4763521,-5.625,-52.58509853,-1.875,97.90161535,-5.625,40.13065537,-1.875,136.4773786,-1.875,60.35642771,-5.625,-13.93777124,5.625,236.9771545,-1.875,71.045761,5.625,18.8758493,1.875,11.35898361,5.625,69.82940701,-1.875,170.8082668,1.875,53.3257171,-1.875,38.20100912,5.625,118.0421666,1.875,-7.234887624,1.875,180.8007086,5.625,202.3733297,5.625,225.5915405,5.625,-83.92775155,-5.625,50.37873162,5.625,0.390289978,-5.625,139.5299103,5.625,202.4570007,1.875,162.6368286,5.625,289.2126691,5.625,-80.20281627,1.875,-26.11179739,1.875,-78.83968706,-1.875,219.7977909,-1.875,-62.92639147,5.625,196.738306,-1.875,-111.3338199,-5.625,108.7974369,5.625,-53.14752725,1.875,276.7286859,-5.625,231.3277152,1.875,-30.34221513,-1.875,-58.27397037,-5.625,-91.85003237,5.625,-35.94717545,5.625,157.5350601,-5.625
23.3357806,5.625,-1.80666844,5.625,106.2706506,-1.875,246.9265883,5.625,128.383595,-5.625,253.6209034,1.875,4.715847626,1.875,112.5165096,-5.625,-50.89642496,-1.875,98.90848778,-5.625,41.22478153,-1.875,137.7767049,-1.875,61.6473865,-5.625,-14.98148321,5.625,237.9947078,-1.875,69.86558451,5.625,17.83241086,1.875,10.28320213,5.625,70.89091679,-1.875,169.5894769,1.875,54.35325857,-1.875,37.19297606,5.625,116.8528997,1.875,-8.247220713,1.875,179.7644971,5.625,200.7863011,5.625,224.3219176,5.625,-82.69142474,-5.625,49.30537801,5.625,1.614561807,-5.625,138.5245887,5.625,201.3844656,1.875,161.5663623,5.625,287.055203,5.625,-81.2174392,1.875,-27.15759604,1.875,-77.37439165,-1.875,220.8812816,-1.875,-63.93898993,5.625,197.7871251,-1.875,-110.0126457,-5.625,107.7588816,5.625,-54.22789775,1.875,277.8063058,-5.625,230.2895012,1.875,-28.23137316,-1.875,-56.72856186,-5.625,-92.89610516,5.625,-36.92737076,5.625,158.645125,-5.625
22.29442413,5.625,-2.81698162,5.625,107.4769118,-1.875,245.91089,5.625,129.4581378,-5.625,252.6159122,1.875,3.905981154,1.875,113.5566671,-5.625,-49.20775138,-1.875,99.91536021,-5.625,42.31890768,-1.875,139.0760311,-1.875,62.93834529,-5.625,-15.84405508,5.625,239.0122611,-1.875,68.68540802,5.625,16.78897242,1.875,9.20742066,5.625,71.95242657,-1.875,168.370687,1.875,55.38080003,-1.875,36.184943,5.625,115.6636328,1.875,-9.259553803,1.875,178.7282857,5.625,199.1992725,5.625,223.0522948,5.625,-81.45509794,-5.625,48.23202441,5.625,2.838833636,-5.625,137.5192672,5.625,200.3119304,1.875,160.4958959,5.625,284.8977368,5.625,-82.23206214,1.875,-28.20339468,1.875,-75.90909624,-1.875,221.9647724,-1.875,-64.95158839,5.625,198.8359441,-1.875,-108.6914715,-5.625,106.7203263,5.625,-55.12076593,1.875,278.8839257,-5.625,229.2512872,1.875,-26.1205312,-1.875,-55.18315336,-5.625,-93.94217794,5.625,-38.00558559,5.625,159.7551899,-5.625
21.25306767,5.625,-3.827294799,5.625,108.6831729,-1.875,244.8951917,5.625,130.5326806,-5.625,251.610921,1.875,2.828048881,1.875,114.5968245,-5.625,-47.51907781,-1.875,100.9222326,-5.625,43.41303384,-1.875,140.3753574,-1.875,64.22930408,-5.625,-16.88776704,5.625,240.0298144,-1.875,67.50523153,5.625,15.9266266,1.875,8.131639187,5.625,73.01393635,-1.875,167.151897,1.875,56.4083415,-1.875,35.17690994,5.625,114.474366,1.875,-10.27188689,1.875,177.6920742,5.625,197.6122439,5.625,221.7826719,5.625,-80.21877114,-5.625,47.15867081,5.625,4.063105465,-5.625,136.5139457,5.625,199.2393953,1.875,159.6916386,5.625,282.7402706,5.625,-83.24668508,1.875,-29.06769109,1.875,-74.44380083,-1.875,223.0482632,-1.875,-65.96418685,5.625,199.8847632,-1.875,-107.3702973,-5.625,105.6817709,5.625,-56.20113644,1.875,279.9615456,-5.625,228.2130732,1.875,-24.00968923,-1.875,-53.63774485,-5.625,-94.98825073,5.625,-38.9857809,5.625,160.8652549,-5.625
20.2117112,5.625,-4.837607978,5.625,109.889434,-1.875,243.8794934,5.625,131.6072235,-5.625,250.6059298,1.875,1.750116607,1.875,115.636982,-5.625,-45.83040424,-1.875,101.9291051,-5.625,44.23506701,-1.875,141.6746836,-1.875,65.52026287,-5.625,-17.931479,5.625,241.0473678,-1.875,66.32505504,5.625,14.88318816,1.875,7.323388643,5.625,74.07544613,-1.875,165.9331071,1.875,57.43588297,-1.875,34.16887688,5.625,113.2850991,1.875,-11.28421998,1.875,176.6558628,5.625,196.0252153,5.625,220.513049,5.625,-78.98244433,-5.625,46.35224436,5.625,5.287377294,-5.625,135.5086241,5.625,198.1668601,1.875,158.6211723,5.625,280.5828045,5.625,-84.26130801,1.875,-30.11348973,1.875,-72.97850542,-1.875,223.8623058,-1.875,-66.9767853,5.625,200.9335823,-1.875,-106.0491231,-5.625,104.6432156,5.625,-57.28150694,1.875,281.0391655,-5.625,227.1748592,1.875,-21.89884726,-1.875,-52.09233635,-5.625,-96.03432352,5.625,-39.96597621,5.625,161.9753198,-5.625
19.35108602,5.625,-5.847921158,5.625,111.0956951,-1.875,242.8637951,5.625,132.6817663,-5.625,249.6009387,1.875,0.672184334,1.875,116.6771395,-5.625,-44.14173067,-1.875,102.9359775,-5.625,45.32919317,-1.875,142.9740099,-1.875,66.81122166,-5.625,-18.97519096,5.625,242.0649211,-1.875,65.14487855,5.625,13.83974972,1.875,6.24760717,5.625,75.13695591,-1.875,164.7143172,1.875,58.46342444,-1.875,33.16084382,5.625,112.0958322,1.875,-12.29655307,1.875,175.6196513,5.625,194.4381867,5.625,219.2434261,5.625,-77.74611753,-5.625,45.27889076,5.625,6.511649123,-5.625,134.5033026,5.625,197.094325,1.875,157.5507059,5.625,278.4253383,5.625,-85.27593095,1.875,-31.15928838,1.875,-71.51321001,-1.875,224.9457966,-1.875,-67.98938376,5.625,201.8003749,-1.875,-104.7279489,-5.625,103.6046603,5.625,-58.17437512,1.875,282.1167854,-5.625,226.1366451,1.875,-19.7880053,-1.875,-50.54692784,-5.625,-97.0803963,5.625,-41.04419104,5.625,163.0853847,-5.625
18.30972955,5.625,-6.858234337,5.625,112.3019562,-1.875,241.8480968,5.625,133.7563092,-5.625,248.5959475,1.875,-0.137682138,1.875,117.7172969,-5.625,-42.45305709,-1.875,103.9428499,-5.625,46.42331932,-1.875,144.2733362,-1.875,68.10218045,-5.625,-20.01890292,5.625,243.0824744,-1.875,63.96470206,5.625,12.79631128,1.875,5.171825697,5.625,76.19846569,-1.875,163.4955272,1.875,59.49096591,-1.875,32.15281076,5.625,110.9065653,1.875,-13.30888616,1.875,174.5834399,5.625,192.8511581,5.625,217.9738032,5.625,-76.50979072,-5.625,44.20553716,5.625,7.735920952,-5.625,133.497981,5.625,196.0217899,1.875,156.4802395,5.625,276.2678721,5.625,-86.29055388,1.875,-32.20508702,1.875,-70.0479146,-1.875,226.0292874,-1.875,-69.00198222,5.625,202.8491939,-1.875,-103.4067747,-5.625,102.566105,5.625,-59.25474562,1.875,283.1944053,-5.625,225.0984311,1.875,-17.67716333,-1.875,-49.00151934,-5.625,-98.12646909,5.625,-42.02438635,5.625,164.1954496,-5.625
17.26837309,5.625,-7.868547516,5.625,113.5082173,-1.875,240.8323985,5.625,134.830852,-5.625,247.5909563,1.875,-1.215614412,1.875,118.7574544,-5.625,-40.76438352,-1.875,104.9497223,-5.625,47.51744548,-1.875,145.5726624,-1.875,69.39313924,-5.625,-21.06261489,5.625,244.1000277,-1.875,62.78452557,5.625,11.93396546,1.875,4.096044223,5.625,77.25997547,-1.875,162.2767373,1.875,60.51850737,-1.875,31.1447777,5.625,109.7172984,1.875,-14.32121925,1.875,173.5472284,5.625,191.2641295,5.625,216.7041803,5.625,-75.27346392,-5.625,43.13218356,5.625,8.960192781,-5.625,132.4926595,5.625,194.9492547,1.875,155.6759823,5.625,274.1104059,5.625,-87.30517682,1.875,-33.25088567,1.875,-68.58261919,-1.875,227.1127781,-1.875,-70.01458067,5.625,203.898013,-1.875,-102.0856005,-5.625,101.5275497,5.625,-60.33511613,1.875,284.2720252,-5.625,224.0602171,1.875,-15.56632137,-1.875,-47.45611083,-5.625,-99.17254188,5.625,-43.00458165,5.625,165.3055145,-5.625
16.22701662,5.625,-8.878860696,5.625,114.7144784,-1.875,239.8167002,5.625,135.9053948,-5.625,246.5859652,1.875,-2.293546685,1.875,119.7976119,-5.625,-39.07570995,-1.875,105.9565948,-5.625,48.61157163,-1.875,146.8719887,-1.875,70.68409803,-5.625,-21.92518676,5.625,245.117581,-1.875,61.60434908,5.625,10.89052702,1.875,3.28779368,5.625,78.32148525,-1.875,161.0579474,1.875,61.54604884,-1.875,30.13674464,5.625,108.5280315,1.875,-15.33355234,1.875,172.6908553,5.625,189.6771009,5.625,215.4345575,5.625,-74.03713712,-5.625,42.32575711,5.625,10.18446461,-5.625,131.487338,5.625,193.8767196,1.875,154.6055159,5.625,271.9529398,5.625,-88.31979975,1.875,-34.29668432,1.875,-67.11732378,-1.875,228.1962689,-1.875,-71.02717913,5.625,204.9468321,-1.875,-100.7644263,-5.625,100.4889944,5.625,-61.22798431,1.875,285.3496451,-5.625,223.0220031,1.875,-13.4554794,-1.875,-45.91070233,-5.625,-100,-1.875,-44.08279649,5.625,166.4155794,-5.625
15.36639144,5.625,-9.889173875,5.625,115.9207396,-1.875,238.8010019,5.625,136.9799377,-5.625,245.580974,1.875,-3.371478959,1.875,120.8377693,-5.625,-37.38703638,-1.875,106.9634672,-5.625,49.43360481,-1.875,148.1713149,-1.875,71.97505682,-5.625,-22.96889872,5.625,246.1351343,-1.875,60.42417259,5.625,9.847088579,1.875,2.212012206,5.625,79.38299503,-1.875,159.8391574,1.875,62.57359031,-1.875,29.12871158,5.625,107.3387646,1.875,-16.34588543,1.875,171.6546439,5.625,188.0900723,5.625,214.1649346,5.625,-72.80081031,-5.625,41.25240351,5.625,11.40873644,-5.625,130.4820164,5.625,192.8041844,1.875,153.5350495,5.625,269.7954736,5.625,-89.33442269,1.875,-35.16098072,1.875,-65.65202837,-1.875,229.0103116,-1.875,-72.03977759,5.625,205.9956511,-1.875,-99.44325215,-5.625,99.45043908,5.625,-62.30835481,1.875,286.427265,-5.625,221.9837891,1.875,-11.34463743,-1.875,-44.36529382,-5.625,-97.6920384,-1.875,-44.97388313,5.625,167.5256443,-5.625
14.32503498,5.625,-10.89948705,5.625,117.1270007,-1.875,237.7853035,5.625,138.0544805,-5.625,244.5759828,1.875,-4.18134543,1.875,121.8779268,-5.625,-35.6983628,-1.875,107.9703396,-5.625,50.52773096,-1.875,149.4706412,-1.875,73.26601561,-5.625,-23.91772778,5.625,247.1526876,-1.875,59.2439961,5.625,8.803650139,1.875,1.136230733,5.625,80.44450482,-1.875,158.6203675,1.875,63.60113178,-1.875,28.12067852,5.625,106.1494978,1.875,-17.35821852,1.875,170.6184324,5.625,186.5030437,5.625,212.8953117,5.625,-71.56448351,-5.625,40.17904991,5.625,12.63300827,-5.625,129.4766949,5.625,191.7316493,1.875,152.4645831,5.625,267.6380074,5.625,-90.34904563,1.875,-36.20677936,1.875,-64.18673296,-1.875,230.0938023,-1.875,-73.05237604,5.625,207.0444702,-1.875,-98.12207796,-5.625,98.41188377,5.625,-63.38872531,1.875,287.5048849,-5.625,220.945575,1.875,-9.233795469,-1.875,-42.81988532,-5.625,-95.38407679,-1.875,-46.05209797,5.625,168.6357093,-5.625
13.28367851,5.625,-11.90980023,5.625,118.3332618,-1.875,236.7696052,5.625,139.1290233,-5.625,243.5709917,1.875,-5.259277704,1.875,122.9180843,-5.625,-34.00968923,-1.875,108.9772121,-5.625,51.62185712,-1.875,150.7699674,-1.875,74.5569744,-5.625,-24.96143974,5.625,248.170241,-1.875,58.06381961,5.625,7.94130432,1.875,0.06044926,5.625,81.5060146,-1.875,157.4015775,1.875,64.62867325,-1.875,27.11264546,5.625,104.9602309,1.875,-18.37055161,1.875,169.5822209,5.625,184.9160151,5.625,211.6256888,5.625,-70.3281567,-5.625,39.10569631,5.625,13.8572801,-5.625,128.4713733,5.625,190.6591141,1.875,151.6603259,5.625,265.4805413,5.625,-91.36366856,1.875,-37.25257801,1.875,-62.72143755,-1.875,231.1772931,-1.875,-74.0649745,5.625,208.0932893,-1.875,-96.80090377,-5.625,97.37332845,5.625,-64.2815935,1.875,288.5825048,-5.625,219.907361,1.875,-7.122953503,-1.875,-41.27447681,-5.625,-93.07611519,-1.875,-47.13031281,5.625,169.7457742,-5.625
12.24232204,5.625,-12.92011341,5.625,119.5395229,-1.875,235.7539069,5.625,140.2035662,-5.625,242.5660005,1.875,-6.337209978,1.875,123.9582417,-5.625,-32.32101566,-1.875,109.9840845,-5.625,52.71598327,-1.875,152.0692937,-1.875,75.84793319,-5.625,-26.0051517,5.625,249.1877943,-1.875,56.88364312,5.625,6.897865879,1.875,-0.747801284,5.625,82.56752438,-1.875,156.1827876,1.875,65.65621471,-1.875,26.1046124,5.625,103.770964,1.875,-19.3828847,1.875,168.7258478,5.625,183.3289865,5.625,210.3560659,5.625,-69.0918299,-5.625,38.0323427,5.625,15.08155193,-5.625,127.4660518,5.625,189.586579,1.875,150.5898595,5.625,263.3230751,5.625,-92.3782915,1.875,-38.29837666,1.875,-61.25614214,-1.875,232.2607839,-1.875,-75.07757296,5.625,209.1421083,-1.875,-95.47972958,-5.625,96.33477314,5.625,-65.361964,1.875,289.6601246,-5.625,218.869147,1.875,-5.012111537,-1.875,-39.72906831,-5.625,-90.76815358,-1.875,-48.02139945,5.625,170.8558391,-5.625
11.38169687,5.625,-13.93042659,5.625,120.745784,-1.875,234.7382086,5.625,141.278109,-5.625,241.5610093,1.875,-7.415142251,1.875,124.9983992,-5.625,-30.63234208,-1.875,110.9909569,-5.625,53.53801645,-1.875,153.3686199,-1.875,77.13889198,-5.625,-26.95398076,5.625,250.2053476,-1.875,55.70346663,5.625,5.854427438,1.875,-1.823582757,5.625,83.62903416,-1.875,154.9639977,1.875,66.68375618,-1.875,25.09657934,5.625,102.5816971,1.875,-20.39521779,1.875,167.6896364,5.625,181.7419579,5.625,209.086443,5.625,-67.8555031,-5.625,37.22591626,5.625,16.30582375,-5.625,126.4607303,5.625,188.5140439,1.875,149.5193932,5.625,261.1656089,5.625,-93.39291443,1.875,-39.3441753,1.875,-59.79084673,-1.875,233.0748265,-1.875,-76.09017141,5.625,210.1909274,-1.875,-94.15855539,-5.625,95.29621783,5.625,-66.4423345,1.875,290.7377445,-5.625,217.830933,1.875,-2.901269571,-1.875,-38.1836598,-5.625,-88.46019198,-1.875,-49.09961429,5.625,171.965904,-5.625
10.3403404,5.625,-14.94073977,5.625,121.9520451,-1.875,233.7225103,5.625,142.3526518,-5.625,240.5560181,1.875,-8.225008723,1.875,126.0385567,-5.625,-28.94366851,-1.875,111.9978293,-5.625,54.6321426,-1.875,154.6679462,-1.875,78.42985077,-5.625,-27.99769272,5.625,251.2229009,-1.875,54.52329014,5.625,4.810988997,1.875,-2.899364231,5.625,84.69054394,-1.875,153.7452077,1.875,67.71129765,-1.875,24.08854628,5.625,101.3924302,1.875,-21.40755088,1.875,166.6534249,5.625,180.1549292,5.625,207.8168202,5.625,-66.61917629,-5.625,36.15256266,5.625,17.53009558,-5.625,125.4554087,5.625,187.4415087,1.875,148.4489268,5.625,259.0081427,5.625,-94.40753737,1.875,-40.38997395,1.875,-58.32555131,-1.875,234.1583173,-1.875,-77.10276987,5.625,211.05772,-1.875,-92.8373812,-5.625,94.25766252,5.625,-67.33520269,1.875,291.8153644,-5.625,216.792719,1.875,-0.790427605,-1.875,-36.6382513,-5.625,-86.15223037,-1.875,-49.99070093,5.625,173.0759689,-5.625
9.298983933,5.625,-15.95105295,5.625,123.1583063,-1.875,232.706812,5.625,143.4271947,-5.625,239.551027,1.875,-9.302940996,1.875,127.0787141,-5.625,-27.25499494,-1.875,113.0047018,-5.625,55.72626876,-1.875,155.9672725,-1.875,79.72080956,-5.625,-28.86026459,5.625,252.2404542,-1.875,53.34311365,5.625,3.767550556,1.875,-3.975145704,5.625,85.75205372,-1.875,152.5264178,1.875,68.73883912,-1.875,23.08051323,5.625,100.2031633,1.875,-22.41988397,1.875,165.6172135,5.625,178.5679006,5.625,206.5471973,5.625,-65.38284949,-5.625,35.07920905,5.625,18.75436741,-5.625,124.4500872,5.625,186.3689736,1.875,147.6446696,5.625,256.8506766,5.625,-95.42216031,1.875,-41.25427035,1.875,-56.8602559,-1.875,235.2418081,-1.875,-78.11536833,5.625,212.1065391,-1.875,-91.51620701,-5.625,93.21910721,5.625,-68.41557319,1.875,292.8929843,-5.625,215.754505,1.875,1.32041436,-1.875,-35.09284279,-5.625,-83.84426877,-1.875,-51.06891577,5.625,174.1860338,-5.625
8.257627467,5.625,-16.78602252,5.625,124.3645674,-1.875,231.6911137,5.625,144.5017375,-5.625,238.5460358,1.875,-10.38087327,1.875,128.1188716,-5.625,-25.56632137,-1.875,114.0115742,-5.625,56.82039491,-1.875,157.2665987,-1.875,81.01176835,-5.625,-29.90397655,5.625,253.2580075,-1.875,52.16293716,5.625,2.724112115,1.875,-4.783396248,5.625,86.8135635,-1.875,151.3076279,1.875,69.76638059,-1.875,22.07248017,5.625,99.01389645,1.875,-23.43221705,1.875,164.7608404,5.625,177.7389315,5.625,205.2775744,5.625,-64.14652268,-5.625,34.00585545,5.625,19.97863924,-5.625,123.4447656,5.625,185.2964384,1.875,146.5742032,5.625,254.6932104,5.625,-96.43678324,1.875,-42.300069,1.875,-55.39496049,-1.875,236.3252988,-1.875,-79.12796679,5.625,213.1553581,-1.875,-90.19503283,-5.625,92.1805519,5.625,-69.49594369,1.875,293.9706042,-5.625,214.7162909,1.875,3.431256326,-1.875,-33.54743429,-5.625,-82.67203244,-1.875,-52.1471306,5.625,175.2960987,-5.625
7.216271001,5.625,-17.7963357,5.625,125.5708285,-1.875,230.6754154,5.625,145.5762804,-5.625,237.5410446,1.875,-11.45880554,1.875,129.1590291,-5.625,-23.87764779,-1.875,115.0184466,-5.625,57.64242809,-1.875,158.565925,-1.875,82.30272714,-5.625,-30.94768851,5.625,254.2755608,-1.875,50.98276067,5.625,1.680673674,1.875,-5.859177721,5.625,87.87507328,-1.875,150.0888379,1.875,70.79392206,-1.875,21.06444711,5.625,97.82462957,1.875,-24.44455014,1.875,163.7246289,5.625,176.9099623,5.625,204.0079515,5.625,-62.91019588,-5.625,33.19942901,5.625,21.20291107,-5.625,122.4394441,5.625,184.2239033,1.875,145.5037368,5.625,252.5357442,5.625,-97.45140618,1.875,-43.34586764,1.875,-53.92966508,-1.875,237.1393415,-1.875,-80.14056524,5.625,214.2041772,-1.875,-88.87385864,-5.625,91.14199659,5.625,-70.38881187,1.875,295.0482241,-5.625,213.6780769,1.875,5.542098292,-1.875,-32.00202578,-5.625,-81.49979611,-1.875,-53.03821724,5.625,176.4061637,-5.625
6.174914534,5.625,-18.80664888,5.625,126.7770896,-1.875,229.6597171,5.625,146.6508232,-5.625,236.5360535,1.875,-12.26867202,1.875,130.1991865,-5.625,-22.18897422,-1.875,116.025319,-5.625,58.73655424,-1.875,159.8652512,-1.875,83.59368593,-5.625,-31.89651757,5.625,255.2931142,-1.875,49.80258418,5.625,0.637235234,1.875,-6.593950942,5.625,88.93658306,-1.875,148.870048,1.875,71.82146352,-1.875,20.05641405,5.625,96.63536268,1.875,-25.45688323,1.875,162.6884175,5.625,175.9069096,5.625,202.7383286,5.625,-61.67386908,-5.625,32.1260754,5.625,22.4271829,-5.625,121.4341225,5.625,183.1513681,1.875,144.4332704,5.625,250.3782781,5.625,-98.46602911,1.875,-44.39166629,1.875,-52.46436967,-1.875,238.2228322,-1.875,-81.1531637,5.625,215.0709698,-1.875,-87.55268445,-5.625,90.10344128,5.625,-71.46918238,1.875,296.125844,-5.625,212.6398629,1.875,7.652940258,-1.875,-30.45661728,-5.625,-80.32755978,-1.875,-54.11643208,5.625,177.5162286,-5.625
5.314289356,5.625,-19.81696206,5.625,127.9833507,-1.875,228.6440188,5.625,147.725366,-5.625,235.5310623,1.875,-13.34660429,1.875,131.239344,-5.625,-20.50030065,-1.875,117.0321915,-5.625,59.8306804,-1.875,161.1645775,-1.875,84.88464472,-5.625,-32.94022953,5.625,256.3106675,-1.875,48.62240769,5.625,-0.225110585,1.875,-7.669732416,5.625,89.99809285,-1.875,147.6512581,1.875,72.84900499,-1.875,19.04838099,5.625,95.4460958,1.875,-26.46921632,1.875,161.652206,5.625,174.9038569,5.625,201.4687058,5.625,-60.43754227,-5.625,31.0527218,5.625,23.65145473,-5.625,120.428801,5.625,182.078833,1.875,143.6290132,5.625,248.2208119,5.625,-99.48065205,1.875,-45.43746493,1.875,-50.99907426,-1.875,239.306323,-1.875,-82.16576216,5.625,216.1197889,-1.875,-86.23151026,-5.625,89.06488597,5.625,-72.36205056,1.875,297.2034639,-5.625,211.6016489,1.875,9.763782224,-1.875,-28.91120877,-5.625,-79.15532346,-1.875,-55.19464692,5.625,178.6262935,-5.625
4.453664177,5.625,-20.82727524,5.625,129.1896118,-1.875,227.6283205,5.625,148.7999089,-5.625,234.5260711,1.875,-14.42453656,1.875,132.2795015,-5.625,-18.81162708,-1.875,118.0390639,-5.625,60.92480655,-1.875,162.4639037,-1.875,86.17560351,-5.625,-33.98394149,5.625,257.3282208,-1.875,47.4422312,5.625,-1.268549026,1.875,-8.745513889,5.625,91.05960263,-1.875,146.4324681,1.875,73.87654646,-1.875,18.04034793,5.625,94.25682892,1.875,-27.48154941,1.875,160.6159946,5.625,173.9008043,5.625,200.1990829,5.625,-59.20121547,-5.625,29.9793682,5.625,24.87572656,-5.625,119.4234795,5.625,181.0062979,1.875,142.5585468,5.625,246.0633457,5.625,300,5.625,-46.30176134,1.875,-49.53377885,-1.875,240.3898138,-1.875,-83.17836061,5.625,217.1686079,-1.875,-84.91033607,-5.625,88.02633066,5.625,-73.44242106,1.875,298.2810838,-5.625,210.5634349,1.875,11.87462419,-1.875,-27.36580027,-5.625,-77.98308713,-1.875,-56.08573356,5.625,179.7363584,-5.625
3.412307711,5.625,-21.83758842,5.625,130.3958729,-1.875,226.6126222,5.625,149.8744517,-5.625,233.52108,1.875,-15.50246884,1.875,133.3196589,-5.625,-17.1229535,-1.875,119.0459363,-5.625,61.74683973,-1.875,163.76323,-1.875,87.4665623,-5.625,-34.93277055,5.625,258.3457741,-1.875,46.26205471,5.625,-2.311987467,1.875,-9.821295363,5.625,92.12111241,-1.875,145.2136782,1.875,74.90408793,-1.875,17.03231487,5.625,93.06756203,1.875,-28.4938825,1.875,159.5797831,5.625,172.8977516,5.625,198.92946,5.625,-57.96488866,-5.625,29.17294175,5.625,26.09999839,-5.625,118.4181579,5.625,179.9337627,1.875,141.4880804,5.625,243.9058795,5.625,298.3023879,5.625,-47.34755998,1.875,-48.06848344,-1.875,241.2038564,-1.875,-84.19095907,5.625,218.217427,-1.875,-83.58916188,-5.625,86.98777534,5.625,-74.52279156,1.875,299.3587037,-5.625,209.5252208,1.875,13.98546616,-1.875,-25.82039176,-5.625,-76.8108508,-1.875,-57.1639484,5.625,180.8464233,-5.625
2.370951245,5.625,-22.8479016,5.625,131.6021341,-1.875,225.5969239,5.625,150.9489945,-5.625,232.5160888,1.875,-16.31233531,1.875,134.3598164,-5.625,-15.43427993,-1.875,120.0528088,-5.625,62.84096588,-1.875,165.0625562,-1.875,88.75752109,-5.625,-35.97648251,5.625,259.3633274,-1.875,45.08187822,5.625,-3.355425908,1.875,-10.89707684,5.625,93.18262219,-1.875,143.9948883,1.875,75.9316294,-1.875,16.02428181,5.625,91.87829515,1.875,-29.50621559,1.875,158.5435717,5.625,171.8946989,5.625,197.6598371,5.625,-56.72856186,-5.625,28.09958815,5.625,27.32427022,-5.625,117.4128364,5.625,178.8612276,1.875,140.4176141,5.625,242.824364,5.625,296.6047757,5.625,-48.39335863,1.875,-46.60318803,-1.875,242.2873472,-1.875,-85.20355753,5.625,219.0842196,-1.875,-82.26798769,-5.625,85.94922003,5.625,-75.60316207,1.875,324.6047757,5.625,208.4870068,1.875,16.09630812,-1.875,-24.27498326,-5.625,-75.63861447,-1.875,-58.24216323,5.625,181.9564882,-5.625
1.329594778,5.625,-23.85821478,5.625,132.8083952,-1.875,224.5812256,5.625,152.0235374,-5.625,231.5110976,1.875,-17.39026758,1.875,135.3999739,-5.625,-13.74560636,-1.875,121.0596812,-5.625,63.93509204,-1.875,166.3618825,-1.875,90.04847989,-5.625,-37.02019447,5.625,260.3808807,-1.875,43.90170173,5.625,-4.217771727,1.875,-11.70532738,5.625,94.24413197,-1.875,142.7760983,1.875,76.95917086,-1.875,15.01624875,5.625,90.68902826,1.875,-30.51854868,1.875,157.5073602,5.625,170.8916462,5.625,196.3902142,5.625,-55.49223506,-5.625,27.02623455,5.625,28.54854204,-5.625,116.4075148,5.625,177.7886924,1.875,139.3471477,5.625,241.7428484,5.625,294.9071636,5.625,-49.43915727,1.875,-45.13789262,-1.875,243.370838,-1.875,-86.21615598,5.625,220.1330387,-1.875,-80.9468135,-5.625,84.91066472,5.625,-76.68353257,1.875,323.2292139,5.625,207.4487928,1.875,18.20715009,-1.875,-22.72957475,-5.625,-74.46637814,-1.875,-59.22235854,5.625,183.0665531,-5.625
0.288238312,5.625,-24.86852796,5.625,134.0146563,-1.875,223.5655273,5.625,153.0980802,-5.625,230.5061064,1.875,-18.46819985,1.875,136.4401313,-5.625,-12.05693278,-1.875,122.0665536,-5.625,65.02921819,-1.875,167.6612088,-1.875,91.33943868,-5.625,-38.06390644,5.625,261.398434,-1.875,42.72152524,5.625,-5.261210168,1.875,-12.78110885,5.625,95.30564175,-1.875,141.5573084,1.875,77.98671233,-1.875,14.00821569,5.625,89.49976138,1.875,-31.53088177,1.875,156.4711488,5.625,169.8885935,5.625,195.1205913,5.625,-54.25590825,-5.625,25.95288095,5.625,29.77281387,-5.625,115.4021933,5.625,176.7161573,1.875,138.5428904,5.625,240.6613329,5.625,293.2095514,5.625,-50.48495592,1.875,-43.67259721,-1.875,244.4543287,-1.875,-87.22875444,5.625,221.1818577,-1.875,-79.62563931,-5.625,83.87210941,5.625,-77.76390307,1.875,321.853652,5.625,206.4105788,1.875,20.31799205,-1.875,-21.18416625,-5.625,-73.29414181,-1.875,-60.20255385,5.625,184.1766181,-5.625
-0.753118154,5.625,-25.87884114,5.625,135.2209174,-1.875,222.549829,5.625,154.1726231,-5.625,229.5011153,1.875,-19.54613213,1.875,137.4802888,-5.625,-10.36825921,-1.875,123.073426,-5.625,65.85125137,-1.875,168.960535,-1.875,92.63039747,-5.625,-39.1076184,5.625,262.4159874,-1.875,41.54134875,5.625,-6.304648609,1.875,-13.85689033,5.625,96.36715153,-1.875,140.3385185,1.875,79.0142538,-1.875,13.00018263,5.625,88.31049449,1.875,-32.54321486,1.875,155.6147757,5.625,168.8855408,5.625,193.8509685,5.625,-53.01958145,-5.625,25.1464545,5.625,30.9970857,-5.625,114.3968718,5.625,175.6436221,1.875,137.4724241,5.625,239.5798173,5.625,291.5119393,5.625,-51.53075457,1.875,-42.2073018,-1.875,245.2683714,-1.875,-88.2413529,5.625,222.2306768,-1.875,-78.30446512,-5.625,82.8335541,5.625,-78.84427357,1.875,320.4780902,5.625,205.3723648,1.875,22.42883402,-1.875,-19.63875774,-5.625,-72.12190548,-1.875,-61.28076868,5.625,185.286683,-5.625
-1.79447462,5.625,-26.88915431,5.625,136.4271785,-1.875,221.5341307,5.625,155.2471659,-5.625,228.4961241,1.875,-20.3559986,1.875,138.5204463,-5.625,-8.67958564,-1.875,124.0802985,-5.625,66.94537752,-1.875,170.2598613,-1.875,93.92135626,-5.625,-40.15133036,5.625,263.4335407,-1.875,40.36117226,5.625,-7.348087049,1.875,-14.9326718,5.625,97.42866131,-1.875,139.1197285,1.875,80.04179527,-1.875,11.99214957,5.625,87.12122761,1.875,-33.55554795,1.875,154.5785642,5.625,167.8824881,5.625,192.5813456,5.625,-51.78325464,-5.625,24.0731009,5.625,32.22135753,-5.625,113.3915502,5.625,174.571087,1.875,136.4019577,5.625,238.4983018,5.625,289.8143271,5.625,-52.57655321,1.875,-40.74200639,-1.875,246.3518622,-1.875,-89.25395135,5.625,223.2794959,-1.875,-76.98329093,-5.625,81.79499879,5.625,-79.92464408,1.875,319.1025284,5.625,204.3341507,1.875,24.53967598,-1.875,-18.09334924,-5.625,-70.94966916,-1.875,-62.26096399,5.625,186.3967479,-5.625
-2.835831087,5.625,-27.89946749,5.625,137.6334396,-1.875,220.5184323,5.625,156.3217087,-5.625,227.4911329,1.875,-21.43393087,1.875,139.5606037,-5.625,-6.990912067,-1.875,125.0871709,-5.625,68.03950368,-1.875,171.5591875,-1.875,95.21231505,-5.625,-41.19504232,5.625,264.451094,-1.875,39.18099577,5.625,-8.39152549,1.875,-15.74092234,5.625,98.49017109,-1.875,137.9009386,1.875,81.06933674,-1.875,10.98411651,5.625,85.93196072,1.875,-34.56788104,1.875,153.5423528,5.625,166.8794355,5.625,191.3117227,5.625,-50.54692784,-5.625,22.9997473,5.625,33.44562936,-5.625,112.3862287,5.625,173.4985518,1.875,135.3314913,5.625,237.6857431,5.625,288.116715,5.625,-53.62235186,1.875,-39.27671098,-1.875,247.4353529,-1.875,-90.26654981,5.625,224.3283149,-1.875,-75.66211674,-5.625,80.75644348,5.625,-81.00501458,1.875,317.7269665,5.625,203.2959367,1.875,26.65051795,-1.875,-16.54794073,-5.625,-69.77743283,-1.875,-63.2411593,5.625,187.5068128,-5.625
-3.696456265,5.625,-28.90978067,5.625,138.8397007,-1.875,219.502734,5.625,157.3962516,-5.625,226.4861418,1.875,-22.51186315,1.875,140.6007612,-5.625,-5.302238494,-1.875,126.0940433,-5.625,69.13362983,-1.875,172.8585138,-1.875,96.50327384,-5.625,-42.23875428,5.625,265.4686473,-1.875,38.00081929,5.625,-9.434963931,1.875,-16.81670382,5.625,99.55168088,-1.875,136.6821486,1.875,82.0968782,-1.875,9.976083454,5.625,84.74269384,1.875,-35.58021413,1.875,152.5061413,5.625,165.8763828,5.625,190.0420998,5.625,-49.31060104,-5.625,21.9263937,5.625,34.66990119,-5.625,111.3809071,5.625,172.4260167,1.875,134.5272341,5.625,236.6042276,5.625,286.4191028,5.625,-54.6681505,1.875,-37.81141557,-1.875,248.5188437,-1.875,-91.27914827,5.625,225.377134,-1.875,-74.34094255,-5.625,79.71788817,5.625,-82.08538508,1.875,316.3514047,5.625,202.2577227,1.875,28.76135992,-1.875,-15.00253223,-5.625,-68.6051965,-1.875,-64.31937413,5.625,188.6168777,-5.625
-4.737812732,5.625,-29.92009385,5.625,140.0459619,-1.875,218.4870357,5.625,158.4707944,-5.625,225.4811506,1.875,-23.58979542,1.875,141.6409187,-5.625,-3.613564922,-1.875,127.1009157,-5.625,69.95566301,-1.875,174.15784,-1.875,97.79423263,-5.625,-43.28246625,5.625,266.4862006,-1.875,36.8206428,5.625,-10.47840237,1.875,-17.89248529,5.625,100.6131907,-1.875,135.4633587,1.875,83.12441967,-1.875,8.968050395,5.625,83.55342695,1.875,-36.59254722,1.875,151.6497682,5.625,164.8733301,5.625,188.7724769,5.625,-48.07427423,-5.625,21.11996725,5.625,35.89417302,-5.625,110.3755856,5.625,171.3534816,1.875,133.4567677,5.625,235.522712,5.625,284.7214907,5.625,-55.71394915,1.875,-36.34612015,-1.875,249.3328863,-1.875,-92.29174673,5.625,226.4259531,-1.875,-73.01976837,-5.625,78.67933286,5.625,-83.16575558,1.875,314.9758429,5.625,201.2195087,1.875,30.87220188,-1.875,-13.45712372,-5.625,-67.43296017,-1.875,-65.29956944,5.625,189.7269426,-5.625
-5.779169198,5.625,-30.93040703,5.625,141.252223,-1.875,217.4713374,5.625,159.5453372,-5.625,224.4761594,1.875,-24.66772769,1.875,142.6810761,-5.625,-1.924891349,-1.875,128.1077882,-5.625,71.04978916,-1.875,175.4571663,-1.875,99.08519142,-5.625,-44.32617821,5.625,267.5037539,-1.875,35.64046631,5.625,-11.52184081,1.875,-18.96826676,5.625,101.6747004,-1.875,134.2445688,1.875,84.15196114,-1.875,7.960017336,5.625,82.36416007,1.875,-37.60488031,1.875,150.6135567,5.625,163.8702774,5.625,187.502854,5.625,-46.83794743,-5.625,20.04661365,5.625,37.11844485,-5.625,109.3702641,5.625,170.2809464,1.875,132.3863013,5.625,234.4411965,5.625,283.0238785,5.625,-56.7597478,1.875,-34.88082474,-1.875,250.4163771,-1.875,-93.30434518,5.625,227.2927457,-1.875,-71.69859418,-5.625,77.64077755,5.625,-84.24612608,1.875,313.600281,5.625,200.1812947,1.875,32.98304385,-1.875,-11.91171522,-5.625,-66.26072384,-1.875,-66.27976475,5.625,190.8370075,-5.625
-6.820525664,5.625,-31.94072021,5.625,142.4584841,-1.875,216.4556391,5.625,160.6198801,-5.625,223.4711683,1.875,-25.47759417,1.875,143.7212336,-5.625,-0.236217776,-1.875,129.1146606,-5.625,72.14391532,-1.875,176.7564926,-1.875,100.3761502,-5.625,-45.18875008,5.625,268.5213072,-1.875,34.46028982,5.625,-12.56527925,1.875,-19.77651731,5.625,102.7362102,-1.875,133.0257788,1.875,85.17950261,-1.875,6.951984276,5.625,81.17489318,1.875,-38.6172134,1.875,149.5773453,5.625,162.8672247,5.625,186.2332312,5.625,-45.60162062,-5.625,18.97326005,5.625,38.34271668,-5.625,108.3649425,5.625,169.2084113,1.875,131.315835,5.625,233.6286378,5.625,281.3262664,5.625,-57.80554644,1.875,-33.41552933,-1.875,251.4998679,-1.875,-94.31694364,5.625,228.3415647,-1.875,-70.37741999,-5.625,76.60222224,5.625,-85.32649659,1.875,312.2247192,5.625,199.1430807,1.875,35.09388581,-1.875,-10.36630671,-5.625,-65.08848751,-1.875,-67.35797958,5.625,191.9470725,-5.625
-7.681150843,5.625,-32.95103339,5.625,143.6647452,-1.875,215.4399408,5.625,161.6944229,-5.625,222.4661771,1.875,-26.55552644,1.875,144.7613911,-5.625,1.452455796,-1.875,130.121533,-5.625,73.23804147,-1.875,178.0558188,-1.875,101.667109,-5.625,-46.23246204,5.625,269.5388606,-1.875,33.28011333,5.625,-13.42762507,1.875,-20.85229878,5.625,103.79772,-1.875,131.8069889,1.875,86.20704408,-1.875,5.943951217,5.625,79.9856263,1.875,-39.62954649,1.875,148.5411338,5.625,161.864172,5.625,184.9636083,5.625,-44.36529382,-5.625,17.89990644,5.625,39.56698851,-5.625,107.359621,5.625,168.1358761,1.875,130.5115777,5.625,232.5471223,5.625,279.6286542,5.625,-58.85134509,1.875,-31.95023392,-1.875,252.5833587,-1.875,-95.3295421,5.625,229.3903838,-1.875,-69.0562458,-5.625,75.56366692,5.625,-86.40686709,1.875,310.8491573,5.625,198.1048666,1.875,37.20472778,-1.875,-8.820898206,-5.625,-63.91625118,-1.875,-68.33817489,5.625,193.0571374,-5.625
-8.722507309,5.625,-33.96134657,5.625,144.8710063,-1.875,214.4242425,5.625,162.7689658,-5.625,221.4611859,1.875,-27.63345871,1.875,145.8015485,-5.625,3.141129369,-1.875,131.1284055,-5.625,74.06007465,-1.875,179.3551451,-1.875,102.9580678,-5.625,-47.276174,5.625,270.5564139,-1.875,32.09993684,5.625,-14.47106351,1.875,-21.92808025,5.625,104.8592298,-1.875,130.588199,1.875,87.23458554,-1.875,4.935918158,5.625,78.79635941,1.875,-40.64187957,1.875,147.5049224,5.625,160.8611193,5.625,183.6939854,5.625,-43.12896702,-5.625,17.09348,5.625,40.79126033,-5.625,106.3542994,5.625,167.063341,1.875,129.4411113,5.625,231.4656067,5.625,277.9310421,5.625,-59.89714374,1.875,-30.48493851,-1.875,253.3974013,-1.875,-96.34214055,5.625,230.4392029,-1.875,-67.73507161,-5.625,74.52511161,5.625,-87.48723759,1.875,309.4735955,5.625,197.0666526,1.875,39.31556975,-1.875,-7.275489701,-5.625,-62.74401486,-1.875,-69.3183702,5.625,194.1672023,-5.625
-9.763863775,5.625,-34.97165975,5.625,146.0772674,-1.875,213.4085442,5.625,163.8435086,-5.625,220.4561947,1.875,-28.71139099,1.875,146.841706,-5.625,4.829802942,-1.875,132.1352779,-5.625,75.1542008,-1.875,180.6544713,-1.875,104.2490266,-5.625,-48.31988596,5.625,271.5739672,-1.875,30.91976035,5.625,-15.51450195,1.875,-23.00386173,5.625,105.9207396,-1.875,129.369409,1.875,88.26212701,-1.875,3.927885098,5.625,77.60709253,1.875,-41.65421266,1.875,146.4687109,5.625,159.8580667,5.625,182.4243625,5.625,-41.89264021,-5.625,16.02012639,5.625,42.01553216,-5.625,105.3489779,5.625,165.9908058,1.875,128.370645,5.625,230.3840911,5.625,276.23343,5.625,-60.94294238,1.875,-29.0196431,-1.875,254.4808921,-1.875,-97.35473901,5.625,231.3059955,-1.875,-66.41389742,-5.625,73.4865563,5.625,-88.56760809,1.875,308.0980337,5.625,196.0284386,1.875,41.42641171,-1.875,-5.730081196,-5.625,-61.57177853,-1.875,-70.39658503,5.625,195.2772672,-5.625
-10.80522024,5.625,-35.98197293,5.625,147.2835285,-1.875,212.3928459,5.625,164.9180514,-5.625,219.4512036,1.875,-29.52125746,1.875,147.8818635,-5.625,6.518476515,-1.875,133.1421503,-5.625,76.24832696,-1.875,181.9537976,-1.875,105.5399854,-5.625,-49.36359793,5.625,272.5915205,-1.875,29.73958386,5.625,-16.5579404,1.875,-23.81211227,5.625,106.9822493,-1.875,128.1506191,1.875,89.28966848,-1.875,2.919852039,5.625,76.41782564,1.875,-42.66654575,1.875,145.4324995,5.625,158.855014,5.625,181.1547396,5.625,-40.65631341,-5.625,14.94677279,5.625,43.23980399,-5.625,104.3436564,5.625,164.9182707,1.875,127.3001786,5.625,229.5715325,5.625,274.5358178,5.625,-61.98874103,1.875,-27.55434769,-1.875,255.5643828,-1.875,-98.36733747,5.625,232.3548146,-1.875,-65.09272323,-5.625,72.44800099,5.625,-89.64797859,1.875,306.7224718,5.625,194.9902246,1.875,43.53725368,-1.875,-4.184672691,-5.625,-60.3995422,-1.875,-71.37678034,5.625,196.3873321,-5.625
-11.84657671,5.625,-36.99228611,5.625,148.4897897,-1.875,211.3771476,5.625,165.9925943,-5.625,218.4462124,1.875,-30.59918973,1.875,148.9220209,-5.625,8.207150087,-1.875,134.1490227,-5.625,77.34245311,-1.875,183.2531238,-1.875,106.8309442,-5.625,-50.40730989,5.625,273.6090738,-1.875,28.55940737,5.625,-17.42028621,1.875,-24.88789374,5.625,108.0437591,-1.875,126.9318292,1.875,90.31720995,-1.875,1.91181898,5.625,75.22855876,1.875,-43.67887884,1.875,144.396288,5.625,157.8519613,5.625,179.8851168,5.625,-39.4199866,-5.625,13.87341919,5.625,44.46407582,-5.625,103.3383348,5.625,163.8457356,1.875,126.4959214,5.625,228.4900169,5.625,272.8382057,5.625,-63.03453967,1.875,-26.08905228,-1.875,256.6478736,-1.875,-99.37993592,5.625,233.4036336,-1.875,-63.77154904,-5.625,71.40944568,5.625,-90.7283491,1.875,305.34691,5.625,193.9520106,1.875,45.64809564,-1.875,-2.639264186,-5.625,-59.22730587,-1.875,-72.35697565,5.625,197.497397,-5.625
-12.88793317,5.625,-38.00259929,5.625,149.6960508,-1.875,210.3614493,5.625,167.0671371,-5.625,217.4412212,1.875,-31.67712201,1.875,149.9621784,-5.625,9.89582366,-1.875,135.1558952,-5.625,78.16448629,-1.875,184.5524501,-1.875,108.1219029,-5.625,-51.26988176,5.625,274.6266271,-1.875,27.37923088,5.625,-18.46372466,1.875,-25.96367522,5.625,109.1052689,-1.875,125.7130392,1.875,91.34475142,-1.875,0.90378592,5.625,74.03929187,1.875,-44.69121193,1.875,143.5399149,5.625,156.8489086,5.625,178.6154939,5.625,-38.1836598,-5.625,13.06699274,5.625,45.68834765,-5.625,102.3330133,5.625,162.7732004,1.875,125.425455,5.625,227.4085014,5.625,271.1405935,5.625,-64.08033832,1.875,-24.62375687,-1.875,257.4619163,-1.875,300,1.875,234.4524527,-1.875,-62.45037485,-5.625,70.37089037,5.625,-91.8087196,1.875,303.9713482,5.625,192.9137965,1.875,47.75893761,-1.875,-1.093855681,-5.625,-58.05506954,-1.875,-73.43519048,5.625,198.6074619,-5.625
-13.92928964,5.625,-39.01291247,5.625,150.9023119,-1.875,209.345751,5.625,168.1416799,-5.625,216.4362301,1.875,-32.75505428,1.875,151.0023359,-5.625,11.58449723,-1.875,136.1627676,-5.625,79.25861244,-1.875,185.8517763,-1.875,109.4128617,-5.625,-52.31359372,5.625,275.6441804,-1.875,26.19905439,5.625,-19.5071631,1.875,-27.03945669,5.625,110.1667787,-1.875,124.4942493,1.875,92.37229289,-1.875,-0.104247139,5.625,72.85002499,1.875,-45.70354502,1.875,142.5037035,5.625,155.8458559,5.625,177.345871,5.625,-36.947333,-5.625,11.99363914,5.625,46.91261948,-5.625,101.3276917,5.625,161.7006653,1.875,124.3549886,5.625,226.3269858,5.625,269.4429814,5.625,-65.12613697,1.875,-23.15846146,-1.875,258.545407,-1.875,298.0752456,1.875,235.5012717,-1.875,-61.12920066,-5.625,69.33233506,5.625,-92.8890901,1.875,302.5957863,5.625,191.8755825,1.875,49.86977957,-1.875,0.451552824,-5.625,-56.88283321,-1.875,-74.51340532,5.625,199.7175269,-5.625
-14.97064611,5.625,-40.02322565,5.625,152.108573,-1.875,208.3300527,5.625,169.2162228,-5.625,215.4312389,1.875,-33.56492075,1.875,152.0424933,-5.625,13.27317081,-1.875,137.16964,-5.625,80.3527386,-1.875,187.1511026,-1.875,110.7038205,-5.625,-53.35730568,5.625,276.6617338,-1.875,25.0188779,5.625,-20.55060154,1.875,-27.84770723,5.625,111.2282885,-1.875,123.2754594,1.875,93.39983435,-1.875,-1.112280198,5.625,71.6607581,1.875,-46.71587811,1.875,141.467492,5.625,154.8428032,5.625,176.0762481,5.625,-35.71100619,-5.625,10.92028554,5.625,48.13689131,-5.625,100.3223702,5.625,160.6281301,1.875,123.2845222,5.625,225.5144272,5.625,267.7453692,5.625,-66.17193561,1.875,-21.69316605,-1.875,259.6288978,-1.875,296.1504911,1.875,236.5500908,-1.875,-59.80802647,-5.625,68.29377975,5.625,-93.9694606,1.875,301.2202245,5.625,190.8373685,1.875,51.98062154,-1.875,1.996961329,-5.625,-55.71059688,-1.875,-75.59162016,5.625,200.8275918,-5.625
-15.83127129,5.625,-41.03353883,5.625,153.3148341,-1.875,207.3143544,5.625,170.2907656,-5.625,214.4262477,1.875,-34.64285302,1.875,153.0826508,-5.625,14.96184438,-1.875,138.1765124,-5.625,81.44686475,-1.875,188.4504289,-1.875,111.9947793,-5.625,-54.40101765,5.625,277.6792871,-1.875,23.83870141,5.625,-21.59403998,1.875,-28.92348871,5.625,112.2897982,-1.875,122.0566694,1.875,94.42737582,-1.875,-2.120313258,5.625,70.47149122,1.875,-47.7282112,1.875,140.4312806,5.625,153.8397505,5.625,174.8066252,5.625,-34.47467939,-5.625,9.84693194,5.625,49.36116314,-5.625,99.31704865,5.625,159.555595,1.875,122.480265,5.625,224.4329116,5.625,266.0477571,5.625,-67.21773426,1.875,-20.22787064,-1.875,260.7123886,-1.875,294.2257367,1.875,237.5989099,-1.875,-58.48685228,-5.625,67.25522444,5.625,-95.04983111,1.875,299.8446627,5.625,189.7991545,1.875,54.09146351,-1.875,3.542369834,-5.625,-54.53836056,-1.875,-76.66983499,5.625,201.9376567,-5.625
-16.87262775,5.625,-42.04385201,5.625,154.5210952,-1.875,206.2986561,5.625,171.3653085,-5.625,213.4212566,1.875,-35.7207853,1.875,154.1228083,-5.625,16.65051795,-1.875,139.1833849,-5.625,82.26889793,-1.875,189.7497551,-1.875,113.2857381,-5.625,-55.44472961,5.625,278.6968404,-1.875,22.79969512,5.625,-22.63747842,1.875,-29.99927018,5.625,113.351308,-1.875,120.8378795,1.875,95.45491729,-1.875,-3.128346317,5.625,69.28222433,1.875,-48.74054429,1.875,139.5749075,5.625,152.8366978,5.625,173.5370023,5.625,-33.23835258,-5.625,9.040505492,5.625,50.58543497,-5.625,98.31172711,5.625,158.4830598,1.875,121.4097986,5.625,223.3513961,5.625,264.3501449,5.625,-68.2635329,1.875,-18.76257523,-1.875,261.5264312,-1.875,292.3009822,1.875,238.6477289,-1.875,-57.1656781,-5.625,66.21666913,5.625,-96.13020161,1.875,298.4691008,5.625,188.7609405,1.875,56.20230547,-1.875,5.087778339,-5.625,-53.36612423,-1.875,-77.74804983,5.625,203.0477216,-5.625
-17.91398422,5.625,-43.05416518,5.625,155.7273564,-1.875,205.2829578,5.625,172.4398513,-5.625,212.4162654,1.875,-36.79871757,1.875,155.1629657,-5.625,18.33919152,-1.875,140.1902573,-5.625,83.36302408,-1.875,191.0490814,-1.875,114.5766969,-5.625,-56.48844157,5.625,279.7143937,-1.875,21.76068884,5.625,-23.68091686,1.875,-31.07505165,5.625,114.4128178,-1.875,119.6190895,1.875,96.48245876,-1.875,-4.136379376,5.625,68.09295745,1.875,-49.75287738,1.875,138.538696,5.625,151.8336452,5.625,172.2673795,5.625,-32.00202578,-5.625,7.967151891,5.625,51.8097068,-5.625,97.30640556,5.625,157.4105247,1.875,120.3393322,5.625,222.2698805,5.625,262.6525328,5.625,-69.30933155,1.875,-17.29727982,-1.875,262.609922,-1.875,290.3762278,1.875,239.5145216,-1.875,-55.84450391,-5.625,65.17811381,5.625,-97.21057211,1.875,297.093539,5.625,187.7227265,1.875,58.31314744,-1.875,6.633186844,-5.625,-52.1938879,-1.875,-78.82626467,5.625,204.1577865,-5.625
-18.95534068,5.625,-44.06447836,5.625,156.9336175,-1.875,204.2672595,5.625,173.5143941,-5.625,211.4112742,1.875,-37.60858404,1.875,156.2031232,-5.625,20.0278651,-1.875,141.1971297,-5.625,84.45715024,-1.875,192.3484076,-1.875,115.8676557,-5.625,-57.53215353,5.625,280.731947,-1.875,20.72168255,5.625,-24.7243553,1.875,-31.8833022,5.625,115.4743276,-1.875,118.4002996,1.875,97.51000023,-1.875,-5.144412436,5.625,66.90369056,1.875,-50.76521047,1.875,137.5024846,5.625,150.8305925,5.625,170.9977566,5.625,-30.76569898,-5.625,6.893798289,5.625,53.03397862,-5.625,96.30108402,5.625,156.3379896,1.875,119.2688659,5.625,221.188365,5.625,260.9549206,5.625,-70.3551302,1.875,-15.8319844,-1.875,263.6934128,-1.875,288.4514734,1.875,240.5633406,-1.875,-54.52332972,-5.625,64.1395585,5.625,-98.29094261,1.875,295.7179772,5.625,186.6845124,1.875,60.4239894,-1.875,8.178595349,-5.625,-51.02165157,-1.875,-79.9044795,5.625,205.2678514,-5.625
-19.81596586,5.625,-45.07479154,5.625,158.1398786,-1.875,203.2515611,5.625,174.588937,-5.625,210.406283,1.875,-38.68651632,1.875,157.2432807,-5.625,21.71653867,-1.875,142.2040022,-5.625,85.55127639,-1.875,193.6477339,-1.875,117.1586145,-5.625,-58.57586549,5.625,281.7495003,-1.875,19.68267626,5.625,-25.58670112,1.875,-32.95908367,5.625,116.5358374,-1.875,117.1815097,1.875,98.53754169,-1.875,-6.152445495,5.625,65.71442368,1.875,-51.77754356,1.875,136.4662731,5.625,149.8275398,5.625,169.7281337,5.625,-29.52937217,-5.625,5.820444687,5.625,54.25825045,-5.625,95.29576248,5.625,155.2654544,1.875,118.4646086,5.625,220.3758063,5.625,259.2573085,5.625,-71.40092884,1.875,-14.36668899,-1.875,264.7769035,-1.875,286.5267189,1.875,241.6121597,-1.875,-53.20215553,-5.625,63.10100319,5.625,-99.37131311,1.875,294.3424153,5.625,185.6462984,1.875,62.53483137,-1.875,9.724003854,-5.625,-49.84941524,-1.875,-80.98269434,5.625,206.3779163,-5.625
-20.85732233,5.625,-46.08510472,5.625,159.3461397,-1.875,202.2358628,5.625,175.6634798,-5.625,209.4012919,1.875,-39.76444859,1.875,158.2834381,-5.625,23.40521224,-1.875,143.2108746,-5.625,86.37330957,-1.875,194.9470601,-1.875,118.4495733,-5.625,-59.61957746,5.625,282.7670536,-1.875,18.64366998,5.625,-26.63013956,1.875,-34.03486514,5.625,117.5973472,-1.875,115.9627197,1.875,99.56508316,-1.875,-7.160478554,5.625,64.52515679,1.875,-52.78987665,1.875,135.4300617,5.625,148.8244871,5.625,168.4585108,5.625,-28.29304537,-5.625,5.01401824,5.625,55.48252228,-5.625,94.29044094,5.625,154.1929193,1.875,117.3941423,5.625,219.2942908,5.625,257.5596964,5.625,-72.44672749,1.875,-12.90139358,-1.875,265.5909462,-1.875,284.6019645,1.875,242.6609787,-1.875,-51.88098134,-5.625,62.06244788,5.625,320.9668535,5.625,292.9668535,5.625,184.6080844,1.875,64.64567334,-1.875,11.26941236,-5.625,-48.67717891,-1.875,-82.06090918,5.625,207.4879813,-5.625
-21.8986788,5.625,-47.0954179,5.625,160.5524008,-1.875,201.2201645,5.625,176.7380226,-5.625,208.3963007,1.875,-40.84238086,1.875,159.3235956,-5.625,25.09388581,-1.875,144.217747,-5.625,87.46743572,-1.875,196.2463864,-1.875,119.7405321,-5.625,-60.66328942,5.625,283.784607,-1.875,17.60466369,5.625,-27.673578,1.875,-35.11064662,5.625,118.6588569,-1.875,114.7439298,1.875,100.5926246,-1.875,-8.168511614,5.625,63.33588991,1.875,-53.80220974,1.875,134.3938502,5.625,147.8214344,5.625,167.1888879,5.625,-27.05671856,-5.625,3.940664638,5.625,56.70679411,-5.625,93.2851194,5.625,153.1203841,1.875,116.3236759,5.625,218.2127752,5.625,255.8620842,5.625,-73.49252613,1.875,-11.43609817,-1.875,266.674437,-1.875,282.67721,1.875,243.5277714,-1.875,-50.55980715,-5.625,61.02389257,5.625,319.866404,5.625,291.5912916,5.625,183.5698704,1.875,65.70478745,-1.875,12.81482086,-5.625,-47.50494258,-1.875,-83.13912401,5.625,208.5980462,-5.625
-22.94003526,5.625,-48.10573108,5.625,161.7586619,-1.875,200.2044662,5.625,177.8125655,-5.625,207.3913095,1.875,-41.65224734,1.875,160.3637531,-5.625,26.78255939,-1.875,145.2246194,-5.625,88.56156188,-1.875,197.5457127,-1.875,121.0314909,-5.625,-61.70700138,5.625,284.8021603,-1.875,16.5656574,5.625,-28.71701644,1.875,-35.91889716,5.625,119.7203667,-1.875,113.5251399,1.875,101.6201661,-1.875,-9.176544673,5.625,62.14662302,1.875,-54.81454283,1.875,133.3576388,5.625,146.8183817,5.625,165.919265,5.625,-25.82039176,-5.625,2.867311037,5.625,57.93106594,-5.625,92.27979786,5.625,152.047849,1.875,115.2532095,5.625,217.1312596,5.625,254.1644721,5.625,-74.53832478,1.875,-9.970802762,-1.875,267.7579277,-1.875,280.7524556,1.875,244.5765904,-1.875,-49.23863296,-5.625,59.98533726,5.625,318.7659545,5.625,290.2157298,5.625,182.5316564,1.875,66.76390157,-1.875,14.36022937,-5.625,-46.33270626,-1.875,-84.21733885,5.625,209.7081111,-5.625
-23.80066044,5.625,-49.11604426,5.625,162.964923,-1.875,199.1887679,5.625,178.8871083,-5.625,206.3863184,1.875,-42.73017961,1.875,161.4039105,-5.625,28.47123296,-1.875,146.2314919,-5.625,89.65568803,-1.875,198.8450389,-1.875,122.3224496,-5.625,-62.75071334,5.625,285.8197136,-1.875,15.52665112,5.625,-29.57936226,1.875,-36.99467863,5.625,120.7818765,-1.875,112.3063499,1.875,102.6477076,-1.875,-10.18457773,5.625,60.95735614,1.875,-55.82687592,1.875,132.3214273,5.625,145.815329,5.625,164.6496422,5.625,-24.58406496,-5.625,1.793957435,5.625,59.15533777,-5.625,91.27447632,5.625,150.9753138,1.875,114.4489523,5.625,216.318701,5.625,252.4668599,5.625,-75.58412343,1.875,-8.505507351,-1.875,268.8414185,-1.875,278.8277012,1.875,245.6254095,-1.875,-47.91745877,-5.625,58.94678195,5.625,317.6655051,5.625,288.840168,5.625,181.4934423,1.875,67.82301569,-1.875,15.90563787,-5.625,-45.16046993,-1.875,-85.29555369,5.625,210.818176,-5.625
-24.84201691,5.625,-50.12635744,5.625,164.1711842,-1.875,198.1730696,5.625,179.9616511,-5.625,205.3813272,1.875,-43.80811188,1.875,162.444068,-5.625,30.15990653,-1.875,147.2383643,-5.625,90.47772121,-1.875,200.1443652,-1.875,123.6134084,-5.625,-63.7944253,5.625,286.8372669,-1.875,14.48764483,5.625,-30.6228007,1.875,-38.07046011,5.625,121.8433863,-1.875,111.08756,1.875,103.675249,-1.875,-11.19261079,5.625,59.76808925,1.875,-56.83920901,1.875,131.4650542,5.625,144.8122764,5.625,163.3800193,5.625,-23.34773815,-5.625,0.987530988,5.625,60.3796096,-5.625,90.26915478,5.625,149.9027787,1.875,113.3784859,5.625,215.2371854,5.625,250.7692478,5.625,-76.62992207,1.875,-7.040211941,-1.875,269.6554611,-1.875,276.9029467,1.875,246.6742286,-1.875,-46.59628458,-5.625,57.90822664,5.625,316.5650556,5.625,287.4646061,5.625,180.4552283,1.875,68.88212981,-1.875,17.45104638,-5.625,-43.9882336,-1.875,-86.37376853,5.625,211.9282409,-5.625
-25.88337337,5.625,-51.13667062,5.625,165.3774453,-1.875,197.1573713,5.625,181.036194,-5.625,204.376336,1.875,-44.88604416,1.875,163.4842255,-5.625,31.8485801,-1.875,148.2452367,-5.625,91.57184736,-1.875,201.4436914,-1.875,124.9043672,-5.625,-64.83813727,5.625,287.8548202,-1.875,13.44863855,5.625,-31.66623914,1.875,-39.14624158,5.625,122.9048961,-1.875,109.8687701,1.875,104.7027905,-1.875,-12.20064385,5.625,58.57882237,1.875,-57.8515421,1.875,130.4288427,5.625,143.8092237,5.625,162.1103964,5.625,-22.11141135,-5.625,-0.085822614,5.625,61.60388143,-5.625,89.26383324,5.625,148.8302436,1.875,112.3080195,5.625,214.1556699,5.625,249.0716356,5.625,-77.67572072,1.875,-5.57491653,-1.875,270.7389519,-1.875,274.9781923,1.875,247.5410212,-1.875,-45.27511039,-5.625,56.86967133,5.625,315.4646061,5.625,286.0890443,5.625,179.4170143,1.875,69.94124393,-1.875,18.99645488,-5.625,-42.81599727,-1.875,-87.45198336,5.625,213.0383058,-5.625
-26.92472984,5.625,-52.1469838,5.625,166.5837064,-1.875,196.141673,5.625,182.1107368,-5.625,203.3713449,1.875,-45.69591063,1.875,164.5243829,-5.625,33.53725368,-1.875,149.2521091,-5.625,92.66597352,-1.875,202.7430177,-1.875,126.195326,-5.625,-65.88184923,5.625,288.8723735,-1.875,12.40963226,5.625,-32.70967758,1.875,-40.22202306,5.625,123.9664058,-1.875,108.6499801,1.875,105.730332,-1.875,-13.20867691,5.625,57.38955548,1.875,-58.86387518,1.875,129.3926313,5.625,142.806171,5.625,160.8407735,5.625,-20.87508454,-5.625,-1.159176215,5.625,62.82815326,-5.625,88.2585117,5.625,147.7577084,1.875,111.2375531,5.625,213.0741543,5.625,247.3740235,5.625,-78.72151936,1.875,-4.109621119,-1.875,271.8224427,-1.875,273.0534378,1.875,248.5898402,-1.875,-43.9539362,-5.625,55.83111602,5.625,314.3641567,5.625,284.7134825,5.625,178.3788003,1.875,71.00035805,-1.875,20.54186339,-5.625,-41.64376094,-1.875,-88.5301982,5.625,214.1483707,-5.625
-27.96608631,5.625,-53.15729698,5.625,167.7899675,-1.875,195.1259747,5.625,183.1852797,-5.625,202.3663537,1.875,-46.7738429,1.875,165.5645404,-5.625,35.22592725,-1.875,150.2589816,-5.625,93.76009967,-1.875,204.0423439,-1.875,127.4862848,-5.625,-66.92556119,5.625,289.8899268,-1.875,11.37062597,5.625,-33.5720234,1.875,-41.0302736,5.625,125.0279156,-1.875,107.4311902,1.875,106.7578734,-1.875,-14.21670997,5.625,56.2002886,1.875,-59.87620827,1.875,128.3564198,5.625,141.8031183,5.625,159.5711506,5.625,-19.63875774,-5.625,-2.232529817,5.625,64.05242509,-5.625,87.25319015,5.625,146.6851733,1.875,110.4332959,5.625,212.2615957,5.625,245.6764113,5.625,-79.76731801,1.875,-2.644325709,-1.875,272.9059334,-1.875,271.1286834,1.875,249.6386593,-1.875,-42.63276201,-5.625,54.79256071,5.625,313.2637072,5.625,283.3379206,5.625,177.3405863,1.875,72.05947216,-1.875,22.08727189,-5.625,-40.47152461,-1.875,-89.60841304,5.625,215.2584357,-5.625
-29.00744277,5.625,-54.16761016,5.625,168.9962286,-1.875,194.1102764,5.625,184.2598225,-5.625,201.3613625,1.875,-47.85177518,1.875,166.6046979,-5.625,36.91460082,-1.875,151.265854,-5.625,94.58213285,-1.875,205.3416702,-1.875,128.7772436,-5.625,-67.96927315,5.625,290.9074802,-1.875,10.33161969,5.625,-34.61546184,1.875,-42.10605507,5.625,126.0894254,-1.875,106.2124003,1.875,107.7854149,-1.875,-15.22474303,5.625,55.01102171,1.875,-60.88854136,1.875,127.5000467,5.625,140.8000656,5.625,158.3015278,5.625,-18.40243094,-5.625,-3.038956264,5.625,65.27669691,-5.625,86.24786861,5.625,145.6126381,1.875,109.3628295,5.625,211.1800801,5.625,243.9787992,5.625,-80.81311666,1.875,-1.179030298,-1.875,273.9894242,-1.875,269.203929,1.875,250.6874784,-1.875,-41.31158783,-5.625,53.75400539,5.625,312.1632577,5.625,281.9623588,5.625,176.3023722,1.875,73.11858628,-1.875,23.6326804,-5.625,-39.29928828,-1.875,-90.68662787,5.625,216.3685006,-5.625
-30.04879924,5.625,-55.17792334,5.625,170.2024897,-1.875,193.0945781,5.625,185.3343653,-5.625,200.3563713,1.875,-48.92970745,1.875,167.6448553,-5.625,38.6032744,-1.875,152.2727264,-5.625,95.676259,-1.875,206.6409964,-1.875,130.0682024,-5.625,-69.01298512,5.625,291.9250335,-1.875,9.2926134,5.625,-35.65890028,1.875,-43.18183655,5.625,127.1509352,-1.875,104.9936103,1.875,108.8129564,-1.875,-16.23277609,5.625,53.82175483,1.875,-61.90087445,1.875,126.4638353,5.625,139.7970129,5.625,157.0319049,5.625,-17.16610413,-5.625,-4.112309866,5.625,66.50096874,-5.625,85.24254707,5.625,144.540103,1.875,108.2923632,5.625,210.0985646,5.625,242.281187,5.625,-81.8589153,1.875,0.286265113,-1.875,274.8034669,-1.875,267.2791745,1.875,251.7362974,-1.875,-39.99041364,-5.625,52.71545008,5.625,311.0628083,5.625,280.586797,5.625,175.2641582,1.875,74.1777004,-1.875,25.1780889,-5.625,-38.12705196,-1.875,-91.76484271,5.625,217.4785655,-5.625
-31.0901557,5.625,-56.18823652,5.625,171.4087508,-1.875,192.0788798,5.625,186.4089082,-5.625,199.3513802,1.875,-49.73957392,1.875,168.6850128,-5.625,40.29194797,-1.875,153.2795989,-5.625,96.77038516,-1.875,207.9403227,-1.875,131.3591612,-5.625,-70.05669708,5.625,292.9425868,-1.875,8.253607114,5.625,-36.70233872,1.875,-44.25761802,5.625,128.212445,-1.875,103.7748204,1.875,109.8404978,-1.875,-17.24080915,5.625,52.63248794,1.875,-62.91320754,1.875,125.4276238,5.625,138.7939602,5.625,155.762282,5.625,-15.92977733,-5.625,-5.185663468,5.625,67.72524057,-5.625,84.23722553,5.625,143.4675678,1.875,107.2218968,5.625,209.017049,5.625,240.5835749,5.625,-82.90471395,1.875,1.751560523,-1.875,275.8869576,-1.875,265.3544201,1.875,252.7851165,-1.875,-38.66923945,-5.625,51.67689477,5.625,309.9623588,5.625,279.2112351,5.625,174.2259442,1.875,75.23681452,-1.875,26.72349741,-5.625,-36.95481563,-1.875,-92.84305755,5.625,218.5886304,-5.625
-32.13151217,5.625,-57.1985497,5.625,172.615012,-1.875,191.0631815,5.625,187.483451,-5.625,198.346389,1.875,-50.81750619,1.875,169.7251703,-5.625,41.98062154,-1.875,154.2864713,-5.625,97.86451131,-1.875,209.239649,-1.875,132.65012,-5.625,-71.10040904,5.625,293.9601401,-1.875,7.214600828,5.625,-37.74577717,1.875,-45.06586856,5.625,129.2739547,-1.875,102.5560305,1.875,110.8680393,-1.875,-18.24884221,5.625,51.44322106,1.875,-63.92554063,1.875,124.3914124,5.625,137.7909076,5.625,154.4926591,5.625,-14.69345052,-5.625,-6.259017069,5.625,68.9495124,-5.625,83.23190399,5.625,142.3950327,1.875,106.4176395,5.625,208.2044904,5.625,238.8859627,5.625,-83.9505126,1.875,3.216855934,-1.875,276.9704484,-1.875,263.4296656,1.875,253.8339356,-1.875,-37.34806526,-5.625,50.63833946,5.625,308.8619093,5.625,277.8356733,5.625,173.1877302,1.875,76.29592864,-1.875,28.26890591,-5.625,-35.7825793,-1.875,-93.92127238,5.625,219.6986953,-5.625
-32.99213735,5.625,-58.20886288,5.625,173.8212731,-1.875,190.0474832,5.625,188.5579938,-5.625,197.3413978,1.875,-51.89543847,1.875,170.7653277,-5.625,43.66929511,-1.875,155.2933437,-5.625,98.95863747,-1.875,210.5389752,-1.875,133.9410788,-5.625,-72.144121,5.625,294.9776934,-1.875,6.175594541,5.625,-38.78921561,1.875,-46.14165004,5.625,130.3354645,-1.875,101.3372405,1.875,111.8955808,-1.875,-19.25687527,5.625,50.25395417,1.875,-64.93787372,1.875,123.5350393,5.625,136.7878549,5.625,153.2230362,5.625,-13.45712372,-5.625,-7.065443517,5.625,70.17378423,-5.625,82.22658245,5.625,141.3224976,1.875,105.3471732,5.625,207.1229748,5.625,237.1883506,5.625,-84.99631124,1.875,4.682151345,-1.875,278.0539392,-1.875,261.5049112,1.875,254.8827546,-1.875,-36.02689107,-5.625,49.59978415,5.625,307.7614599,5.625,276.4601114,5.625,172.1495162,1.875,77.35504275,-1.875,29.81431442,-5.625,-34.61034297,-1.875,-94.99948722,5.625,220.8087602,-5.625
-34.03349382,5.625,-59.21917605,5.625,175.0275342,-1.875,189.0317849,5.625,189.6325367,-5.625,196.3364067,1.875,-52.97337074,1.875,171.8054852,-5.625,45.35796869,-1.875,156.3002161,-5.625,99.78067064,-1.875,211.8383015,-1.875,135.2320375,-5.625,-73.18783296,5.625,295.9952467,-1.875,5.136588255,5.625,-39.83265405,1.875,-47.21743151,5.625,131.3969743,-1.875,100.1184506,1.875,112.9231222,-1.875,-20.26490833,5.625,49.06468729,1.875,-65.95020681,1.875,122.4988278,5.625,135.7848022,5.625,151.9534133,5.625,-12.22079692,-5.625,-8.138797118,5.625,71.39805606,-5.625,81.22126091,5.625,140.2499624,1.875,104.2767068,5.625,206.0414593,5.625,235.4907385,5.625,-86.04210989,1.875,6.147446755,-1.875,278.8679818,-1.875,259.5801568,1.875,255.9315737,-1.875,-34.70571688,-5.625,48.56122884,5.625,306.6610104,5.625,275.0845496,5.625,171.1113022,1.875,78.41415687,-1.875,31.35972292,-5.625,-33.43810664,-1.875,-96.07770206,5.625,221.9188251,-5.625
-35.07485028,5.625,-60.22948923,5.625,176.2337953,-1.875,188.0160866,5.625,190.7070795,-5.625,195.3314155,1.875,-53.78323721,1.875,172.8456427,-5.625,47.04664226,-1.875,157.3070886,-5.625,100.8747968,-1.875,213.1376277,-1.875,136.5229963,-5.625,-74.23154493,5.625,297.0128,-1.875,4.097581969,5.625,-40.87609249,1.875,-48.29321298,5.625,132.4584841,-1.875,98.89966064,1.875,113.9506637,-1.875,-21.27294138,5.625,47.8754204,1.875,-66.9625399,1.875,121.4626164,5.625,134.7817495,5.625,150.6837905,5.625,-10.98447011,-5.625,-9.21215072,5.625,72.62232789,-5.625,80.21593937,5.625,139.1774273,1.875,103.2062404,5.625,204.9599437,5.625,233.7931263,5.625,-87.08790853,1.875,7.612742166,-1.875,279.9514726,-1.875,257.6554023,1.875,256.7983663,-1.875,-33.38454269,-5.625,47.52267353,5.625,305.5605609,5.625,273.7089878,5.625,170.0730881,1.875,79.47327099,-1.875,32.90513143,-5.625,-32.26587031,-1.875,-97.1559169,5.625,223.0288901,-5.625
-36.11620675,5.625,-61.23980241,5.625,177.4400564,-1.875,187.0003883,5.625,191.7816224,-5.625,194.3264243,1.875,-54.86116949,1.875,173.8858001,-5.625,48.73531583,-1.875,158.313961,-5.625,101.968923,-1.875,214.436954,-1.875,137.8139551,-5.625,-75.27525689,5.625,298.0303534,-1.875,3.058575682,5.625,-41.73843831,1.875,-49.10146353,5.625,133.5199939,-1.875,97.68087071,1.875,114.9782052,-1.875,-22.28097444,5.625,46.68615352,1.875,-67.97487299,1.875,120.4264049,5.625,133.7786968,5.625,149.4141676,5.625,-9.748143309,-5.625,-10.28550432,5.625,73.84659972,-5.625,79.21061783,5.625,138.1048921,1.875,102.4019832,5.625,204.1473851,5.625,232.0955142,5.625,-88.13370718,1.875,9.078037577,-1.875,281.0349634,-1.875,255.7306479,1.875,257.8471854,-1.875,-32.0633685,-5.625,46.48411822,5.625,304.4601114,5.625,272.3334259,5.625,169.0348741,1.875,80.53238511,-1.875,34.45053993,-5.625,-31.09363398,-1.875,-98.23413173,5.625,224.138955,-5.625
-36.97683193,5.625,-62.25011559,5.625,178.6463175,-1.875,185.98469,5.625,192.8561652,-5.625,193.3214332,1.875,-55.93910176,1.875,174.9259576,-5.625,50.4239894,-1.875,159.3208334,-5.625,103.0630491,-1.875,215.7362802,-1.875,139.1049139,-5.625,-76.31896885,5.625,299.0479067,-1.875,2.019569396,5.625,-42.78187675,1.875,-50.177245,5.625,134.5815037,-1.875,96.46208077,1.875,116.0057467,-1.875,-23.2890075,5.625,45.49688663,1.875,-68.98720608,1.875,119.3901935,5.625,132.7756441,5.625,148.1445447,5.625,-8.511816505,-5.625,-11.35885792,5.625,75.07087155,-5.625,78.20529629,5.625,137.032357,1.875,101.3315168,5.625,203.0658695,5.625,230.397902,5.625,-89.17950583,1.875,10.54333299,-1.875,282.1184541,-1.875,253.8058934,1.875,258.8960044,-1.875,-30.74219431,-5.625,45.44556291,5.625,303.359662,5.625,270.9578641,5.625,167.9966601,1.875,81.59149923,-1.875,35.99594844,-5.625,-29.92139766,-1.875,-99.31234657,5.625,225.2490199,-5.625
-38.01818839,5.625,-63.26042877,5.625,179.8525787,-1.875,184.9689916,5.625,193.930708,-5.625,192.316442,1.875,-57.01703403,1.875,175.9661151,-5.625,52.11266298,-1.875,160.3277058,-5.625,103.8850823,-1.875,217.0356065,-1.875,140.3958727,-5.625,-77.36268081,5.625,-100,-1.875,0.98056311,5.625,-43.82531519,1.875,-51.25302647,5.625,135.6430134,-1.875,95.24329084,1.875,117.0332881,-1.875,-24.29704056,5.625,44.30761975,1.875,-69.99953917,1.875,118.353982,5.625,131.7725914,5.625,146.8749218,5.625,-7.275489701,-5.625,-12.16528437,5.625,76.29514338,-5.625,77.19997474,5.625,135.9598218,1.875,100.2610504,5.625,201.984354,5.625,228.7002899,5.625,-90.22530447,1.875,12.0086284,-1.875,282.9324968,-1.875,251.881139,1.875,259.9448235,-1.875,-29.42102012,-5.625,44.4070076,5.625,302.2592125,5.625,269.5823023,5.625,166.9584461,1.875,82.65061335,-1.875,37.54135694,-5.625,-28.74916133,-1.875,300,1.875,226.3590848,-5.625
-39.05954486,5.625,-64.27074195,5.625,181.0588398,-1.875,183.9532933,5.625,195.0052509,-5.625,191.3114508,1.875,-57.82690051,1.875,177.0062725,-5.625,53.80133655,-1.875,161.3345783,-5.625,104.9792084,-1.875,218.3349327,-1.875,141.6868315,-5.625,-78.40639277,5.625,-97.10482983,-1.875,-0.058443177,5.625,-44.86875363,1.875,-52.32880795,5.625,136.7045232,-1.875,94.0245009,1.875,118.0608296,-1.875,-25.30507362,5.625,43.11835287,1.875,-71.01187226,1.875,117.3177706,5.625,130.7695388,5.625,145.6052989,5.625,-6.039162897,-5.625,-13.23863797,5.625,77.5194152,-5.625,76.1946532,5.625,134.8872867,1.875,99.19058405,5.625,200.9028384,5.625,227.0026777,5.625,-91.27110312,1.875,13.47392381,-1.875,284.0159876,-1.875,249.9563846,1.875,260.8116161,-1.875,-28.09984593,-5.625,43.36845229,5.625,301.158763,5.625,268.2067404,5.625,165.9202321,1.875,83.70972746,-1.875,39.08676545,-5.625,-27.576925,-1.875,298.9530975,1.875,227.4691497,-5.625
-40.10090132,5.625,-65.28105513,5.625,182.2651009,-1.875,182.937595,5.625,196.0797937,-5.625,190.3064596,1.875,-58.90483278,1.875,178.04643,-5.625,55.49001012,-1.875,162.3414507,-5.625,106.0733346,-1.875,219.634259,-1.875,142.9777903,-5.625,-79.45010474,5.625,-94.20965966,-1.875,-1.097449463,5.625,-45.73109945,1.875,-53.13705849,5.625,137.766033,-1.875,92.80571097,1.875,119.0883711,-1.875,-26.31310668,5.625,41.92908598,1.875,-72.02420535,1.875,116.2815591,5.625,129.7664861,5.625,144.3356761,5.625,-4.802836093,-5.625,-14.31199157,5.625,78.74368703,-5.625,75.18933166,5.625,133.8147515,1.875,98.38632681,5.625,200.0902798,5.625,225.3050656,5.625,-92.31690176,1.875,14.93921922,-1.875,285.0994783,-1.875,248.0316301,1.875,261.8604352,-1.875,-26.77867174,-5.625,42.32989697,5.625,300.0583136,5.625,266.8311786,5.625,164.882018,1.875,84.76884158,-1.875,40.63217395,-5.625,-26.40468867,-1.875,297.9061951,1.875,228.5792146,-5.625
-41.14225779,5.625,-66.29136831,5.625,183.471362,-1.875,181.9218967,5.625,197.1543365,-5.625,189.3014685,1.875,-59.98276505,1.875,179.0865875,-5.625,57.17868369,-1.875,163.3483231,-5.625,107.1674608,-1.875,220.9335853,-1.875,144.2687491,-5.625,-80.4938167,5.625,-91.31448949,-1.875,-2.136455749,5.625,-46.77453789,1.875,-54.21283996,5.625,138.8275428,-1.875,91.58692103,1.875,120.1159125,-1.875,-27.32113974,5.625,40.7398191,1.875,-73.03653844,1.875,115.425186,5.625,128.7634334,5.625,143.0660532,5.625,-3.566509289,-5.625,-15.38534517,5.625,79.96795886,-5.625,74.18401012,5.625,132.7422164,1.875,97.31586044,5.625,199.0087642,5.625,223.6074534,5.625,-93.36270041,1.875,16.40451463,-1.875,286.1829691,-1.875,246.1068757,1.875,262.9092542,-1.875,-25.69070416,-5.625,41.29134166,5.625,298.9578641,5.625,265.4556168,5.625,163.843804,1.875,85.8279557,-1.875,42.17758246,-5.625,-25.23245234,-1.875,296.8592926,1.875,229.6892795,-5.625
-42.18361426,5.625,-67.30168149,5.625,184.6776231,-1.875,180.9061984,5.625,198.2288794,-5.625,188.2964773,1.875,-61.06069733,1.875,180.1267449,-5.625,58.86735727,-1.875,164.3551956,-5.625,107.9894939,-1.875,222.2329115,-1.875,145.5597079,-5.625,-81.53752866,5.625,-88.41931932,-1.875,-3.175462036,5.625,-47.81797633,1.875,-55.28862144,5.625,139.8890526,-1.875,90.3681311,1.875,121.143454,-1.875,-28.3291728,5.625,39.55055221,1.875,-74.04887153,1.875,114.3889746,5.625,127.7603807,5.625,141.7964303,5.625,-2.330182485,-5.625,-16.19177162,5.625,81.19223069,-5.625,73.17868858,5.625,131.6696813,1.875,96.24539406,5.625,197.9272486,5.625,221.9098413,5.625,-94.40849906,1.875,17.86981004,-1.875,287.2664599,-1.875,244.1821212,1.875,263.9580733,-1.875,-24.60273657,-5.625,40.25278635,5.625,297.8574146,5.625,264.0800549,5.625,162.80559,1.875,86.88706982,-1.875,43.72299096,-5.625,-24.06021601,-1.875,295.8123902,1.875,230.7993445,-5.625
-43.22497072,5.625,-68.31199467,5.625,185.8838842,-1.875,179.8905001,5.625,199.3034222,-5.625,187.2914861,1.875,-61.8705638,1.875,181.1669024,-5.625,60.55603084,-1.875,165.362068,-5.625,109.0836201,-1.875,223.5322378,-1.875,146.8506667,-5.625,-82.58124062,5.625,-85.52414915,-1.875,-4.214468322,5.625,-48.86141477,1.875,-56.36440291,5.625,140.9505623,-1.875,89.14934116,1.875,122.1709955,-1.875,-29.33720586,5.625,38.36128533,1.875,-75.06120462,1.875,113.3527631,5.625,126.757328,5.625,140.5268074,5.625,-1.093855681,-5.625,-17.26512522,5.625,82.41650252,-5.625,72.17336704,5.625,130.5971461,1.875,95.17492768,5.625,196.8457331,5.625,220.2122291,5.625,-95.4542977,1.875,19.33510545,-1.875,288.3499506,-1.875,242.2573668,1.875,265.0068924,-1.875,-23.51476898,-5.625,39.21423104,5.625,296.7569652,5.625,262.7044931,5.625,161.767376,1.875,87.94618394,-1.875,45.26839947,-5.625,-22.88797968,-1.875,294.7654877,1.875,231.9094094,-5.625
-44.26632719,5.625,-69.32230785,5.625,187.0901453,-1.875,178.8748018,5.625,200.3779651,-5.625,186.286495,1.875,-62.94849607,1.875,182.2070599,-5.625,62.24470441,-1.875,166.3689404,-5.625,110.1777462,-1.875,224.831564,-1.875,148.1416254,-5.625,-83.62495259,5.625,-82.62897898,-1.875,-5.253474608,5.625,-49.90485321,1.875,-57.17265345,5.625,142.0120721,-1.875,87.93055123,1.875,123.1985369,-1.875,-30.34523892,5.625,37.17201844,1.875,-76.0735377,1.875,112.3165517,5.625,125.7542753,5.625,139.2571845,5.625,0.142471123,-5.625,-18.33847883,5.625,83.64077435,-5.625,71.1680455,5.625,129.524611,1.875,94.10446131,5.625,196.0331744,5.625,218.514617,5.625,-96.50009635,1.875,20.80040086,-1.875,289.4334414,-1.875,240.3326124,1.875,266.0557114,-1.875,-22.42680139,-5.625,38.17567573,5.625,295.6565157,5.625,261.3289313,5.625,160.729162,1.875,89.00529806,-1.875,46.81380797,-5.625,-21.71574336,-1.875,293.7185852,1.875,233.0194743,-5.625
-45.12695237,5.625,-70.33262103,5.625,188.2964065,-1.875,177.8591035,5.625,201.4525079,-5.625,185.2815038,1.875,-64.02642835,1.875,183.2472173,-5.625,63.93337799,-1.875,167.3758128,-5.625,111.2718724,-1.875,226.1308903,-1.875,149.4325842,-5.625,-84.66866455,5.625,-79.73380881,-1.875,-6.292480895,5.625,-50.94829165,1.875,-58.24843493,5.625,143.0735819,-1.875,86.71176129,1.875,124.2260784,-1.875,-31.35327198,5.625,35.98275156,1.875,-77.08587079,1.875,111.2803402,5.625,124.7512226,5.625,137.9875616,5.625,1.378797927,-5.625,-19.41183243,5.625,84.86504618,-5.625,70.16272396,5.625,128.4520758,1.875,93.30020407,5.625,194.9516589,5.625,217.6494045,5.625,-97.54589499,1.875,22.26569627,-1.875,290.5169322,-1.875,238.4078579,1.875,267.1045305,-1.875,-21.33883381,-5.625,37.13712042,5.625,294.5560662,5.625,259.9533694,5.625,159.6909479,1.875,90.06441217,-1.875,48.35921648,-5.625,-20.54350703,-1.875,292.6716828,1.875,234.1295392,-5.625
-46.16830883,5.625,-71.34293421,5.625,189.5026676,-1.875,176.8434052,5.625,202.5270507,-5.625,184.2765126,1.875,-65.10436062,1.875,184.2873748,-5.625,65.62205156,-1.875,168.3826853,-5.625,112.0939056,-1.875,227.4302165,-1.875,150.723543,-5.625,-85.71237651,5.625,-76.83863864,-1.875,-7.331487181,5.625,-51.99173009,1.875,-59.3242164,5.625,144.1350917,-1.875,85.49297135,1.875,125.2536199,-1.875,-32.36130504,5.625,34.79348467,1.875,-78.09820388,1.875,110.4239671,5.625,123.7481699,5.625,136.7179388,5.625,2.615124731,-5.625,-20.21825887,5.625,86.08931801,-5.625,69.15740242,5.625,127.3795407,1.875,92.2297377,5.625,193.8701433,5.625,216.7841921,5.625,-98.59169364,1.875,23.73099168,-1.875,291.6004229,-1.875,236.4831035,1.875,268.1533496,-1.875,-20.25086622,-5.625,36.09856511,5.625,293.4556168,5.625,258.5778076,5.625,158.6527339,1.875,91.12352629,-1.875,49.90462498,-5.625,-19.3712707,-1.875,291.6247803,1.875,235.2396041,-5.625
-47.2096653,5.625,-72.35324739,5.625,190.7089287,-1.875,175.8277069,5.625,203.6015936,-5.625,183.2715215,1.875,-65.91422709,1.875,185.3275323,-5.625,67.31072513,-1.875,169.3895577,-5.625,113.1880317,-1.875,228.7295428,-1.875,152.0145018,-5.625,-86.75608847,5.625,-73.94346847,-1.875,-8.190170062,5.625,-53.03516853,1.875,-60.39999787,5.625,145.1966015,-1.875,84.27418142,1.875,126.2811613,-1.875,-33.3693381,5.625,33.60421779,1.875,-79.11053697,1.875,109.3877556,5.625,122.7451173,5.625,135.9154966,5.625,3.851451535,-5.625,-21.29161248,5.625,87.31358984,-5.625,68.15208088,5.625,126.3070055,1.875,91.15927132,5.625,192.7886278,5.625,215.9189797,5.625,-99.63749229,1.875,25.19628709,-1.875,292.6839137,-1.875,234.558349,1.875,269.2021686,-1.875,-19.16289863,-5.625,35.0600098,5.625,292.3551673,5.625,257.2022457,5.625,157.6145199,1.875,92.18264041,-1.875,51.45003349,-5.625,-18.19903437,-1.875,290.5778778,1.875,236.349669,-5.625
-48.25102177,5.625,-73.36356057,5.625,191.9151898,-1.875,174.8120086,5.625,204.6761364,-5.625,182.2665303,1.875,-66.99215936,1.875,186.3676897,-5.625,68.9993987,-1.875,170.3964301,-5.625,114.2821579,-1.875,230.0288691,-1.875,153.3054606,-5.625,-87.79980043,5.625,-71.0482983,-1.875,-9.229176348,5.625,-53.89751435,1.875,-61.20824842,5.625,146.2581112,-1.875,83.05539148,1.875,127.3087028,-1.875,-34.37737116,5.625,32.4149509,1.875,-80.12287006,1.875,108.3515442,5.625,121.7420646,5.625,134.8474461,5.625,5.087778339,-5.625,-22.36496608,5.625,88.53786167,-5.625,67.14675934,5.625,125.2344704,1.875,90.08880494,5.625,191.9760691,5.625,214.8720726,5.625,-100,-5.625,26.66158251,-1.875,293.7674045,-1.875,232.6335946,1.875,270.2509877,-1.875,-18.07493104,-5.625,34.02145449,5.625,291.2547178,5.625,255.8266839,5.625,156.5763059,1.875,93.24175453,-1.875,52.99544199,-5.625,-17.02679804,-1.875,289.5309754,1.875,237.4597339,-5.625
-49.11164695,5.625,-74.37387375,5.625,193.1214509,-1.875,173.7963103,5.625,205.7506792,-5.625,181.2615391,1.875,-68.07009164,1.875,187.4078472,-5.625,70.68807228,-1.875,171.4033025,-5.625,115.376284,-1.875,231.3281953,-1.875,154.5964194,-5.625,-88.8435124,5.625,-68.15312813,-1.875,-10.26818263,5.625,-54.94095279,1.875,-62.28402989,5.625,147.319621,-1.875,81.83660155,1.875,128.3362443,-1.875,-35.38540422,5.625,31.22568402,1.875,-81.13520315,1.875,107.3153327,5.625,120.7390119,5.625,133.7793956,5.625,6.324105143,-5.625,-23.43831968,5.625,89.76213349,-5.625,66.14143779,5.625,124.1619353,1.875,89.28454771,5.625,190.8945536,5.625,214.0068602,5.625,-97.5937973,-5.625,28.12687792,-1.875,294.8508952,-1.875,230.7088402,1.875,271.2998068,-1.875,-16.98696346,-5.625,32.98289918,5.625,290.1542684,5.625,254.4511221,5.625,155.5380919,1.875,94.30086865,-1.875,54.5408505,-5.625,-15.85456171,-1.875,288.4840729,1.875,238.5697989,-5.625
-50.15300341,5.625,-75.38418692,5.625,194.327712,-1.875,172.780612,5.625,206.8252221,-5.625,180.2565479,1.875,-69.14802391,1.875,188.4480046,-5.625,72.37674585,-1.875,172.410175,-5.625,116.1983172,-1.875,232.6275216,-1.875,155.8873782,-5.625,-89.88722436,5.625,-65.25795796,-1.875,-11.30718892,5.625,-55.98439124,1.875,-63.35981136,5.625,148.3811308,-1.875,80.61781161,1.875,129.3637857,-1.875,-36.39343727,5.625,30.03641713,1.875,-82.14753624,1.875,106.2791213,5.625,119.7359592,5.625,132.7113451,5.625,7.560431947,-5.625,-24.24474613,5.625,90.98640532,-5.625,65.13611625,5.625,123.0894001,1.875,88.21408133,5.625,189.813038,5.625,212.9599531,5.625,-95.1875946,-5.625,29.59217333,-1.875,295.934386,-1.875,228.7840857,1.875,272.3486258,-1.875,-15.89899587,-5.625,31.94434386,5.625,289.0538189,5.625,253.0755602,5.625,154.4998779,1.875,95.17616957,-1.875,56.086259,-5.625,-14.68232538,-1.875,287.4371705,1.875,239.6798638,-5.625
-51.19435988,5.625,-76.3945001,5.625,195.5339731,-1.875,171.7649137,5.625,207.8997649,-5.625,179.2515568,1.875,-69.95789038,1.875,189.4881621,-5.625,73.40196832,-1.875,173.4170474,-5.625,117.2924434,-1.875,233.9268478,-1.875,157.178337,-5.625,-90.93093632,5.625,-62.36278779,-1.875,-12.1658718,5.625,-57.02782968,1.875,-64.43559284,5.625,149.4426406,-1.875,79.39902168,1.875,130.3913272,-1.875,-37.40147033,5.625,28.84715025,1.875,-83.15986933,1.875,105.2429098,5.625,118.7329065,5.625,131.908903,5.625,8.796758751,-5.625,-25.31809973,5.625,92.21067715,-5.625,64.13079471,5.625,122.016865,1.875,87.14361496,5.625,188.7315225,5.625,211.913046,5.625,-92.7813919,-5.625,31.05746874,-1.875,297.0178768,-1.875,226.8593313,1.875,273.3974449,-1.875,-14.81102828,-5.625,30.90578855,5.625,287.9533694,5.625,251.6999984,5.625,153.4616638,1.875,96.23528369,-1.875,57.63166751,-5.625,-13.51008906,-1.875,286.390268,1.875,240.7899287,-5.625
-52.23571634,5.625,-77.40481328,5.625,196.7402343,-1.875,170.7492154,5.625,208.9743077,-5.625,178.2465656,1.875,-71.03582266,1.875,190.5283196,-5.625,74.42719078,-1.875,174.4239198,-5.625,118.3865695,-1.875,235.2261741,-1.875,158.4692958,-5.625,-91.97464828,5.625,-59.46761761,-1.875,-13.20487809,5.625,-57.8901755,1.875,-65.24384338,5.625,150.5041504,-1.875,78.18023174,1.875,131.4188687,-1.875,-38.40950339,5.625,27.65788336,1.875,-84.17220242,1.875,104.2066984,5.625,117.7298538,5.625,130.8408525,5.625,10.03308556,-5.625,-26.39145333,5.625,93.43494898,-5.625,63.12547317,5.625,120.9443298,1.875,86.07314858,5.625,187.9189638,5.625,210.866139,5.625,-90.3751892,-5.625,32.52276415,-1.875,298.1013676,-1.875,224.9345768,1.875,274.446264,-1.875,-13.72306069,-5.625,29.86723324,5.625,286.8529199,5.625,250.3244366,5.625,152.4234498,1.875,97.29439781,-1.875,59.17707601,-5.625,-12.33785273,-1.875,285.3433655,1.875,241.8999936,-5.625
-53.27707281,5.625,-78.41512646,5.625,197.9464954,-1.875,169.7335171,5.625,210.0488506,-5.625,177.2415744,1.875,-72.11375493,1.875,191.568477,-5.625,75.45241325,-1.875,175.4307923,-5.625,119.4806957,-1.875,236.5255003,-1.875,159.7602546,-5.625,-93.01836024,5.625,-56.57244744,-1.875,-14.24388437,5.625,-58.93361394,1.875,-66.31962485,5.625,151.5656601,-1.875,76.96144181,1.875,132.4464101,-1.875,-39.41753645,5.625,26.46861648,1.875,-85.18453551,1.875,103.1704869,5.625,116.7268011,5.625,129.772802,5.625,11.26941236,-5.625,-27.46480693,5.625,94.65922081,-5.625,62.12015163,5.625,119.8717947,1.875,85.26889135,5.625,186.8374483,5.625,210.0009265,5.625,-87.9689865,-5.625,33.98805956,-1.875,299.1848583,-1.875,223.0098224,1.875,275.495083,-1.875,-12.63509311,-5.625,28.82867793,5.625,285.7524705,5.625,248.9488747,5.625,151.3852358,1.875,98.35351193,-1.875,60.72248452,-5.625,-11.1656164,-1.875,284.2964631,1.875,243.0100585,-5.625
-54.31842928,5.625,-79.42543964,5.625,199.1527565,-1.875,168.7178188,5.625,211.1233934,-5.625,176.2365833,1.875,-73.1916872,1.875,192.6086345,-5.625,76.47763571,-1.875,176.4376647,-5.625,120.3027288,-1.875,237.8248266,-1.875,161.0512133,-5.625,-94.06207221,5.625,-53.67727727,-1.875,-15.28289066,5.625,-59.97705238,1.875,-67.39540633,5.625,152.6271699,-1.875,75.74265187,1.875,133.4739516,-1.875,-40.42556951,5.625,25.27934959,1.875,-86.1968686,1.875,102.3141138,5.625,115.7237485,5.625,128.7047515,5.625,12.50573916,-5.625,-28.27123338,5.625,95.88349264,-5.625,61.11483009,5.625,118.7992595,1.875,84.19842497,5.625,185.7559327,5.625,208.9540195,5.625,-85.5627838,-5.625,35.45335497,-1.875,303.2495606,1.875,221.085068,1.875,276.5439021,-1.875,-11.54712552,-5.625,27.79012262,5.625,284.652021,5.625,247.5733129,5.625,150.3470218,1.875,99.22881285,-1.875,62.26789302,-5.625,-9.993380071,-1.875,283.2495606,1.875,244.1201234,-5.625
-55.35978574,5.625,-80.43575282,5.625,200.3590176,-1.875,167.7021204,5.625,212.1979363,-5.625,175.2315921,1.875,-74.26961948,1.875,193.648792,-5.625,77.50285818,-1.875,177.4445371,-5.625,121.396855,-1.875,239.1241528,-1.875,162.3421721,-5.625,-95.10578417,5.625,-50.7821071,-1.875,-16.14157354,5.625,-61.02049082,1.875,-68.4711878,5.625,153.6886797,-1.875,74.52386193,1.875,134.5014931,-1.875,-41.43360257,5.625,24.09008271,1.875,-87.20920169,1.875,101.2779024,5.625,114.7206958,5.625,127.9023093,5.625,13.74206597,-5.625,-29.34458698,5.625,97.10776447,-5.625,60.10950855,5.625,117.7267244,1.875,83.12795859,5.625,184.6744171,5.625,207.9071124,5.625,-83.1565811,-5.625,36.91865038,-1.875,302.4120386,1.875,219.1603135,1.875,277.5927211,-1.875,-10.45915793,-5.625,26.75156731,5.625,283.5515715,5.625,246.1977511,5.625,149.3088078,1.875,100.287927,-1.875,63.81330153,-5.625,-8.821143742,-1.875,282.2026581,1.875,245.2301883,-5.625
-56.40114221,5.625,-81.446066,5.625,201.5652787,-1.875,166.6864221,5.625,213.2724791,-5.625,174.2266009,1.875,-75.07948595,1.875,194.6889494,-5.625,78.52808065,-1.875,178.4514095,-5.625,122.4909812,-1.875,240.4234791,-1.875,163.6331309,-5.625,-96.14949613,5.625,-47.88693693,-1.875,-17.18057983,5.625,-62.06392926,1.875,-69.27943834,5.625,154.7501895,-1.875,73.305072,1.875,135.5290345,-1.875,-42.44163563,5.625,22.90081582,1.875,-88.22153478,1.875,100.2416909,5.625,113.7176431,5.625,126.8342588,5.625,14.97839277,-5.625,-30.41794058,5.625,98.3320363,-5.625,59.10418701,5.625,116.6541893,1.875,82.05749222,5.625,183.8618585,5.625,206.8602054,5.625,-80.7503784,-5.625,38.38394579,-1.875,301.5745167,1.875,217.2355591,1.875,278.6415402,-1.875,-9.371190344,-5.625,25.713012,5.625,282.4511221,5.625,244.8221892,5.625,148.2705937,1.875,101.3470411,-1.875,65.35871003,-5.625,-7.648907414,-1.875,281.1557557,1.875,246.3402533,-5.625
-57.26176739,5.625,-82.45637918,5.625,202.7715398,-1.875,165.6707238,5.625,214.3470219,-5.625,173.2216098,1.875,-76.15741822,1.875,195.7291069,-5.625,79.55330311,-1.875,179.458282,-5.625,123.5851073,-1.875,241.7228054,-1.875,164.9240897,-5.625,-97.19320809,5.625,-44.99176676,-1.875,-18.21958612,5.625,-63.1073677,1.875,-70.35521982,5.625,155.8116993,-1.875,72.08628206,1.875,136.556576,-1.875,-43.44966869,5.625,21.71154894,1.875,-89.23386787,1.875,99.20547947,5.625,112.7145904,5.625,125.7662083,5.625,16.21471958,-5.625,-31.49129418,5.625,99.55630813,-5.625,58.09886547,5.625,115.5816541,1.875,81.25323498,5.625,182.7803429,5.625,205.9949929,5.625,-78.3441757,-5.625,39.8492412,-1.875,300.7369947,1.875,215.3108046,1.875,279.6903593,-1.875,-8.283222757,-5.625,24.67445669,5.625,281.3506726,5.625,243.4466274,5.625,147.2323797,1.875,102.4061552,-1.875,66.90411854,-5.625,-6.476671085,-1.875,280.1088532,1.875,247.4503182,-5.625
-58.30312385,5.625,-83.46669236,5.625,203.9778009,-1.875,164.6550255,5.625,215.4215648,-5.625,172.2166186,1.875,-77.2353505,1.875,196.7692644,-5.625,80.57852558,-1.875,180.4651544,-5.625,124.4071405,-1.875,243.0221316,-1.875,166.2150485,-5.625,-98.23692006,5.625,-42.09659659,-1.875,-19.2585924,5.625,-64.15080614,1.875,-71.43100129,5.625,156.8732091,-1.875,70.86749213,1.875,137.5841175,-1.875,-44.45770175,5.625,20.52228205,1.875,-90.24620096,1.875,98.34910637,5.625,111.7115377,5.625,124.6981578,5.625,17.45104638,-5.625,-32.29772063,5.625,100.78058,-5.625,57.09354393,5.625,114.509119,1.875,80.18276861,5.625,181.6988274,5.625,204.9480859,5.625,-75.937973,-5.625,41.31453661,-1.875,299.8994727,1.875,213.3860502,1.875,280.7391783,-1.875,-7.195255169,-5.625,23.63590138,5.625,280.2502231,5.625,242.0710655,5.625,146.1941657,1.875,103.4652693,-1.875,68.44952704,-5.625,-5.304434756,-1.875,279.0619508,1.875,248.5603831,-5.625
-59.34448032,5.625,-84.47700554,5.625,205.1840621,-1.875,163.6393272,5.625,216.4961076,-5.625,171.2116274,1.875,-78.31328277,1.875,197.8094218,-5.625,81.60374805,-1.875,181.4720268,-5.625,125.5012666,-1.875,244.3214579,-1.875,167.5060073,-5.625,-99.28063202,5.625,-39.20142642,-1.875,-20.29759869,5.625,-65.19424458,1.875,-72.50678276,5.625,157.9347188,-1.875,69.64870219,1.875,138.6116589,-1.875,-45.46573481,5.625,19.33301517,1.875,-91.25853405,1.875,97.31289491,5.625,110.708485,5.625,123.8957157,5.625,18.68737318,-5.625,-33.37107423,5.625,102.0048518,-5.625,56.08822238,5.625,113.4365838,1.875,79.11230223,5.625,180.6173118,5.625,203.9011788,5.625,-73.5317703,-5.625,42.77983202,-1.875,299.0619508,1.875,211.4612958,1.875,281.7879974,-1.875,-6.107287582,-5.625,22.59734607,5.625,279.1497737,5.625,240.6955037,5.625,145.1559517,1.875,104.5243834,-1.875,69.99493555,-5.625,-4.132198428,-1.875,278.0150483,1.875,249.670448,-5.625
-60.38583679,5.625,-85.48731872,5.625,206.3903232,-1.875,162.6236289,5.625,217.5706504,-5.625,170.2066362,1.875,-79.12314924,1.875,198.8495793,-5.625,82.62897051,-1.875,182.4788993,-5.625,126.5953928,-1.875,245.6207841,-1.875,168.7969661,-5.625,308.2244288,1.875,-36.30625625,-1.875,-21.33660497,5.625,-66.23768302,1.875,-73.31503331,5.625,158.9962286,-1.875,68.42991226,1.875,139.6392004,-1.875,-46.47376787,5.625,18.14374828,1.875,-92.27086714,1.875,96.27668346,5.625,109.7054323,5.625,122.8276652,5.625,19.92369999,-5.625,-34.44442783,5.625,103.2291236,-5.625,55.08290084,5.625,112.3640487,1.875,78.04183585,5.625,179.8047532,5.625,202.8542717,5.625,-71.1255676,-5.625,44.24512743,-1.875,298.2244288,1.875,209.5365413,1.875,282.8368165,-1.875,-5.019319994,-5.625,21.55879076,5.625,278.0493242,5.625,239.3199419,5.625,144.1177377,1.875,105.5834976,-1.875,71.54034405,-5.625,-2.959962099,-1.875,276.9681458,1.875,250.7805129,-5.625
-61.24646197,5.625,-86.4976319,5.625,207.5965843,-1.875,161.6079306,5.625,218.6451933,-5.625,169.2016451,1.875,-80.20108151,1.875,199.8897368,-5.625,83.65419298,-1.875,183.4857717,-5.625,127.689519,-1.875,246.9201104,-1.875,170.0879249,-5.625,307.4137075,1.875,-33.41108608,-1.875,-22.37561126,5.625,-67.18626342,1.875,-74.29301647,5.625,160.0577384,-1.875,67.21112232,1.875,140.6667419,-1.875,-47.48180093,5.625,16.9544814,1.875,-93.28320023,1.875,95.24047201,5.625,108.7023797,5.625,121.7596147,5.625,21.16002679,-5.625,-35.51778144,5.625,104.4533954,-5.625,54.0775793,5.625,111.2915135,1.875,77.23757862,5.625,178.7232376,5.625,201.8073647,5.625,-68.7193649,-5.625,45.71042284,-1.875,297.3869068,1.875,207.6117869,1.875,283.8856355,-1.875,-3.931352407,-5.625,20.52023544,5.625,276.9488747,5.625,237.94438,5.625,143.0795236,1.875,106.6426117,-1.875,73.08575256,-5.625,-1.787725771,-1.875,275.9212434,1.875,251.8905778,-5.625
-62.28781843,5.625,-87.50794508,5.625,208.8028454,-1.875,160.5922323,5.625,219.7197361,-5.625,168.1966539,1.875,-81.27901379,1.875,200.9298942,-5.625,84.67941545,-1.875,184.4926441,-5.625,128.5115521,-1.875,248.2194366,-1.875,171.3788837,-5.625,306.6029863,1.875,-30.51591591,-1.875,-23.41461755,5.625,-68.22970186,1.875,-75.27099962,5.625,161.1192482,-1.875,65.99233239,1.875,141.6942834,-1.875,-48.48983399,5.625,15.76521451,1.875,-94.29553331,1.875,94.20426055,5.625,107.699327,5.625,120.6915642,5.625,22.3963536,-5.625,-36.32420788,5.625,105.6776673,-5.625,53.07225776,5.625,110.2189784,1.875,76.16711224,5.625,177.6417221,5.625,200.7604576,5.625,-66.3131622,-5.625,47.17571825,-1.875,296.5493848,1.875,205.6870324,1.875,284.9344546,-1.875,-2.843384819,-5.625,19.48168013,5.625,275.8484253,5.625,236.5688182,5.625,142.0413096,1.875,107.5179126,-1.875,74.63116106,-5.625,-0.615489442,-1.875,274.8743409,1.875,253.0006427,-5.625
-63.14844361,5.625,-88.51825826,5.625,210.0091065,-1.875,159.576534,5.625,220.794279,-5.625,167.1916627,1.875,-82.35694606,1.875,201.9700517,-5.625,85.70463791,-1.875,185.4995165,-5.625,129.6056783,-1.875,249.5187629,-1.875,172.6698425,-5.625,305.792265,1.875,-27.62074574,-1.875,-24.27330043,5.625,-69.2731403,1.875,-76.24898278,5.625,162.180758,-1.875,64.77354245,1.875,142.7218248,-1.875,-49.49786705,5.625,14.57594763,1.875,-95.3078664,1.875,93.1680491,5.625,106.6962743,5.625,119.889122,5.625,23.6326804,-5.625,-37.39756148,5.625,106.9019391,-5.625,52.06693622,5.625,109.1464433,1.875,75.09664587,5.625,176.5602065,5.625,199.7135506,5.625,-63.90695951,-5.625,48.64101367,-1.875,295.7118629,1.875,203.762278,1.875,285.9832737,-1.875,-1.755417232,-5.625,18.44312482,5.625,274.7479758,5.625,235.1932564,5.625,141.0030956,1.875,108.5770267,-1.875,76.17656957,-5.625,0.556746886,-1.875,273.8274384,1.875,254.1107077,-5.625
-64.18980008,5.625,-89.52857144,5.625,211.2153676,-1.875,158.5608357,5.625,221.8688218,-5.625,166.1866716,1.875,-83.16681253,1.875,203.0102092,-5.625,86.72986038,-1.875,186.506389,-5.625,130.6998044,-1.875,250.8180892,-1.875,173.4753404,-5.625,304.9815437,1.875,-24.72557557,-1.875,-25.31230671,5.625,-70.31657875,1.875,-77.22696594,5.625,163.2422677,-1.875,63.55475252,1.875,143.7493663,-1.875,-50.50590011,5.625,13.38668074,1.875,-96.32019949,1.875,92.13183765,5.625,105.6932216,5.625,118.8210715,5.625,24.8690072,-5.625,-38.47091509,5.625,108.1262109,-5.625,51.06161468,5.625,108.0739081,1.875,74.02617949,5.625,175.7476479,5.625,198.6666435,5.625,-61.50075681,-5.625,50.10630908,-1.875,294.8743409,1.875,201.8375236,1.875,287.0320927,-1.875,-0.667449644,-5.625,17.40456951,5.625,273.6475263,5.625,233.8176945,5.625,139.9648816,1.875,109.6361408,-1.875,77.72197807,-5.625,1.728983215,-1.875,272.780536,1.875,255.2207726,-5.625
-65.23115654,5.625,-90.53888461,5.625,212.4216288,-1.875,157.5451374,5.625,222.9433646,-5.625,165.1816804,1.875,-84.24474481,1.875,204.0503666,-5.625,87.75508285,-1.875,187.5132614,-5.625,131.7939306,-1.875,252.1174154,-1.875,174.5474582,-5.625,304.1708225,1.875,-21.8304054,-1.875,-26.351313,5.625,-71.26515915,1.875,-78.2049491,5.625,164.3037775,-1.875,62.33596258,1.875,144.7769078,-1.875,-51.51393316,5.625,12.19741386,1.875,-97.33253258,1.875,91.0956262,5.625,104.6901689,5.625,117.753021,5.625,26.10533401,-5.625,-39.54426869,5.625,109.3504828,-5.625,50.05629314,5.625,107.001373,1.875,73.22192226,5.625,174.6661323,5.625,197.8014311,5.625,-59.09455411,-5.625,51.57160449,-1.875,294.0368189,1.875,199.9127691,1.875,288.0809118,-1.875,0.420517943,-5.625,16.3660142,5.625,272.5470769,5.625,232.4421327,5.625,138.9266676,1.875,110.695255,-1.875,79.26738658,-5.625,2.901219543,-1.875,271.7336335,1.875,256.3308375,-5.625
-66.09178172,5.625,-91.54919779,5.625,213.6278899,-1.875,156.5294391,5.625,224.0179075,-5.625,164.1766892,1.875,-85.32267708,1.875,205.0905241,-5.625,88.78030531,-1.875,188.5201338,-5.625,132.6159638,-1.875,253.4167417,-1.875,175.3529561,-5.625,303.3601012,1.875,-18.93523523,-1.875,-27.39031929,5.625,-72.21373955,1.875,-79.18293225,5.625,165.3652873,-1.875,61.11717264,1.875,145.8044492,-1.875,-52.52196622,5.625,11.00814697,1.875,-98.34486567,1.875,90.23925309,5.625,103.6871162,5.625,116.6849705,5.625,27.34166081,-5.625,-40.35069514,5.625,110.5747546,-5.625,49.0509716,5.625,105.9288378,1.875,72.15145588,5.625,173.5846168,5.625,196.754524,5.625,-56.68835141,-5.625,53.0368999,-1.875,293.199297,1.875,197.9880147,1.875,289.1297309,-1.875,1.508485531,-5.625,15.32745889,5.625,271.4466274,5.625,231.0665709,5.625,137.8884536,1.875,111.5705559,-1.875,80.81279508,-5.625,4.073455872,-1.875,270.6867311,1.875,257.4409024,-5.625
-67.13313819,5.625,-92.55951097,5.625,214.834151,-1.875,155.5137408,5.625,225.0924503,-5.625,163.1716981,1.875,-86.40060935,1.875,206.1306816,-5.625,89.80552778,-1.875,189.5270062,-5.625,133.7100899,-1.875,254.7160679,-1.875,176.4250739,-5.625,302.5493799,1.875,-17.90366726,-1.875,-28.24900217,5.625,-73.25717799,1.875,-80.16091541,5.625,166.4267971,-1.875,59.89838271,1.875,146.8319907,-1.875,-53.52999928,5.625,9.818880088,1.875,-99.35719876,1.875,89.20304164,5.625,102.6840635,5.625,115.8825284,5.625,28.57798762,-5.625,-41.42404874,5.625,111.7990264,-5.625,48.04565006,5.625,104.8563027,1.875,71.0809895,5.625,172.5031012,5.625,195.7076169,5.625,-54.28214871,-5.625,54.50219531,-1.875,292.361775,1.875,196.0632602,1.875,290.1785499,-1.875,2.596453118,-5.625,14.28890358,5.625,270.3461779,5.625,229.691009,5.625,136.8502395,1.875,112.62967,-1.875,82.35820359,-5.625,5.245692201,-1.875,269.6398286,1.875,258.5509673,-5.625
-68.17449465,5.625,-93.56982415,5.625,216.0404121,-1.875,154.4980425,5.625,226.1669931,-5.625,162.1667069,1.875,-87.21047583,1.875,207.170839,-5.625,90.83075025,-1.875,190.5338787,-5.625,134.8042161,-1.875,256.0153942,-1.875,177.4971916,-5.625,301.7386587,1.875,-16.87209929,-1.875,-29.28800845,5.625,-74.30061643,1.875,-81.13889857,5.625,167.4883069,-1.875,58.67959277,1.875,147.8595322,-1.875,-54.53803234,5.625,8.629613204,1.875,-100,-5.625,88.16683019,5.625,101.6810108,5.625,114.8144779,5.625,29.81431442,-5.625,-42.49740234,5.625,113.0232982,-5.625,47.04032852,5.625,103.7837675,1.875,70.01052313,5.625,171.4215857,5.625,194.6607099,5.625,-51.87594601,-5.625,55.96749072,-1.875,291.524253,1.875,194.1385058,1.875,291.227369,-1.875,3.684420706,-5.625,13.25034827,5.625,269.2457284,5.625,228.3154472,5.625,135.8120255,1.875,113.6887841,-1.875,83.90361209,-5.625,6.417928529,-1.875,268.5929261,1.875,259.6610322,-5.625
-69.03511983,5.625,-94.58013733,5.625,217.2466732,-1.875,153.4823442,5.625,227.241536,-5.625,161.1617157,1.875,-88.2884081,1.875,208.2109965,-5.625,91.85597271,-1.875,191.5407511,-5.625,135.8983422,-1.875,257.3147204,-1.875,178.5693094,-5.625,300.9279374,1.875,-15.84053132,-1.875,-30.32701474,5.625,-75.24919683,1.875,-82.11688173,5.625,168.5498166,-1.875,57.46080284,1.875,148.8870736,-1.875,-55.5460654,5.625,7.440346319,1.875,-97.17409825,-5.625,87.13061874,5.625,100.6779582,5.625,113.7464274,5.625,31.05064122,-5.625,-43.57075594,5.625,114.2475701,-5.625,46.03500697,5.625,102.7112324,1.875,69.20626589,5.625,170.609027,5.625,193.6138028,5.625,-49.46974331,-5.625,57.43278613,-1.875,290.6867311,1.875,192.2137514,1.875,292.276188,-1.875,4.772388293,-5.625,12.21179296,5.625,268.145279,5.625,226.9398854,5.625,134.7738115,1.875,114.7478982,-1.875,85.4490206,-5.625,7.590164858,-1.875,267.5460237,1.875,260.7710971,-5.625
-70.0764763,5.625,-95.59045051,5.625,218.4529343,-1.875,152.4666459,5.625,228.3160788,-5.625,160.1567245,1.875,-89.36634037,1.875,209.251154,-5.625,92.88119518,-1.875,192.5476235,-5.625,136.7203754,-1.875,258.6140467,-1.875,179.3748073,-5.625,300.1172161,1.875,-14.80896335,-1.875,-31.36602103,5.625,-76.29263527,1.875,-83.09486488,5.625,169.6113264,-1.875,56.2420129,1.875,149.9146151,-1.875,-56.55409846,5.625,6.251079434,1.875,-94.34819651,-5.625,86.27424563,5.625,99.67490547,5.625,112.6783769,5.625,32.28696803,-5.625,-44.37718239,5.625,115.4718419,-5.625,45.02968543,5.625,101.6386973,1.875,68.13579952,5.625,169.5275115,5.625,192.5668958,5.625,-47.06354061,-5.625,58.89808154,-1.875,289.8492091,1.875,190.2889969,1.875,293.3250071,-1.875,5.860355881,-5.625,11.17323765,5.625,267.0448295,5.625,225.5643235,5.625,133.7355975,1.875,115.6231992,-1.875,86.9944291,-5.625,8.762401186,-1.875,266.4991212,1.875,261.8811621,-5.625
-71.11783277,5.625,-96.60076369,5.625,219.6591954,-1.875,151.4509476,5.625,229.3906217,-5.625,159.1517334,1.875,-90.44427265,1.875,210.2913114,-5.625,93.90641764,-1.875,193.554496,-5.625,137.8145016,-1.875,259.9133729,-1.875,180.4469251,-5.625,299.3064949,1.875,-13.77739538,-1.875,-32.40502731,5.625,-77.33607371,1.875,-84.07284804,5.625,170.6728362,-1.875,55.02322297,1.875,150.9421566,-1.875,-57.56213152,5.625,5.061812549,1.875,-91.52229476,-5.625,85.23803418,5.625,98.67185279,5.625,111.6103264,5.625,33.52329483,-5.625,-45.45053599,5.625,116.6961137,-5.625,44.02436389,5.625,100.5661621,1.875,67.06533314,5.625,168.4459959,5.625,191.5199887,5.625,-44.65733791,-5.625,60.36337695,-1.875,289.0116871,1.875,188.3642425,1.875,294.3738262,-1.875,6.948323468,-5.625,10.13468234,5.625,265.94438,5.625,224.1887617,5.625,132.6973835,1.875,116.6823133,-1.875,88.53983761,-5.625,9.934637515,-1.875,265.4522187,1.875,262.991227,-5.625
-71.97845794,5.625,-97.61107687,5.625,220.8654566,-1.875,150.4352492,5.625,230.4651645,-5.625,158.1467422,1.875,-91.52220492,1.875,211.3314689,-5.625,94.93164011,-1.875,194.5613684,-5.625,138.9086277,-1.875,261.2126992,-1.875,181.5190428,-5.625,298.4957736,1.875,-12.74582742,-1.875,-33.4440336,5.625,-78.37951215,1.875,-85.0508312,5.625,171.734346,-1.875,53.80443303,1.875,151.969698,-1.875,-58.57016458,5.625,3.872545664,1.875,-88.69639302,-5.625,84.20182273,5.625,97.6688001,5.625,110.8078842,5.625,34.75962164,-5.625,-46.52388959,5.625,117.9203856,-5.625,43.01904235,5.625,99.49362696,1.875,65.99486676,5.625,167.3644803,5.625,190.4730817,5.625,-42.25113521,-5.625,61.82867236,-1.875,288.1741652,1.875,186.439488,1.875,295.4226452,-1.875,8.036291056,-5.625,9.096127024,5.625,264.8439306,5.625,222.8131998,5.625,131.6591694,1.875,117.7414274,-1.875,90.08524611,-5.625,11.10687384,-1.875,264.4053163,1.875,264.1012919,-5.625
-73.01981441,5.625,-98.62139005,5.625,222.0717177,-1.875,149.4195509,5.625,231.5397073,-5.625,157.141751,1.875,-92.60013719,1.875,212.3716264,-5.625,95.95686258,-1.875,195.5682408,-5.625,140.0027539,-1.875,262.5120255,-1.875,182.5911606,-5.625,297.6850523,1.875,-11.71425945,-1.875,-34.48303989,5.625,-79.42295059,1.875,-86.02881436,5.625,172.7958558,-1.875,52.5856431,1.875,152.9972395,-1.875,-59.57819764,5.625,2.683278779,1.875,-85.87049127,-5.625,83.16561128,5.625,96.66574742,5.625,109.7398337,5.625,35.99594844,-5.625,-47.59724319,5.625,119.1446574,-5.625,42.01372081,5.625,98.42109182,1.875,65.19060953,5.625,166.5519217,5.625,189.4261746,5.625,-39.84493251,-5.625,63.29396777,-1.875,287.3366432,1.875,184.5147336,1.875,296.4714643,-1.875,9.124258643,-5.625,8.057571713,5.625,263.7434811,5.625,221.437638,5.625,130.6209554,1.875,118.8005415,-1.875,91.63065462,-5.625,12.27911017,-1.875,263.3584138,1.875,265.2113568,-5.625
-74.06117088,5.625,-99.63170323,5.625,223.2779788,-1.875,148.4038526,5.625,232.6142502,-5.625,156.1367599,1.875,-93.67806947,1.875,213.4117838,-5.625,96.98208504,-1.875,196.5751132,-5.625,140.824787,-1.875,263.8113517,-1.875,183.3966586,-5.625,296.8743311,1.875,-10.68269148,-1.875,-35.52204617,5.625,-80.46638903,1.875,-87.00679751,5.625,173.8573656,-1.875,51.36685316,1.875,154.024781,-1.875,-60.5862307,5.625,1.494011894,1.875,-83.04458953,-5.625,82.30923818,5.625,95.66269473,5.625,108.6717832,5.625,37.23227524,-5.625,-48.40366964,5.625,120.3689292,-5.625,41.00839927,5.625,97.34855668,1.875,64.12014315,5.625,165.4704061,5.625,188.5609622,5.625,-37.43872981,-5.625,64.75926318,-1.875,286.4991212,1.875,182.5899792,1.875,297.5202834,-1.875,10.21222623,-5.625,7.019016402,5.625,262.6430316,5.625,220.0620762,5.625,129.5827414,1.875,119.8596556,-1.875,93.17606312,-5.625,13.4513465,-1.875,262.3115114,1.875,266.3214217,-5.625
-74.92179606,5.625,300,5.625,224.4842399,-1.875,147.3881543,5.625,233.688793,-5.625,155.1317687,1.875,-94.75600174,1.875,214.4519413,-5.625,98.00730751,-1.875,197.5819857,-5.625,141.9189132,-1.875,265.110678,-1.875,184.4687763,-5.625,296.0636098,1.875,-9.651123508,-1.875,-36.38072905,5.625,-81.50982747,1.875,-87.98478067,5.625,174.9188753,-1.875,50.14806323,1.875,155.0523224,-1.875,-61.59426376,5.625,0.304745009,1.875,-80.21868778,-5.625,81.27302672,5.625,94.65964204,5.625,107.6037327,5.625,38.46860205,-5.625,-49.47702324,5.625,121.593201,-5.625,40.00307773,5.625,96.27602153,1.875,63.04967678,5.625,164.3888906,5.625,187.5140551,5.625,-35.03252711,-5.625,66.22455859,-1.875,285.6615992,1.875,180.6652247,1.875,298.5691024,-1.875,11.30019382,-5.625,5.980461091,5.625,261.5425822,5.625,218.6865143,5.625,128.5445274,1.875,120.9187698,-1.875,94.72147163,-5.625,14.62358283,-1.875,261.2646089,1.875,267.4314866,-5.625
-75.96315252,5.625,298.9750662,5.625,225.690501,-1.875,146.372456,5.625,234.7633358,-5.625,154.1267775,1.875,-95.83393401,1.875,215.4920988,-5.625,99.03252998,-1.875,198.5888581,-5.625,143.0130394,-1.875,266.4100042,-1.875,185.5408941,-5.625,295.2528885,1.875,-8.619555539,-1.875,-37.41973534,5.625,-82.55326592,1.875,-89.06056215,5.625,175.9803851,-1.875,48.92927329,1.875,156.0798639,-1.875,-62.60229682,5.625,-0.884521876,1.875,-77.39278604,-5.625,80.23681527,5.625,93.65658936,5.625,106.8012906,5.625,39.70492885,-5.625,-50.55037684,5.625,122.8174729,-5.625,38.99775619,5.625,95.20348639,1.875,61.9792104,5.625,163.307375,5.625,186.467148,5.625,-32.62632441,-5.625,67.689854,-1.875,284.8240773,1.875,178.7404703,1.875,299.6179215,-1.875,12.38816141,-5.625,4.94190578,5.625,260.4421327,5.625,217.3109525,5.625,127.5063134,1.875,121.9778839,-1.875,96.26688013,-5.625,15.79581916,-1.875,260.2177064,1.875,268.5415516,-5.625
-77.00450899,5.625,297.9501325,5.625,226.8967621,-1.875,145.3567577,5.625,235.8378787,-5.625,153.1217864,1.875,-96.91186629,1.875,216.5322562,-5.625,100.0577524,-1.875,199.5957305,-5.625,144.1071655,-1.875,267.7093305,-1.875,186.6130118,-5.625,294.4421673,1.875,-7.58798757,-1.875,-38.45874163,5.625,-83.59670436,1.875,-90.13634362,5.625,177.0418949,-1.875,47.71048335,1.875,157.1074054,-1.875,-63.61032988,5.625,-2.07378876,1.875,-74.56688429,-5.625,79.20060382,5.625,92.65353667,5.625,105.7332401,5.625,40.94125566,-5.625,-51.62373044,5.625,124.0417447,-5.625,37.99243465,5.625,94.13095125,1.875,61.17495317,5.625,162.4948164,5.625,185.420241,5.625,-30.22012171,-5.625,69.15514942,-1.875,283.9865553,1.875,176.8157158,1.875,-100,-1.875,13.47612899,-5.625,3.903350469,5.625,259.3416832,5.625,215.9353907,5.625,126.4680994,1.875,123.036998,-1.875,97.81228864,-5.625,16.96805549,-1.875,259.170804,1.875,269.6516165,-5.625
-78.04586545,5.625,296.9251987,5.625,228.1030232,-1.875,144.3410594,5.625,236.9124215,-5.625,152.1167952,1.875,-97.98979856,1.875,217.5724137,-5.625,101.0829749,-1.875,200.6026029,-5.625,145.2012917,-1.875,269.0086567,-1.875,187.4185098,-5.625,293.631446,1.875,-6.5564196,-1.875,-39.49774791,5.625,-84.6401428,1.875,-91.21212509,5.625,178.1034047,-1.875,46.49169342,1.875,158.1349468,-1.875,-64.61836294,5.625,-3.263055645,1.875,-71.74098255,-5.625,78.16439236,5.625,91.65048398,5.625,104.6651896,5.625,42.17758246,-5.625,-52.43015689,5.625,125.2660165,-5.625,36.98711311,5.625,93.05841611,1.875,60.10448679,5.625,161.4133008,5.625,184.5550285,5.625,-27.81391901,-5.625,70.62044483,-1.875,283.1490333,1.875,174.8909614,1.875,-97.42056761,-1.875,14.56409658,-5.625,2.864795158,5.625,258.2412338,5.625,214.5598288,5.625,125.4298853,1.875,124.0961121,-1.875,99.35769714,-5.625,18.14029181,-1.875,258.1239015,1.875,270.7616814,-5.625
-79.08722192,5.625,295.900265,5.625,229.3092844,-1.875,143.3253611,5.625,237.9869643,-5.625,151.111804,1.875,-99.06773084,1.875,218.6125712,-5.625,102.1081974,-1.875,201.6094754,-5.625,146.0233248,-1.875,270.307983,-1.875,188.4906275,-5.625,292.8207247,1.875,-5.524851631,-1.875,-40.35643079,5.625,-85.68358124,1.875,-92.28790657,5.625,179.1649145,-1.875,45.27290348,1.875,159.1624883,-1.875,-65.62639599,5.625,-4.45232253,1.875,-68.9150808,-5.625,77.12818091,5.625,90.6474313,5.625,103.5971391,5.625,43.41390926,-5.625,-53.50351049,5.625,126.4902884,-5.625,35.98179156,5.625,91.98588096,1.875,59.03402041,5.625,160.3317853,5.625,183.5081215,5.625,-25.40771631,-5.625,72.08574024,-1.875,282.3115114,1.875,172.966207,1.875,-94.84113522,-1.875,15.65206417,-5.625,1.826239848,5.625,257.1407843,5.625,213.184267,5.625,124.3916713,1.875,124.971413,-1.875,100.9031056,-5.625,19.31252814,-1.875,257.0769991,1.875,271.8717463,-5.625
-80.12857839,5.625,294.8753312,5.625,230.5155455,-1.875,142.3096628,5.625,239.0615072,-5.625,150.1068128,1.875,-100,-5.625,219.6527286,-5.625,103.1334198,-1.875,202.6163478,-5.625,147.117451,-1.875,271.6073092,-1.875,189.5627453,-5.625,292.0100035,1.875,-4.493283662,-1.875,-41.39543708,5.625,-86.72701968,1.875,-93.36368804,5.625,180.2264242,-1.875,44.05411355,1.875,160.1900298,-1.875,-66.63442905,5.625,-5.641589415,1.875,-66.08917906,-5.625,76.09196946,5.625,89.64437861,5.625,102.7946969,5.625,44.65023607,-5.625,-54.57686409,5.625,127.7145602,-5.625,34.97647002,5.625,90.91334582,1.875,57.96355404,5.625,159.2502697,5.625,182.4612144,5.625,-23.00151361,-5.625,73.55103565,-1.875,281.4739894,1.875,171.0414525,1.875,-92.26170283,-1.875,16.74003176,-5.625,0.787684537,5.625,256.0403348,5.625,211.8087052,5.625,123.3534573,1.875,126.0305271,-1.875,102.4485142,-5.625,20.48476447,-1.875,256.0300966,1.875,272.9818112,-5.625
-81.16993485,5.625,293.8503974,5.625,231.7218066,-1.875,141.2939645,5.625,240.13605,-5.625,149.1018217,1.875,-97.26574606,-5.625,220.6928861,-5.625,104.1586423,-1.875,203.6232202,-5.625,148.2115772,-1.875,272.9066355,-1.875,190.6348631,-5.625,291.1992822,1.875,-3.461715693,-1.875,-42.43444337,5.625,-87.77045812,1.875,-94.43946951,5.625,181.287934,-1.875,42.83532361,1.875,161.2175712,-1.875,-67.64246211,5.625,-6.8308563,1.875,-63.26327731,-5.625,75.05575801,5.625,88.64132593,5.625,101.7266464,5.625,45.88656287,-5.625,-55.6502177,5.625,128.938832,-5.625,33.97114848,5.625,89.84081068,1.875,57.1592968,5.625,158.4377111,5.625,181.4143074,5.625,-20.59531091,-5.625,75.01633106,-1.875,280.6364674,1.875,169.1166981,1.875,-89.68227043,-1.875,17.82799934,-5.625,-0.250870774,5.625,254.9398854,5.625,210.4331433,5.625,122.3152433,1.875,127.0896413,-1.875,103.9939227,-5.625,21.6570008,-1.875,254.9831941,1.875,274.0918761,-5.625
-82.21129132,5.625,292.8254637,5.625,232.9280677,-1.875,140.2782662,5.625,241.2105929,-5.625,148.0968305,1.875,-94.53149212,-5.625,221.7330436,-5.625,105.1838648,-1.875,204.6300927,-5.625,149.3057033,-1.875,274.2059618,-1.875,191.440361,-5.625,290.3885609,1.875,-2.430147724,-1.875,-43.47344965,5.625,-88.81389656,1.875,-95.51525099,5.625,182.3494438,-1.875,41.61653368,1.875,162.2451127,-1.875,-68.65049517,5.625,-8.020123185,1.875,-60.43737557,-5.625,74.1993849,5.625,87.63827324,5.625,100.6585959,5.625,47.12288968,-5.625,-56.7235713,5.625,130.1631039,-5.625,32.96582694,5.625,88.76827553,1.875,56.08883043,5.625,157.3561955,5.625,180.5490949,5.625,-18.18910821,-5.625,76.48162647,-1.875,279.7989455,1.875,167.1919436,1.875,-87.10283804,-1.875,18.91596693,-5.625,-1.289426085,5.625,253.8394359,5.625,209.0575815,5.625,121.2770293,1.875,128.1487554,-1.875,105.5393312,-5.625,22.82923713,-1.875,253.9362917,1.875,275.201941,-5.625
-83.25264779,5.625,291.8005299,5.625,234.1343288,-1.875,139.2625679,5.625,242.2851357,-5.625,147.0918393,1.875,-91.79723818,-5.625,222.773201,-5.625,106.2090872,-1.875,205.6369651,-5.625,150.1277365,-1.875,275.505288,-1.875,192.5124788,-5.625,289.5778397,1.875,-1.398579755,-1.875,-44.51245594,5.625,-89.857335,1.875,-96.59103246,5.625,183.4109536,-1.875,40.39774374,1.875,163.2726542,-1.875,-69.65852823,5.625,-9.20939007,1.875,-57.61147382,-5.625,73.16317345,5.625,86.63522055,5.625,99.5905454,5.625,48.35921648,-5.625,-57.52999775,5.625,131.3873757,-5.625,31.9605054,5.625,87.69574039,1.875,55.01836405,5.625,156.27468,5.625,179.5021879,5.625,-15.78290551,-5.625,77.94692188,-1.875,278.9614235,1.875,165.2671892,1.875,-84.52340565,-1.875,20.00393452,-5.625,-2.327981396,5.625,252.7389864,5.625,207.6820196,5.625,120.2388152,1.875,129.0240563,-1.875,107.0847397,-5.625,24.00147346,-1.875,252.8893892,1.875,276.312006,-5.625
-84.29400425,5.625,290.7755962,5.625,235.3405899,-1.875,138.2468696,5.625,243.3596785,-5.625,146.0868482,1.875,-89.06298424,-5.625,223.8133585,-5.625,107.2343097,-1.875,206.6438375,-5.625,151.2218626,-1.875,276.8046143,-1.875,193.5845965,-5.625,288.7671184,1.875,-0.367011786,-1.875,-45.55146223,5.625,-90.90077344,1.875,-97.66681393,5.625,184.4724634,-1.875,39.17895381,1.875,164.3001957,-1.875,-70.66656129,5.625,-10.39865695,1.875,-54.78557208,-5.625,72.126962,5.625,85.63216787,5.625,98.78810326,5.625,49.59554328,-5.625,-58.60335135,5.625,132.6116475,-5.625,30.95518386,5.625,86.62320525,1.875,53.94789767,5.625,155.1931644,5.625,178.4552808,5.625,-13.37670281,-5.625,79.41221729,-1.875,278.1239015,1.875,163.3424348,1.875,-81.94397326,-1.875,21.09190211,-5.625,-3.366536707,5.625,251.6385369,5.625,206.3064578,5.625,119.2006012,1.875,130.0831704,-1.875,108.6301482,-5.625,25.17370979,-1.875,251.8424867,1.875,277.4220709,-5.625
-85.33536072,5.625,289.7506624,5.625,236.546851,-1.875,137.2311713,5.625,244.4342214,-5.625,145.081857,1.875,-86.3287303,-5.625,224.853516,-5.625,108.2595322,-1.875,207.6507099,-5.625,152.3159888,-1.875,278.1039405,-1.875,194.6567143,-5.625,287.9563971,1.875,0.664556183,-1.875,-46.59046851,5.625,-91.94421188,1.875,-98.74259541,5.625,185.5339731,-1.875,37.96016387,1.875,165.3277371,-1.875,-71.67459435,5.625,-11.58792384,1.875,-51.95967033,-5.625,71.09075055,5.625,84.62911518,5.625,97.72005276,5.625,50.83187009,-5.625,-59.67670495,5.625,133.8359193,-5.625,29.94986232,5.625,85.5506701,1.875,53.14364044,5.625,154.3806058,5.625,177.4083737,5.625,-10.97050011,-5.625,80.8775127,-1.875,277.2863795,1.875,162.2723202,1.875,-79.36454087,-1.875,22.17986969,-5.625,-4.405092018,5.625,250.5380875,5.625,204.930896,5.625,118.1623872,1.875,131.1422845,-1.875,110.1755567,-5.625,26.34594611,-1.875,250.7955843,1.875,278.5321358,-5.625
-86.37671718,5.625,288.7257286,5.625,237.7531122,-1.875,136.215473,5.625,245.5087642,-5.625,144.0768658,1.875,-83.59447636,-5.625,225.8936734,-5.625,109.2847546,-1.875,208.6575824,-5.625,153.4101149,-1.875,279.4032668,-1.875,195.4622122,-5.625,287.1456759,1.875,1.696124153,-1.875,-47.6294748,5.625,-92.98765032,1.875,-99.81837688,5.625,186.5954829,-1.875,36.74137393,1.875,166.3552786,-1.875,-72.68262741,5.625,-12.77719072,1.875,-49.13376859,-5.625,70.23437744,5.625,83.62606249,5.625,96.65200226,5.625,52.06819689,-5.625,-60.75005855,5.625,135.0601912,-5.625,28.94454078,5.625,84.47813496,1.875,52.07317406,5.625,153.2990902,5.625,176.3614667,5.625,-8.564297413,-5.625,82.34280811,-1.875,276.4488576,1.875,161.2022056,1.875,-76.78510848,-1.875,23.26783728,-5.625,-5.443647329,5.625,249.437638,5.625,203.5553341,5.625,117.1241732,1.875,132.2013987,-1.875,111.7209652,-5.625,27.51818244,-1.875,249.7486818,1.875,279.6422007,-5.625
-87.41807365,5.625,287.7007949,5.625,238.9593733,-1.875,135.1997747,5.625,246.583307,-5.625,143.0718747,1.875,-80.86022242,-5.625,226.9338309,-5.625,110.3099771,-1.875,209.6644548,-5.625,154.2321481,-1.875,280.702593,-1.875,196.53433,-5.625,286.3349546,1.875,2.727692122,-1.875,-48.66848108,5.625,-94.03108877,1.875,300,1.875,187.6569927,-1.875,35.522584,1.875,167.3828201,-1.875,-73.69066047,5.625,-13.96645761,1.875,-46.30786684,-5.625,69.19816599,5.625,82.62300981,5.625,95.58395175,5.625,53.30452369,-5.625,-61.556485,5.625,136.284463,-5.625,27.93921924,5.625,83.40559982,1.875,51.00270769,5.625,152.2175746,5.625,175.3145596,5.625,-6.158094714,-5.625,83.80810352,-1.875,275.6113356,1.875,160.132091,1.875,-74.20567608,-1.875,24.35580487,-5.625,-6.48220264,5.625,248.3371885,5.625,202.1797723,5.625,116.0859592,1.875,133.2605128,-1.875,113.2663737,-5.625,28.69041877,-1.875,248.7017794,1.875,280.7522656,-5.625
-88.45943012,5.625,286.6758611,5.625,240.1656344,-1.875,134.1840764,5.625,247.6578499,-5.625,142.0668835,1.875,-78.12596848,-5.625,227.9739884,-5.625,111.3351996,-1.875,210.6713272,-5.625,155.3262743,-1.875,282.0019193,-1.875,197.6064477,-5.625,285.5242333,1.875,3.759260091,-1.875,-49.52716397,5.625,-95.07452721,1.875,298.1983007,1.875,188.7185025,-1.875,34.30379406,1.875,168.4103615,-1.875,-74.69869353,5.625,-15.15572449,1.875,-43.4819651,-5.625,68.16195454,5.625,81.61995712,5.625,94.78150961,5.625,54.5408505,-5.625,-62.6298386,5.625,137.5087348,-5.625,26.9338977,5.625,82.33306467,1.875,49.93224131,5.625,151.1360591,5.625,174.2676526,5.625,-3.751892014,-5.625,85.27339893,-1.875,274.7738136,1.875,159.0619764,1.875,-71.62624369,-1.875,25.44377246,-5.625,-7.520757951,5.625,247.2367391,5.625,201.1663663,5.625,115.0477451,1.875,134.3196269,-1.875,114.8117822,-5.625,29.8626551,-1.875,247.6548769,1.875,281.8623305,-5.625
-89.50078658,5.625,285.6509274,5.625,241.3718955,-1.875,133.168378,5.625,248.7323927,-5.625,141.0618923,1.875,-75.39171454,-5.625,229.0141458,-5.625,112.360422,-1.875,211.6781996,-5.625,156.4204004,-1.875,283.3012456,-1.875,198.6785655,-5.625,284.7135121,1.875,4.79082806,-1.875,-50.56617025,5.625,-96.11796565,1.875,297.2487191,1.875,189.7800123,-1.875,33.08500413,1.875,169.437903,-1.875,-75.70672659,5.625,-16.34499138,1.875,-40.65606335,-5.625,67.12574309,5.625,80.61690444,5.625,93.71345911,5.625,55.7771773,-5.625,-63.7031922,5.625,138.7330067,-5.625,25.92857615,5.625,81.26052953,1.875,49.12798408,5.625,150.3235004,5.625,173.2207455,5.625,-1.345689315,-5.625,86.73869434,-1.875,273.7604121,1.875,157.9918618,1.875,-69.0468113,-1.875,26.53174004,-5.625,-8.559313262,5.625,246.1362896,5.625,200.1529602,5.625,114.0095311,1.875,135.378741,-1.875,116.3571907,-5.625,31.03489143,-1.875,246.6079744,1.875,282.9723954,-5.625
-90.54214305,5.625,284.6259936,5.625,242.5781566,-1.875,132.1526797,5.625,249.8069356,-5.625,140.0569011,1.875,-72.6574606,-5.625,230.0543033,-5.625,113.3856445,-1.875,212.6850721,-5.625,157.5145266,-1.875,284.6005718,-1.875,199.4840634,-5.625,283.9027908,1.875,5.822396029,-1.875,-51.60517654,5.625,-97.16140409,1.875,296.2991375,1.875,190.841522,-1.875,31.86621419,1.875,170.4654445,-1.875,-76.71475965,5.625,-17.53425826,1.875,-37.83016161,-5.625,66.26936998,5.625,79.61385175,5.625,92.6454086,5.625,57.01350411,-5.625,-64.7765458,5.625,139.9572785,-5.625,24.92325461,5.625,80.18799439,1.875,48.0575177,5.625,149.2419849,5.625,172.3555331,5.625,-0.29253669,-5.625,88.20398975,-1.875,272.7470105,1.875,157.1878688,1.875,-66.46737891,-1.875,27.61970763,-5.625,-9.597868573,5.625,245.0358401,5.625,199.3154346,5.625,112.9713171,1.875,136.4378551,-1.875,117.9025992,-5.625,32.20712776,-1.875,245.561072,1.875,284.0824604,-5.625
-91.58349952,5.625,283.6010598,5.625,243.7844177,-1.875,131.1369814,5.625,250.8814784,-5.625,139.05191,1.875,-69.92320666,-5.625,231.0944608,-5.625,114.410867,-1.875,213.6919445,-5.625,158.3365598,-1.875,285.8998981,-1.875,200.5561812,-5.625,283.0920695,1.875,6.853963998,-1.875,-52.64418282,5.625,-98.20484253,1.875,295.3495559,1.875,191.9030318,-1.875,30.64742426,1.875,171.4929859,-1.875,-77.72279271,5.625,-18.72352515,1.875,-35.00425986,-5.625,65.23315853,5.625,78.61079906,5.625,91.5773581,5.625,58.24983091,-5.625,-65.58297225,5.625,141.1815503,-5.625,23.91793307,5.625,79.11545924,1.875,46.98705132,5.625,148.1604693,5.625,171.308626,5.625,0.760615935,-5.625,89.66928516,-1.875,271.7336089,1.875,156.1177542,1.875,-63.88794652,-1.875,28.70767522,-5.625,-10.63642388,5.625,243.9353907,5.625,198.3020286,5.625,111.9331031,1.875,137.3131561,-1.875,119.4480077,-5.625,33.37936409,-1.875,244.5141695,1.875,285.1925253,-5.625
-92.62485598,5.625,282.5761261,5.625,244.9906789,-1.875,130.1212831,5.625,251.9560212,-5.625,138.0469188,1.875,-67.18895272,-5.625,232.1346182,-5.625,115.4360894,-1.875,214.6988169,-5.625,159.4306859,-1.875,287.1992243,-1.875,201.628299,-5.625,282.2813483,1.875,7.885531967,-1.875,-53.50286571,5.625,-99.24828097,1.875,294.3999743,1.875,192.9645416,-1.875,29.42863432,1.875,172.5205274,-1.875,-78.73082577,5.625,-19.91279203,1.875,-32.17835811,-5.625,64.19694708,5.625,77.60774638,5.625,90.77491596,5.625,59.48615771,-5.625,-66.65632585,5.625,142.4058221,-5.625,22.91261153,5.625,78.0429241,1.875,45.91658495,5.625,147.0789538,5.625,170.2617189,5.625,1.81376856,-5.625,91.13458058,-1.875,270.7202073,1.875,155.0476396,1.875,-61.30851413,-1.875,29.79564281,-5.625,-11.67497919,5.625,242.8349412,5.625,197.2886225,5.625,110.8948891,1.875,138.3722702,-1.875,120.5253669,-5.625,34.55160041,-1.875,243.467267,1.875,286.3025902,-5.625
-93.66621245,5.625,281.5511923,5.625,246.19694,-1.875,129.1055848,5.625,253.0305641,-5.625,137.0419276,1.875,-64.45469878,-5.625,233.1747757,-5.625,116.4613119,-1.875,215.7056894,-5.625,160.5248121,-1.875,288.4985506,-1.875,202.7004167,-5.625,281.470627,1.875,8.917099936,-1.875,-54.54187199,5.625,300,5.625,293.6151961,1.875,194.0260514,-1.875,28.20984439,1.875,173.5480689,-1.875,-79.73885883,5.625,-21.10205892,1.875,-29.35245637,-5.625,63.16073563,5.625,76.60469369,5.625,89.70686546,5.625,60.72248452,-5.625,-67.72967945,5.625,143.630094,-5.625,21.90728999,5.625,76.97038896,1.875,44.84611857,5.625,146.2663951,5.625,169.2148119,5.625,2.866921184,-5.625,92.59987599,-1.875,269.7068057,1.875,153.977525,1.875,-58.72908174,-1.875,30.88361039,-5.625,-12.71353451,5.625,241.7344917,5.625,196.2752165,5.625,109.8566751,1.875,139.4313843,-1.875,121.6027261,-5.625,35.72383674,-1.875,242.4203646,1.875,287.4126551,-5.625
-94.70756891,5.625,280.5262586,5.625,247.4032011,-1.875,128.0898865,5.625,254.1051069,-5.625,136.0369365,1.875,-61.72044484,-5.625,234.2149332,-5.625,117.4865344,-1.875,216.7125618,-5.625,161.6189382,-1.875,289.7978768,-1.875,203.7725345,-5.625,280.6599057,1.875,9.948667906,-1.875,-55.58087828,5.625,298.1491388,5.625,292.9017614,1.875,195.0875612,-1.875,26.99105445,1.875,174.5756103,-1.875,-80.74689188,5.625,-22.2913258,1.875,-26.52655462,-5.625,62.12452417,5.625,75.601641,5.625,88.63881495,5.625,61.95881132,-5.625,-68.80303305,5.625,144.8543658,-5.625,20.90196845,5.625,75.89785381,1.875,44.04186134,5.625,145.1848796,5.625,168.3495994,5.625,3.920073809,-5.625,94.0651714,-1.875,268.6934041,1.875,153.1735321,1.875,-56.14964934,-1.875,31.97157798,-5.625,-13.75208982,5.625,240.6340423,5.625,195.2618105,5.625,108.818461,1.875,140.4904984,-1.875,122.6800853,-5.625,36.89607307,-1.875,241.3734621,1.875,288.52272,-5.625
-95.74892538,5.625,279.5013248,5.625,248.6094622,-1.875,127.0741882,5.625,255.1796497,-5.625,135.0319453,1.875,-58.9861909,-5.625,235.2550906,-5.625,118.5117568,-1.875,217.7194342,-5.625,162.4409714,-1.875,291.0972031,-1.875,204.5780324,-5.625,279.8491845,1.875,10.98023587,-1.875,-56.61988456,5.625,296.2982777,5.625,292.0385054,1.875,196.149071,-1.875,25.77226452,1.875,175.6031518,-1.875,-81.75492494,5.625,-23.48059269,1.875,-23.70065288,-5.625,61.08831272,5.625,74.59858832,5.625,87.57076445,5.625,63.19513813,-5.625,-69.6094595,5.625,146.0786376,-5.625,19.89664691,5.625,74.82531867,1.875,42.97139496,5.625,144.103364,5.625,167.3026924,5.625,4.973226434,-5.625,95.53046681,-1.875,267.6800026,1.875,152.1034175,1.875,-53.57021695,-1.875,33.05954557,-5.625,-14.79064513,5.625,239.5335928,5.625,194.2484044,5.625,107.780247,1.875,141.3657993,-1.875,123.7574445,-5.625,38.0683094,-1.875,240.3265597,1.875,289.6327849,-5.625
-96.79028185,5.625,278.476391,5.625,249.8157233,-1.875,126.0584899,5.625,256.2541926,-5.625,134.0269541,1.875,-56.25193696,-5.625,236.2952481,-5.625,119.5369793,-1.875,218.7263066,-5.625,163.5350976,-1.875,292.3965293,-1.875,205.6501502,-5.625,279.0384632,1.875,12.01180384,-1.875,-57.47856745,5.625,294.4474165,5.625,291.1752494,1.875,197.2105807,-1.875,24.55347458,1.875,176.6306933,-1.875,-82.762958,5.625,-24.66985957,1.875,-20.87475113,-5.625,60.05210127,5.625,73.59553563,5.625,86.76832231,5.625,64.43146493,-5.625,-70.6828131,5.625,147.3029095,-5.625,18.89132537,5.625,73.75278353,1.875,41.90092858,5.625,143.0218485,5.625,166.2557853,5.625,6.026379058,-5.625,96.99576222,-1.875,266.666601,1.875,151.0333029,1.875,-50.99078456,-1.875,34.14751316,-5.625,-15.82920044,5.625,238.4331433,5.625,193.2349984,5.625,106.742033,1.875,142.4249135,-1.875,124.8348038,-5.625,39.24054573,-1.875,239.2796572,1.875,290.7428498,-5.625
-97.83163831,5.625,277.4514573,5.625,251.0219844,-1.875,125.0427916,5.625,257.3287354,-5.625,133.021963,1.875,-53.51768302,-5.625,237.3354056,-5.625,120.5622018,-1.875,219.7331791,-5.625,164.6292237,-1.875,293.6958556,-1.875,206.722268,-5.625,278.2277419,1.875,13.04337181,-1.875,-58.51757373,5.625,292.5965553,5.625,290.4618147,1.875,198.2720905,-1.875,23.33468464,1.875,177.6582347,-1.875,-83.77099106,5.625,-25.85912646,1.875,-18.04884939,-5.625,59.01588981,5.625,72.59248294,5.625,85.70027181,5.625,65.66779173,-5.625,-71.75616671,5.625,148.5271813,-5.625,17.88600383,5.625,72.68024838,1.875,40.83046221,5.625,142.2092898,5.625,165.2088783,5.625,7.079531683,-5.625,98.46105763,-1.875,265.6531994,1.875,149.9631883,1.875,-48.41135217,-1.875,35.23548074,-5.625,-16.86775575,5.625,237.3326938,5.625,192.2215924,5.625,105.703819,1.875,143.4840276,-1.875,125.912163,-5.625,40.41278206,-1.875,238.2327547,1.875,291.8529148,-5.625
-98.87299478,5.625,276.4265235,5.625,252.2282455,-1.875,124.0270933,5.625,258.4032783,-5.625,132.0169718,1.875,-50.78342908,-5.625,238.375563,-5.625,121.5874242,-1.875,220.7400515,-5.625,165.7233499,-1.875,294.9951819,-1.875,207.7943857,-5.625,277.4170207,1.875,14.07493978,-1.875,-59.55658002,5.625,290.7456942,5.625,289.5985587,1.875,199.3336003,-1.875,22.11589471,1.875,178.6857762,-1.875,-84.77902412,5.625,-27.04839334,1.875,-15.22294764,-5.625,57.97967836,5.625,71.58943026,5.625,84.6322213,5.625,66.90411854,-5.625,-72.82952031,5.625,149.7514531,-5.625,16.88068229,5.625,71.60771324,1.875,40.02620497,5.625,141.1277743,5.625,164.3436658,5.625,8.132684308,-5.625,99.92635304,-1.875,264.6397978,1.875,149.1591954,1.875,-45.83191978,-1.875,36.32344833,-5.625,-17.90631106,5.625,236.2322444,5.625,191.2081863,5.625,104.665605,1.875,144.5431417,-1.875,126.9895222,-5.625,41.58501839,-1.875,237.1858523,1.875,292.9629797,-5.625
-99.91435125,5.625,275.4015898,5.625,253.4345067,-1.875,123.011395,5.625,259.4778211,-5.625,131.0119806,1.875,-48.04917514,-5.625,239.4157205,-5.625,122.6126467,-1.875,221.7469239,-5.625,166.545383,-1.875,296.2945081,-1.875,208.5998837,-5.625,276.6062994,1.875,15.10650775,-1.875,-60.59558631,5.625,288.894833,5.625,288.8851239,1.875,200.3951101,-1.875,20.89710477,1.875,179.7133177,-1.875,-85.78705718,5.625,-28.23766023,1.875,-12.3970459,-5.625,57.12330526,5.625,70.58637757,5.625,83.5641708,5.625,68.14044534,-5.625,-73.63594675,5.625,150.9757249,-5.625,15.87536074,5.625,70.5351781,1.875,38.9557386,5.625,140.0462587,5.625,163.2967588,5.625,9.185836933,-5.625,101.3916485,-1.875,263.6263962,1.875,148.0890808,1.875,-43.25248739,-1.875,37.41141592,-5.625,-18.94486637,5.625,235.1317949,5.625,190.1947803,5.625,103.6273909,1.875,145.6022558,-1.875,128.0668814,-5.625,42.75725471,-1.875,236.1389498,1.875,294.0730446,-5.625
300,5.625,274.376656,5.625,254.6407678,-1.875,121.9956967,5.625,260.5523639,-5.625,130.0069894,1.875,-45.3149212,-5.625,240.455878,-5.625,123.6378692,-1.875,222.7537963,-5.625,167.6395092,-1.875,297.5938344,-1.875,209.6720014,-5.625,275.7955781,1.875,16.13807572,-1.875,-61.63459259,5.625,287.0439719,5.625,288.0218679,1.875,201.4566199,-1.875,19.67831484,1.875,180.7408591,-1.875,-86.79509024,5.625,-29.42692711,1.875,-9.571144153,-5.625,56.08709381,5.625,69.58332489,5.625,82.76172866,5.625,69.37677215,-5.625,-74.70930036,5.625,152.1999968,-5.625,14.8700392,5.625,69.46264295,1.875,37.88527222,5.625,138.9647431,5.625,162.2498517,5.625,10.23898956,-5.625,102.8569439,-1.875,262.6129946,1.875,147.0189662,1.875,-40.673055,-1.875,38.49938351,-5.625,-19.98342168,5.625,234.0313454,5.625,189.1813743,5.625,102.5891769,1.875,146.6613699,-1.875,129.1442406,-5.625,43.92949104,-1.875,235.0920473,1.875,295.1831095,-5.625
298.5193111,5.625,273.3517222,5.625,255.8470289,-1.875,120.9799984,5.625,261.6269068,-5.625,129.0019983,1.875,-42.58066726,-5.625,241.4960354,-5.625,124.6630916,-1.875,223.7606688,-5.625,168.7336354,-1.875,298.8931606,-1.875,210.7441192,-5.625,274.9848569,1.875,17.16964369,-1.875,-62.67359888,5.625,286.051836,5.625,287.1586119,1.875,202.5181296,-1.875,18.4595249,1.875,181.7684006,-1.875,-87.8031233,5.625,-30.616194,1.875,-6.745242408,-5.625,55.05088236,5.625,68.5802722,5.625,81.69367815,5.625,70.61309895,-5.625,-75.78265396,5.625,153.4242686,-5.625,13.86471766,5.625,68.39010781,1.875,36.81480584,5.625,138.1521845,5.625,161.2029446,5.625,11.29214218,-5.625,104.3222393,-1.875,261.5995931,1.875,145.9488516,1.875,-38.0936226,-1.875,39.58735109,-5.625,-21.02197699,5.625,232.930896,5.625,188.1679682,5.625,101.5509629,1.875,147.720484,-1.875,130.2215998,-5.625,45.10172737,-1.875,234.0451449,1.875,296.2931744,-5.625
297.6462315,5.625,272.3267885,5.625,257.05329,-1.875,119.9643001,5.625,262.7014496,-5.625,127.9970071,1.875,-39.84641332,-5.625,242.5361929,-5.625,125.6883141,-1.875,224.7675412,-5.625,169.8277615,-1.875,-100,-5.625,211.8162369,-5.625,274.1741356,1.875,18.20121166,-1.875,-63.71260516,5.625,285.0597001,5.625,286.4451772,1.875,203.5796394,-1.875,17.24073497,1.875,182.7959421,-1.875,-88.81115636,5.625,-31.80546088,1.875,-5.725790667,-5.625,54.0146709,5.625,67.57721951,5.625,80.62562765,5.625,71.84942575,-5.625,-76.85600756,5.625,154.6485404,-5.625,12.85939612,5.625,67.31757267,1.875,36.01054861,5.625,137.0706689,5.625,160.1560376,5.625,12.34529481,-5.625,105.7875347,-1.875,260.5861915,1.875,145.1448586,1.875,-35.51419021,-1.875,40.67531868,-5.625,-22.0605323,5.625,231.8304465,5.625,187.1545622,5.625,100.5127489,1.875,148.7795982,-1.875,131.298959,-5.625,46.2739637,-1.875,232.9982424,1.875,297.4032393,-5.625
296.7731519,5.625,271.3018547,5.625,258.2595511,-1.875,118.9486018,5.625,263.7759924,-5.625,126.9920159,1.875,-37.11215938,-5.625,243.5763504,-5.625,126.7135366,-1.875,225.7744136,-5.625,170.6497947,-1.875,-97.61866299,-5.625,212.7022847,-5.625,273.3634143,1.875,19.23277963,-1.875,-64.75161145,5.625,284.0675642,5.625,285.5819212,1.875,204.6411492,-1.875,16.02194503,1.875,183.8234835,-1.875,-89.81918942,5.625,-32.99472777,1.875,-4.706338927,-5.625,52.97845945,5.625,66.57416683,5.625,79.55757715,5.625,73.08575256,-5.625,-77.66243401,5.625,155.8728123,-5.625,11.85407458,5.625,66.24503752,1.875,34.94008223,5.625,135.9891534,5.625,159.1091305,5.625,13.39844743,-5.625,107.2528301,-1.875,259.5727899,1.875,144.0747441,1.875,-32.93475782,-1.875,41.76328627,-5.625,-23.09908762,5.625,230.729997,5.625,186.1411562,5.625,99.47453487,1.875,149.6548991,-1.875,132.3763182,-5.625,47.44620003,-1.875,231.95134,1.875,298.5133042,-5.625
295.9000723,5.625,270.276921,5.625,259.4658122,-1.875,117.9329035,5.625,264.8505353,-5.625,125.9870248,1.875,-34.37790544,-5.625,244.6165078,-5.625,127.738759,-1.875,226.7812861,-5.625,171.7439208,-1.875,-95.23732598,-5.625,213.7744024,-5.625,272.5526931,1.875,20.2643476,-1.875,-65.61029433,5.625,283.0754283,5.625,284.7186652,1.875,205.702659,-1.875,14.8031551,1.875,184.851025,-1.875,-90.82722248,5.625,-34.18399465,1.875,-3.686887186,-5.625,51.942248,5.625,65.57111414,5.625,78.75513501,5.625,74.32207936,-5.625,-78.73578761,5.625,157.0970841,-5.625,10.84875304,5.625,65.17250238,1.875,33.86961586,5.625,134.9076378,5.625,158.0622235,5.625,14.45160006,-5.625,108.7181255,-1.875,258.5593883,1.875,143.0046295,1.875,-30.35532543,-1.875,42.85125386,-5.625,-24.13764293,5.625,229.6295476,5.625,185.1277501,5.625,98.43632085,1.875,150.7140132,-1.875,133.4536774,-5.625,48.61843636,-1.875,230.9044375,1.875,299.6233692,-5.625
295.0269928,5.625,269.2519872,5.625,260.6720733,-1.875,116.9172052,5.625,265.9250781,-5.625,124.9820336,1.875,-31.6436515,-5.625,245.6566653,-5.625,128.7639815,-1.875,227.7881585,-5.625,172.838047,-1.875,-92.85598897,-5.625,214.8465202,-5.625,271.7419718,1.875,21.29591557,-1.875,-66.64930062,5.625,282.0832925,5.625,284.0052305,1.875,206.7641688,-1.875,13.58436516,1.875,185.8785665,-1.875,-91.83525554,5.625,-35.37326154,1.875,-2.667435445,-5.625,50.90603654,5.625,64.56806145,5.625,77.6870845,5.625,75.55840617,-5.625,-79.80914121,5.625,158.3213559,-5.625,9.843431498,5.625,64.09996724,1.875,32.79914948,5.625,134.0950792,5.625,157.0153164,5.625,15.50475268,-5.625,110.1834209,-1.875,257.5459867,1.875,141.9345149,1.875,-27.77589304,-1.875,43.93922144,-5.625,-25.17619824,5.625,228.5290981,5.625,184.1143441,5.625,97.39810683,1.875,151.7731273,-1.875,134.5310366,-5.625,49.79067269,-1.875,229.857535,1.875,323.0269928,5.625
294.1539132,5.625,268.2270534,5.625,261.8783345,-1.875,115.9015068,5.625,266.9996209,-5.625,123.9770424,1.875,-28.90939756,-5.625,246.6968228,-5.625,129.789204,-1.875,228.7950309,-5.625,173.9321731,-1.875,-90.47465197,-5.625,215.7325679,-5.625,270.9312505,1.875,22.32748354,-1.875,-67.6883069,5.625,281.0911566,5.625,283.1419745,1.875,207.8256785,-1.875,12.36557523,1.875,186.9061079,-1.875,-92.8432886,5.625,-36.56252842,1.875,-1.647983704,-5.625,49.86982509,5.625,63.56500877,5.625,76.619034,5.625,76.79473297,-5.625,-80.88249481,5.625,159.5456277,-5.625,8.838109957,5.625,63.02743209,1.875,31.99489225,5.625,133.0135636,5.625,156.150104,5.625,16.55790531,-5.625,111.6487163,-1.875,256.5325851,1.875,141.1305219,1.875,-25.19646065,-1.875,45.02718903,-5.625,-26.21475355,5.625,227.4286486,5.625,183.1009381,5.625,96.35989281,1.875,152.8322414,-1.875,135.6083959,-5.625,50.96290901,-1.875,228.8106326,1.875,321.4963754,5.625
293.0974869,5.625,267.2021197,5.625,263.0845956,-1.875,114.8858085,5.625,268.0741638,-5.625,122.9720513,1.875,-26.17514362,-5.625,247.7369802,-5.625,130.8144264,-1.875,229.8019033,-5.625,174.7542063,-1.875,-88.09331496,-5.625,216.8046857,-5.625,270.1205293,1.875,23.3590515,-1.875,-68.72731319,5.625,280.0990207,5.625,282.2787185,1.875,208.8871883,-1.875,11.14678529,1.875,187.9336494,-1.875,-93.85132166,5.625,-37.75179531,1.875,-0.628531964,-5.625,49.01345199,5.625,62.56195608,5.625,75.5509835,5.625,78.03105977,-5.625,-81.68892126,5.625,160.7698996,-5.625,7.832788416,5.625,61.95489695,1.875,30.92442587,5.625,131.9320481,5.625,155.1031969,5.625,17.61105793,-5.625,113.1140117,-1.875,255.5191836,1.875,140.0604073,1.875,-22.61702825,-1.875,46.11515662,-5.625,-27.25330886,5.625,226.3281992,5.625,182.087532,5.625,95.32167879,1.875,153.7075424,-1.875,136.6857551,-5.625,52.13514534,-1.875,227.7637301,1.875,319.965758,5.625
292.2244073,5.625,266.1771859,5.625,264.2908567,-1.875,113.8701102,5.625,269.1487066,-5.625,121.9670601,1.875,-23.44088968,-5.625,248.7771377,-5.625,131.8396489,-1.875,230.8087758,-5.625,175.8483325,-1.875,-85.71197795,-5.625,217.6907334,-5.625,269.309808,1.875,24.39061947,-1.875,-69.58599607,5.625,279.1068848,5.625,281.5652838,1.875,209.9486981,-1.875,9.927995354,1.875,188.9611909,-1.875,-94.85935472,5.625,-38.94106219,1.875,0.390919777,-5.625,47.97724054,5.625,61.5589034,5.625,74.74854135,5.625,79.26738658,-5.625,-82.76227486,5.625,161.9941714,-5.625,6.827466876,5.625,60.88236181,1.875,29.85395949,5.625,130.8505325,5.625,154.0562899,5.625,18.66421056,-5.625,114.2056686,-1.875,254.505782,1.875,138.9902927,1.875,-20.03759586,-1.875,47.20312421,-5.625,-28.29186417,5.625,225.2277497,5.625,181.074126,5.625,94.28346477,1.875,154.7666565,-1.875,137.7631143,-5.625,53.30738167,-1.875,226.7168276,1.875,318.4351406,5.625
291.1679811,5.625,265.1522522,5.625,265.4971178,-1.875,112.8544119,5.625,270.2232495,-5.625,120.9620689,1.875,-20.70663574,-5.625,249.8172952,-5.625,132.8648714,-1.875,231.8156482,-5.625,176.9424586,-1.875,-83.33064094,-5.625,218.7628512,-5.625,268.4990867,1.875,25.42218744,-1.875,-70.62500236,5.625,278.1147489,5.625,280.7020278,1.875,211.0102079,-1.875,8.709205419,1.875,189.9887324,-1.875,-95.86738777,5.625,-40.13032908,1.875,1.410371518,-5.625,46.94102908,5.625,60.55585071,5.625,73.68049085,5.625,80.50371338,-5.625,-83.83562846,5.625,163.2184432,-5.625,5.822145335,5.625,59.80982667,1.875,28.78349312,5.625,130.0379739,5.625,153.0093828,5.625,19.71736318,-5.625,115.2973255,-1.875,253.4923804,1.875,137.9201781,1.875,-17.45816347,-1.875,48.29109179,-5.625,-29.33041948,5.625,224.1273002,5.625,180.06072,5.625,93.24525075,1.875,155.8257706,-1.875,138.8404735,-5.625,54.479618,-1.875,225.6699252,1.875,316.9045231,5.625
290.1115548,5.625,264.1273184,5.625,266.7033789,-1.875,111.8387136,5.625,271.2977923,-5.625,119.9570777,1.875,-17.9723818,-5.625,250.8574526,-5.625,133.8900938,-1.875,232.8225206,-5.625,178.0365848,-1.875,-80.94930393,-5.625,219.8349689,-5.625,267.6883655,1.875,26.45375541,-1.875,-71.66400864,5.625,277.1226131,5.625,279.8387718,1.875,212.0717177,-1.875,7.490415483,1.875,191.0162738,-1.875,-96.87542083,5.625,-41.31959596,1.875,2.429823258,-5.625,45.90481763,5.625,59.55279802,5.625,72.61244035,5.625,81.74004019,-5.625,-84.90898206,5.625,164.4427151,-5.625,4.816823794,5.625,58.73729152,1.875,27.97923588,5.625,128.9564583,5.625,152.1441703,5.625,20.7705158,-5.625,116.3889824,-1.875,252.4789788,1.875,137.1161852,1.875,-14.87873108,-1.875,49.37905938,-5.625,-30.36897479,5.625,223.0268508,5.625,179.0473139,5.625,92.20703674,1.875,156.8848847,-1.875,139.9178327,-5.625,55.65185433,-1.875,224.6230227,1.875,315.3739057,5.625
289.2384752,5.625,263.1023846,5.625,267.90964,-1.875,110.8230153,5.625,272.3723351,-5.625,118.9520866,1.875,-15.23812786,-5.625,251.8976101,-5.625,134.9153163,-1.875,233.829393,-5.625,178.858618,-1.875,-78.56796692,-5.625,220.7210167,-5.625,266.8776442,1.875,27.48532338,-1.875,-72.70301493,5.625,276.1304772,5.625,279.125337,1.875,213.1332275,-1.875,6.271625548,1.875,192.0438153,-1.875,-97.88345389,5.625,-42.50886285,1.875,3.449274999,-5.625,45.04844453,5.625,58.54974534,5.625,71.54438985,5.625,82.97636699,-5.625,-85.71540851,5.625,165.6669869,-5.625,3.811502253,5.625,57.66475638,1.875,26.90876951,5.625,127.8749428,5.625,151.0972633,5.625,21.82366843,-5.625,117.4806393,-1.875,251.4655772,1.875,136.0460706,1.875,-12.29929869,-1.875,50.46702697,-5.625,-31.4075301,5.625,221.9264013,5.625,178.0339079,5.625,91.16882272,1.875,157.7601856,-1.875,140.9951919,-5.625,56.82409066,-1.875,223.5761203,1.875,313.8432883,5.625
288.1820489,5.625,262.0774509,5.625,269.1159012,-1.875,109.807317,5.625,273.446878,-5.625,117.9470954,1.875,-12.50387392,-5.625,252.9377676,-5.625,135.9405388,-1.875,234.8362655,-5.625,179.9527441,-1.875,-76.18662991,-5.625,221.7931344,-5.625,266.0669229,1.875,28.51689135,-1.875,-73.74202122,5.625,275.0391277,5.625,278.262081,1.875,214.1947372,-1.875,5.052835612,1.875,193.0713568,-1.875,-98.89148695,5.625,-43.69812973,1.875,4.46872674,-5.625,44.01223308,5.625,57.54669265,5.625,70.7419477,5.625,84.21269379,-5.625,-86.78876211,5.625,166.8912587,-5.625,2.806180712,5.625,56.59222124,1.875,25.83830313,5.625,126.7934272,5.625,150.0503562,5.625,22.87682105,-5.625,118.5722961,-1.875,250.4521756,1.875,134.975956,1.875,-9.719866297,-1.875,51.55499456,-5.625,-32.44608541,5.625,220.8259518,5.625,177.0205019,5.625,90.1306087,1.875,158.8192998,-1.875,142.0725511,-5.625,57.99632699,-1.875,222.5292178,1.875,312.3126709,5.625
287.1256226,5.625,261.0525171,5.625,270.3221623,-1.875,108.7916187,5.625,274.5214208,-5.625,116.9421042,1.875,-9.769619979,-5.625,253.977925,-5.625,136.9657612,-1.875,235.8431379,-5.625,181.0468703,-1.875,-73.8052929,-5.625,222.8652522,-5.625,265.2562017,1.875,29.54845932,-1.875,-74.7810275,5.625,274.0469918,5.625,277.398825,1.875,215.256247,-1.875,3.834045677,1.875,194.0988982,-1.875,-99.89952001,5.625,-44.88739662,1.875,5.488178481,-5.625,42.97602162,5.625,56.54363996,5.625,69.6738972,5.625,85.4490206,-5.625,-87.86211571,5.625,168.1155305,-5.625,1.800859171,5.625,55.51968609,1.875,24.76783675,5.625,125.7119117,5.625,149.0034492,5.625,23.92997368,-5.625,119.663953,-1.875,249.4387741,1.875,133.9058414,1.875,-7.140433905,-1.875,52.64296214,-5.625,-33.48464072,5.625,219.7255023,5.625,176.0070958,5.625,89.09239468,1.875,159.8784139,-1.875,143.1499103,-5.625,59.16856331,-1.875,221.4823153,1.875,310.7820535,5.625
286.0691963,5.625,260.0275834,5.625,271.5284234,-1.875,107.7759204,5.625,275.5959636,-5.625,115.9371131,1.875,-7.035366039,-5.625,255.0180825,-5.625,137.9909837,-1.875,236.8500103,-5.625,182.1409964,-1.875,-71.4239559,-5.625,223.7512999,-5.625,264.4454804,1.875,30.58002729,-1.875,-75.82003379,5.625,273.054856,5.625,276.6853903,1.875,216.3177568,-1.875,2.615255741,1.875,195.1264397,-1.875,-100,-1.875,-46.0766635,1.875,6.507630221,-5.625,41.93981017,5.625,55.54058728,5.625,68.6058467,5.625,86.6853474,-5.625,-88.93546932,5.625,169.3398024,-5.625,0.79553763,5.625,54.44715095,1.875,23.96357952,5.625,124.899353,5.625,147.9565421,5.625,24.9831263,-5.625,120.7556099,-1.875,248.4253725,1.875,133.1018485,1.875,-4.561001514,-1.875,53.73092973,-5.625,-34.52319604,5.625,218.6250529,5.625,174.9936898,5.625,88.05418066,1.875,160.937528,-1.875,144.2272695,-5.625,60.34079964,-1.875,220.4354129,1.875,309.2514361,5.625
285.0127701,5.625,259.0026496,5.625,272.7346845,-1.875,106.7602221,5.625,276.6705065,-5.625,114.9321219,1.875,-5.949853825,-5.625,256.05824,-5.625,139.0162062,-1.875,237.8568828,-5.625,182.9630296,-1.875,-69.04261889,-5.625,224.8234177,-5.625,263.6347591,1.875,31.61159526,-1.875,-76.85904008,5.625,271.9635065,5.625,275.8221343,1.875,217.3792666,-1.875,1.396465806,1.875,196.1539812,-1.875,-97.85770184,-1.875,-47.26593039,1.875,7.527081962,-5.625,41.08343707,5.625,54.53753459,5.625,67.5377962,5.625,87.92167421,-5.625,-90.00882292,5.625,170.5640742,-5.625,-0.209783911,5.625,53.37461581,1.875,22.89311314,5.625,123.8178375,5.625,146.9096351,5.625,26.03627893,-5.625,121.8472668,-1.875,247.4119709,1.875,132.0317339,1.875,-1.981569122,-1.875,54.81889732,-5.625,-35.56175135,5.625,217.5246034,5.625,173.9802838,5.625,87.01596664,1.875,161.9966421,-1.875,145.3046287,-5.625,61.51303597,-1.875,219.3885104,1.875,307.7208187,5.625
283.9563438,5.625,257.9777158,5.625,273.9409456,-1.875,105.7445238,5.625,277.7450493,-5.625,113.9271307,1.875,-4.864341612,-5.625,257.0983974,-5.625,140.0414286,-1.875,238.8637552,-5.625,184.0571558,-1.875,-66.66128188,-5.625,225.8955355,-5.625,262.8240379,1.875,32.64316323,-1.875,-77.89804636,5.625,270.9713706,5.625,275.1086996,1.875,218.4407764,-1.875,0.17767587,1.875,197.1815226,-1.875,-95.71540367,-1.875,-48.45519727,1.875,8.546533703,-5.625,40.04722562,5.625,53.53448191,5.625,66.4697457,5.625,89.15800101,-5.625,-91.08217652,5.625,171.788346,-5.625,-1.215105452,5.625,52.30208066,1.875,21.82264677,5.625,122.7363219,5.625,145.862728,5.625,27.08943155,-5.625,122.9389237,-1.875,246.3985693,1.875,130.9616193,1.875,0.597863269,-1.875,55.90686491,-5.625,-36.60030666,5.625,216.4241539,5.625,172.9668777,5.625,85.97775262,1.875,163.0557562,-1.875,146.3819879,-5.625,62.6852723,-1.875,218.341608,1.875,306.1902013,5.625
283.0832642,5.625,256.9527821,5.625,275.1472067,-1.875,104.7288255,5.625,278.8195922,-5.625,112.9221396,1.875,-3.778829398,-5.625,258.1385549,-5.625,141.0666511,-1.875,239.8706276,-5.625,185.1512819,-1.875,-64.27994487,-5.625,226.7815832,-5.625,262.0133166,1.875,33.6747312,-1.875,-78.93705265,5.625,269.9792347,5.625,274.2454436,1.875,219.5022861,-1.875,-1.041114065,1.875,198.2090641,-1.875,-93.57310551,-1.875,-49.64446416,1.875,9.565985444,-5.625,39.01101416,5.625,52.53142922,5.625,65.66730355,5.625,90.39432781,-5.625,-92.15553012,5.625,173.0126179,-5.625,-2.220426993,5.625,51.22954552,1.875,20.75218039,5.625,121.6548063,5.625,144.8158209,5.625,28.14258418,-5.625,124.0305806,-1.875,245.3851677,1.875,129.8915047,1.875,3.177295661,-1.875,56.99483249,-5.625,-37.63886197,5.625,215.3237045,5.625,171.9534717,5.625,84.9395386,1.875,164.1148704,-1.875,147.4593472,-5.625,63.85750863,-1.875,217.2947055,1.875,304.6595839,5.625
282.0268379,5.625,255.9278483,5.625,276.3534678,-1.875,103.7131272,5.625,279.894135,-5.625,111.9171484,1.875,-2.693317185,-5.625,259.1787124,-5.625,142.0918736,-1.875,240.8775,-5.625,186.2454081,-1.875,-61.89860786,-5.625,227.853701,-5.625,261.2025953,1.875,34.70629916,-1.875,-79.97605893,5.625,268.8878853,5.625,273.3821876,1.875,220.5637959,-1.875,-2.259904001,1.875,199.2366056,-1.875,-91.43080735,-1.875,-50.83373104,1.875,10.58543718,-5.625,37.97480271,5.625,51.52837653,5.625,64.59925305,5.625,91.63065462,-5.625,-93.22888372,5.625,174.2368897,-5.625,-3.225748534,5.625,50.15701038,1.875,19.94792316,5.625,120.8422477,5.625,143.7689139,5.625,29.1957368,-5.625,125.1222374,-1.875,244.3717661,1.875,129.0875117,1.875,5.756728052,-1.875,58.08280008,-5.625,-38.67741728,5.625,214.223255,5.625,170.9400657,5.625,83.90132459,1.875,165.1739845,-1.875,148.5367064,-5.625,65.02974496,-1.875,216.247803,1.875,303.6369632,5.625
280.9704116,5.625,254.9029146,5.625,277.559729,-1.875,102.6974289,5.625,280.9686778,-5.625,110.9121572,1.875,-1.607804971,-5.625,260.2188698,-5.625,143.117096,-1.875,241.8843725,-5.625,187.0674412,-1.875,-59.51727085,-5.625,228.9258187,-5.625,260.3918741,1.875,35.73786713,-1.875,-81.01506522,5.625,267.8957494,5.625,272.6687529,1.875,221.6253057,-1.875,-3.478693936,1.875,200.264147,-1.875,-89.28850919,-1.875,-52.02299793,1.875,11.60488892,-5.625,36.93859126,5.625,50.52532385,5.625,63.53120255,5.625,92.86698142,-5.625,-94.30223732,5.625,175.4611615,-5.625,-4.231070075,5.625,49.08447523,1.875,18.87745678,5.625,119.7607321,5.625,142.9037014,5.625,30.24888943,-5.625,125.9424154,-1.875,243.3583646,1.875,128.0173971,1.875,8.336160444,-1.875,59.17076767,-5.625,-39.71597259,5.625,213.1228055,5.625,169.9266597,5.625,82.86311057,1.875,166.0492854,-1.875,149.6140656,-5.625,66.20198129,-1.875,215.2009006,1.875,302.6143426,5.625
279.9139853,5.625,253.8779808,5.625,278.7659901,-1.875,101.6817306,5.625,282.0432207,-5.625,109.907166,1.875,-0.522292758,-5.625,261.2590273,-5.625,144.1423185,-1.875,242.8912449,-5.625,188.1615674,-1.875,-57.13593384,-5.625,229.8118665,-5.625,259.5811528,1.875,36.7694351,-1.875,-82.05407151,5.625,266.9036135,5.625,271.8054969,1.875,222.6868155,-1.875,-4.697483872,1.875,201.2916885,-1.875,-87.14621102,-1.875,-53.21226481,1.875,12.62434067,-5.625,35.90237981,5.625,49.52227116,5.625,62.46315205,5.625,94.10330823,-5.625,-95.37559092,5.625,176.6854334,-5.625,-5.236391616,5.625,48.01194009,1.875,17.8069904,5.625,118.6792166,5.625,141.8567944,5.625,31.30204205,-5.625,127.0340723,-1.875,242.344963,1.875,126.9472825,1.875,10.91559284,-1.875,60.25873526,-5.625,-40.7545279,5.625,212.0223561,5.625,168.9132536,5.625,81.82489655,1.875,167.1083995,-1.875,150.6914248,-5.625,67.37421761,-1.875,214.1539981,1.875,301.591722,5.625
278.8575591,5.625,252.853047,5.625,279.9722512,-1.875,100.6660323,5.625,283.1177635,-5.625,108.9021749,1.875,0.563219456,-5.625,262.2991848,-5.625,145.167541,-1.875,243.8981173,-5.625,189.2556936,-1.875,-54.75459684,-5.625,230.8839842,-5.625,258.7704315,1.875,37.80100307,-1.875,-83.09307779,5.625,265.812264,5.625,270.9422409,1.875,223.7483253,-1.875,-5.916273807,1.875,202.31923,-1.875,-85.00391286,-1.875,-54.4015317,1.875,13.64379241,-5.625,34.86616835,5.625,48.51921847,5.625,61.6607099,5.625,95.33963503,-5.625,-96.44894453,5.625,177.9097052,-5.625,-6.241713157,5.625,46.93940495,1.875,16.73652403,5.625,117.597701,5.625,140.8098873,5.625,32.35519468,-5.625,128.1257292,-1.875,241.3315614,1.875,125.8771679,1.875,13.49502523,-1.875,61.34670284,-5.625,-41.79308321,5.625,210.9219066,5.625,167.8998476,5.625,80.78668253,1.875,168.1675136,-1.875,151.768784,-5.625,68.54645394,-1.875,213.1070956,1.875,300.5691013,5.625
277.8011328,5.625,251.8281133,5.625,281.1785123,-1.875,99.65033396,5.625,284.1923063,-5.625,107.8971837,1.875,1.648731669,-5.625,263.3393422,-5.625,146.1927634,-1.875,244.9049897,-5.625,190.3498197,-1.875,-52.37325983,-5.625,231.956102,-5.625,257.9597103,1.875,38.83257104,-1.875,-84.13208408,5.625,264.8201282,5.625,270.2288062,1.875,224.809835,-1.875,-7.135063743,1.875,203.3467714,-1.875,-82.8616147,-1.875,-55.59079858,1.875,14.66324415,-5.625,33.8299569,5.625,47.51616579,5.625,60.5926594,5.625,96.57596183,-5.625,-97.52229813,5.625,179.133977,-5.625,-7.247034698,5.625,45.8668698,1.875,15.93226679,5.625,116.7851424,5.625,139.7629803,5.625,33.4083473,-5.625,129.2173861,-1.875,240.3181598,1.875,125.073175,1.875,16.07445762,-1.875,62.43467043,-5.625,-42.83163852,5.625,209.8214571,5.625,166.8864416,5.625,79.74846851,1.875,169.2266278,-1.875,152.8461432,-5.625,69.71869027,-1.875,212.0601932,1.875,299.5464807,5.625
276.9280532,5.625,250.8031795,5.625,282.3847734,-1.875,98.63463565,5.625,285.2668492,-5.625,106.8921925,1.875,2.734243883,-5.625,264.3794997,-5.625,147.2179859,-1.875,245.9118622,-5.625,191.1718529,-1.875,-49.99192282,-5.625,232.8421497,-5.625,257.148989,1.875,39.86413901,-1.875,-85.17109037,5.625,263.8279923,5.625,269.3655501,1.875,225.8713448,-1.875,-8.353853678,1.875,204.3743129,-1.875,-80.71931653,-1.875,-56.78006547,1.875,15.68269589,-5.625,32.9735838,5.625,46.5131131,5.625,59.5246089,5.625,97.81228864,-5.625,-98.59565173,5.625,180.3582488,-5.625,-8.252356239,5.625,44.79433466,1.875,14.86180042,5.625,115.7036268,5.625,138.8977678,5.625,34.46149993,-5.625,130.3090429,-1.875,239.3047582,1.875,124.0030604,1.875,18.65389001,-1.875,63.52263802,-5.625,-43.87019383,5.625,208.7210077,5.625,165.8730355,5.625,78.71025449,1.875,170.1019287,-1.875,153.9235024,-5.625,70.8909266,-1.875,211.0132907,1.875,298.52386,5.625
275.8716269,5.625,249.7782458,5.625,283.5910345,-1.875,97.61893734,5.625,286.341392,-5.625,105.8872014,1.875,3.549805275,-5.625,265.4196572,-5.625,148.2432084,-1.875,246.9187346,-5.625,192.265979,-1.875,-47.61058581,-5.625,233.9142675,-5.625,256.3382677,1.875,40.89570698,-1.875,-86.21009665,5.625,262.7366428,5.625,268.5022941,1.875,226.9328546,-1.875,-9.572643614,1.875,205.4018544,-1.875,-78.57701837,-1.875,-57.96933235,1.875,16.70214763,-5.625,31.93737235,5.625,45.51006041,5.625,58.4565584,5.625,99.04861544,-5.625,-99.66900533,5.625,181.5825207,-5.625,-9.25767778,5.625,43.72179952,1.875,13.79133404,5.625,114.6221113,5.625,137.8508608,5.625,35.51465255,-5.625,131.1292209,-1.875,238.2913566,1.875,122.9329458,1.875,21.2333224,-1.875,64.61060561,-5.625,-44.90874914,5.625,207.6205582,5.625,164.8596295,5.625,77.67204047,1.875,171.1610428,-1.875,155.0008616,-5.625,72.06316293,-1.875,209.9663883,1.875,297.5012394,5.625
274.8152006,5.625,248.753312,5.625,284.7972956,-1.875,96.60323904,5.625,287.4159349,-5.625,104.8822102,1.875,4.635317489,-5.625,266.4598146,-5.625,149.2684308,-1.875,247.925607,-5.625,193.3601052,-1.875,-45.2292488,-5.625,234.9863852,-5.625,255.2591977,1.875,41.92727495,-1.875,-87.24910294,5.625,261.7445069,5.625,267.6390381,1.875,227.9943644,-1.875,-10.79143355,1.875,206.4293958,-1.875,-76.43472021,-1.875,-59.15859923,1.875,17.72159937,-5.625,30.90116089,5.625,44.50700773,5.625,57.65411625,5.625,100.2849422,-5.625,306.4786187,5.625,182.8067925,-5.625,-10.26299932,5.625,42.64926437,1.875,12.72086766,5.625,113.5405957,5.625,136.8039537,5.625,36.56780518,-5.625,132.2208778,-1.875,237.2779551,1.875,121.8628312,1.875,23.81275479,-1.875,65.69857319,-5.625,-45.94730446,5.625,206.5201087,5.625,163.8462235,5.625,76.63382646,1.875,172.2201569,-1.875,156.0782208,-5.625,73.23539926,-1.875,208.9194858,1.875,296.4786187,5.625
273.7587744,5.625,247.7283782,5.625,286.0035568,-1.875,95.58754073,5.625,288.4904777,-5.625,103.877219,1.875,5.720829702,-5.625,267.4999721,-5.625,150.2936533,-1.875,248.9324795,-5.625,194.4542313,-1.875,-42.84791179,-5.625,235.872433,-5.625,254.4484764,1.875,42.95884292,-1.875,-88.28810923,5.625,260.752371,5.625,266.7757821,1.875,229.0558742,-1.875,-12.01022348,1.875,207.4569373,-1.875,-74.29242205,-1.875,-60.34786612,1.875,18.74105111,-5.625,29.86494944,5.625,43.50395504,5.625,56.58606575,5.625,101.5212691,-5.625,305.6605222,5.625,184.0310643,-5.625,-11.26832086,5.625,41.57672923,1.875,11.91661043,5.625,112.7280371,5.625,135.7570466,5.625,37.6209578,-5.625,133.3125347,-1.875,236.2645535,1.875,121.0588383,1.875,26.39218718,-1.875,66.78654078,-5.625,-46.98585977,5.625,205.4196593,5.625,162.8328174,5.625,75.59561244,1.875,173.279271,-1.875,157.15558,-5.625,74.40763559,-1.875,207.8725833,1.875,295.4559981,5.625
272.7023481,5.625,246.7034445,5.625,287.2098179,-1.875,94.57184243,5.625,289.5650205,-5.625,102.8722279,1.875,6.806341916,-5.625,268.5401296,-5.625,151.3188758,-1.875,249.9393519,-5.625,195.5483575,-1.875,-40.46657478,-5.625,236.9445507,-5.625,253.3694064,1.875,43.99041089,-1.875,-89.32711551,5.625,259.6610216,5.625,265.9125261,1.875,230.1173839,-1.875,-13.22901342,1.875,208.4844788,-1.875,-72.15012388,-1.875,-61.537133,1.875,19.76050285,-5.625,29.00857634,5.625,42.50090236,5.625,55.51801525,5.625,102.7575959,-5.625,304.8424257,5.625,185.2553362,-5.625,-12.2736424,5.625,40.50419409,1.875,10.84614405,5.625,111.6465215,5.625,134.7101396,5.625,38.67411042,-5.625,134.4041916,-1.875,235.2511519,1.875,119.9887237,1.875,27.21744156,-1.875,67.87450837,-5.625,-48.02441508,5.625,204.3192098,5.625,161.8194114,5.625,74.55739842,1.875,174.3383852,-1.875,158.2329393,-5.625,75.57987191,-1.875,206.8256809,1.875,294.4333775,5.625
271.6459218,5.625,245.6785107,5.625,288.416079,-1.875,93.55614412,5.625,290.6395634,-5.625,101.8672367,1.875,7.621903308,-5.625,269.580287,-5.625,152.3440982,-1.875,250.9462243,-5.625,196.3703907,-1.875,-38.08523778,-5.625,237.8305985,-5.625,252.2903364,1.875,45.02197886,-1.875,-90.3661218,5.625,258.6688857,5.625,265.0492701,1.875,231.1788937,-1.875,-14.44780336,1.875,209.5120202,-1.875,-70.00782572,-1.875,-62.72639989,1.875,20.77995459,-5.625,27.97236489,5.625,41.49784967,5.625,54.44996475,5.625,103.9939227,-5.625,304.0243292,5.625,186.479608,-5.625,-13.27896394,5.625,39.43165894,1.875,9.775677677,5.625,110.565006,5.625,133.6632325,5.625,39.72726305,-5.625,135.2243695,-1.875,234.2377503,1.875,118.9186091,1.875,28.04269594,-1.875,68.96247596,-5.625,-49.06297039,5.625,203.2187603,5.625,160.8060054,5.625,73.5191844,1.875,175.3974993,-1.875,159.3102985,-5.625,76.75210824,-1.875,205.7787784,1.875,293.4107568,5.625
270.7728422,5.625,244.653577,5.625,289.6223401,-1.875,92.54044581,5.625,291.7141062,-5.625,100.8622455,1.875,8.707415522,-5.625,270.6204445,-5.625,153.3693207,-1.875,251.9530967,-5.625,197.4645168,-1.875,-35.70390077,-5.625,238.9027162,-5.625,251.2112664,1.875,46.05354682,-1.875,-91.40512808,5.625,257.6767498,5.625,264.1860141,1.875,232.2404035,-1.875,-15.66659329,1.875,210.5395617,-1.875,-67.86552756,-1.875,-63.91566677,1.875,21.79940633,-5.625,26.93615343,5.625,40.49479698,5.625,53.6475226,5.625,105.2302495,-5.625,303.2062327,5.625,187.7038798,-5.625,-14.28428549,5.625,38.3591238,1.875,8.7052113,5.625,109.4834904,5.625,132.6163255,5.625,40.78041567,-5.625,136.3160264,-1.875,233.2243487,1.875,117.8484945,1.875,29.14110951,-1.875,70.05044354,-5.625,-50.1015257,5.625,202.1183108,5.625,159.7925993,5.625,72.48097038,1.875,176.4566134,-1.875,160.3876577,-5.625,77.92434457,-1.875,204.7318759,1.875,292.3881362,5.625
269.7164159,5.625,243.6286432,5.625,290.8286012,-1.875,91.52474751,5.625,292.788649,-5.625,99.85725434,1.875,9.792927736,-5.625,271.660602,-5.625,154.3945432,-1.875,252.9599692,-5.625,198.558643,-1.875,-33.32256376,-5.625,239.974834,-5.625,250.4005452,1.875,47.08511479,-1.875,-92.44413437,5.625,256.5854004,5.625,263.3227581,1.875,233.3019133,-1.875,-16.88538323,1.875,211.5671032,-1.875,-65.7232294,-1.875,-65.10493366,1.875,22.81885807,-5.625,25.89994198,5.625,39.4917443,5.625,52.5794721,5.625,106.4665763,-5.625,302.3881362,5.625,188.9281516,-5.625,-15.28960703,5.625,37.28658866,1.875,7.900954067,5.625,108.6709318,5.625,131.5694184,5.625,41.8335683,-5.625,137.4076833,-1.875,232.2109471,1.875,117.0445015,1.875,29.96636388,-1.875,71.13841113,-5.625,-51.14008101,5.625,201.0178614,5.625,158.7791933,5.625,71.44275636,1.875,177.5157275,-1.875,161.4650169,-5.625,79.0965809,-1.875,203.6849735,1.875,291.3655155,5.625
268.6599896,5.625,242.6037095,5.625,292.0348623,-1.875,90.5090492,5.625,293.8631919,-5.625,98.85226317,1.875,10.87843995,-5.625,272.7007594,-5.625,155.4197656,-1.875,253.9668416,-5.625,199.6527691,-1.875,-30.94122675,-5.625,240.8608817,-5.625,249.3214752,1.875,48.11668276,-1.875,-93.48314066,5.625,255.5932645,5.625,262.4595021,1.875,234.3634231,-1.875,-18.10417316,1.875,212.5946447,-1.875,-63.58093123,-1.875,-66.29420054,1.875,23.83830981,-5.625,25.04356888,5.625,38.48869161,5.625,51.5114216,5.625,107.7029031,-5.625,301.5700397,5.625,190.1524235,-5.625,-16.29492857,5.625,36.21405351,1.875,6.83048769,5.625,107.5894162,5.625,130.704206,5.625,42.88672092,-5.625,138.4993402,-1.875,231.1975456,1.875,115.9743869,1.875,31.06477746,-1.875,72.22637872,-5.625,-52.17863632,5.625,199.9174119,5.625,157.7657873,5.625,70.40454234,1.875,178.5748416,-1.875,162.5423761,-5.625,80.26881723,-1.875,202.638071,1.875,290.3428949,5.625
267.6035634,5.625,241.5787757,5.625,293.2411234,-1.875,89.4933509,5.625,294.9377347,-5.625,97.847272,1.875,11.69400134,-5.625,273.7409169,-5.625,156.4449881,-1.875,254.973714,-5.625,200.4748023,-1.875,-28.55988974,-5.625,241.9329995,-5.625,248.2424052,1.875,49.14825073,-1.875,-94.52214694,5.625,254.6011286,5.625,261.4149623,1.875,235.4249329,-1.875,-19.3229631,1.875,213.6221861,-1.875,-61.43863307,-1.875,-67.48346743,1.875,24.85776155,-5.625,24.00735743,5.625,37.48563892,5.625,50.4433711,5.625,108.9392299,-5.625,300.7519431,5.625,191.3766953,-5.625,-17.30025011,5.625,35.14151837,1.875,5.760021313,5.625,106.5079006,5.625,129.6572989,5.625,43.93987355,-5.625,139.3195182,-1.875,230.184144,1.875,114.9042723,1.875,32.16319103,-1.875,73.31434631,-5.625,-53.21719163,5.625,198.8169624,5.625,156.7523812,5.625,69.36632832,1.875,179.4501426,-1.875,163.6197353,-5.625,81.44105356,-1.875,201.5911686,1.875,289.3202742,5.625
266.5471371,5.625,240.5538419,5.625,294.4473846,-1.875,88.47765259,5.625,296.0122775,-5.625,96.84228083,1.875,12.77951356,-5.625,274.7810743,-5.625,157.4702106,-1.875,255.9805864,-5.625,201.5689285,-1.875,-26.17855273,-5.625,243.0051172,-5.625,247.1633351,1.875,50.1798187,-1.875,-95.56115323,5.625,253.5097791,5.625,260.3704226,1.875,236.4864426,-1.875,-20.54175303,1.875,214.6497276,-1.875,-59.29633491,-1.875,-68.67273431,1.875,25.8772133,-5.625,22.97114597,5.625,36.48258624,5.625,49.64092895,5.625,110.1755567,-5.625,299.9338466,5.625,192.6009671,-5.625,-18.30557165,5.625,34.06898323,1.875,4.689554937,5.625,105.4263851,5.625,128.6103918,5.625,44.99302617,-5.625,140.411175,-1.875,229.1707424,1.875,113.8341577,1.875,33.2616046,-1.875,74.40231389,-5.625,-54.25574694,5.625,197.716513,5.625,155.7389752,5.625,68.32811431,1.875,180.5092567,-1.875,164.6970945,-5.625,82.61328989,-1.875,200.5442661,1.875,288.2976536,5.625
265.4907108,5.625,239.5289082,5.625,295.6536457,-1.875,87.46195429,5.625,297.0868204,-5.625,95.83728966,1.875,13.86502577,-5.625,275.8212318,-5.625,158.495433,-1.875,256.9874589,-5.625,202.6630546,-1.875,-23.79721572,-5.625,243.891165,-5.625,246.3526139,1.875,51.21138667,-1.875,-96.60015952,5.625,252.5176432,5.625,259.3258828,1.875,237.5479524,-1.875,-21.76054297,1.875,215.6772691,-1.875,-57.15403674,-1.875,-69.8620012,1.875,26.89666504,-5.625,21.93493452,5.625,35.47953355,5.625,48.57287845,5.625,111.4118835,-5.625,299.1157501,5.625,193.825239,-5.625,-19.31089319,5.625,32.99644808,1.875,3.885297704,5.625,104.6138264,5.625,127.5634848,5.625,46.0461788,-5.625,141.5028319,-1.875,228.1573408,1.875,113.0301648,1.875,34.08685898,-1.875,75.49028148,-5.625,-55.29430225,5.625,196.6160635,5.625,154.7255692,5.625,67.28990029,1.875,181.5683708,-1.875,165.7744537,-5.625,83.78552621,-1.875,199.4973636,1.875,287.275033,5.625
264.6176312,5.625,238.5039744,5.625,296.8599068,-1.875,86.44625598,5.625,298.1613632,-5.625,94.83229849,1.875,14.95053798,-5.625,276.8613893,-5.625,159.5206555,-1.875,257.9943313,-5.625,203.7571808,-1.875,-21.41587871,-5.625,244.9632827,-5.625,245.2735439,1.875,52.24295464,-1.875,-97.6391658,5.625,251.5255074,5.625,258.4626268,1.875,238.6094622,-1.875,-22.9793329,1.875,216.7048105,-1.875,-55.01173858,-1.875,-71.05126808,1.875,27.91611678,-5.625,20.89872307,5.625,34.47648087,5.625,47.50482795,5.625,112.6482103,-5.625,298.2976536,5.625,195.0495108,-5.625,-20.31621473,5.625,31.92391294,1.875,2.814831327,5.625,103.5323109,5.625,126.6982723,5.625,47.09933142,-5.625,142.5944888,-1.875,227.1439392,1.875,111.9600502,1.875,35.18527255,-1.875,76.57824907,-5.625,-56.33285757,5.625,195.515614,5.625,153.7121631,5.625,66.25168627,1.875,182.6274849,-1.875,166.8518129,-5.625,84.95776254,-1.875,198.4504612,1.875,286.2524123,5.625
263.5612049,5.625,237.4790407,5.625,298.0661679,-1.875,85.43055767,5.625,299.2359061,-5.625,93.82730732,1.875,15.76609937,-5.625,277.9015467,-5.625,160.545878,-1.875,259.0012037,-5.625,204.579214,-1.875,-19.03454171,-5.625,246.0354005,-5.625,244.1944739,1.875,53.27452261,-1.875,-98.67817209,5.625,250.4341579,5.625,257.418087,1.875,239.670972,-1.875,-24.19812284,1.875,217.732352,-1.875,-52.86944042,-1.875,-72.24053497,1.875,28.93556852,-5.625,19.86251162,5.625,33.47342818,5.625,46.43677745,5.625,113.8845371,-5.625,297.4795571,5.625,196.2737826,-5.625,-21.32153627,5.625,30.8513778,1.875,1.74436495,5.625,102.4507953,5.625,125.6513653,5.625,48.15248405,-5.625,143.4146668,-1.875,226.1305376,1.875,110.8899356,1.875,36.28368613,-1.875,77.66621666,-5.625,-57.37141288,5.625,194.4151646,5.625,152.6987571,5.625,65.21347225,1.875,183.5027858,-1.875,167.9291721,-5.625,86.12999887,-1.875,197.4035587,1.875,285.2297917,5.625
262.5047786,5.625,236.4541069,5.625,299.272429,-1.875,84.41485937,5.625,-100,-1.875,92.82231615,1.875,16.85161159,-5.625,278.9417042,-5.625,161.5711004,-1.875,260.0080762,-5.625,205.6733401,-1.875,-16.6532047,-5.625,246.9214482,-5.625,243.1154039,1.875,54.30609058,-1.875,-99.71717837,5.625,249.442022,5.625,256.3735473,1.875,240.7324818,-1.875,-25.41691278,1.875,218.7598935,-1.875,-50.72714226,-1.875,-73.42980185,1.875,29.95502026,-5.625,18.82630016,5.625,32.47037549,5.625,45.6343353,5.625,115.1208639,-5.625,296.6614606,5.625,197.4980544,-5.625,-22.32685781,5.625,29.77884265,1.875,0.673898573,5.625,101.3692798,5.625,124.6044582,5.625,49.20563667,-5.625,144.5063237,-1.875,225.1171361,1.875,109.819821,1.875,37.3820997,-1.875,78.75418424,-5.625,-58.40996819,5.625,193.3147151,5.625,151.6853511,5.625,64.17525823,1.875,184.5618999,-1.875,169.0065313,-5.625,87.3022352,-1.875,196.3566562,1.875,284.207171,5.625
261.4483524,5.625,235.4291731,5.625,-100,-5.625,83.39916106,5.625,-97.87171145,-1.875,91.81732498,1.875,17.9371238,-5.625,279.9818617,-5.625,162.5963229,-1.875,261.0149486,-5.625,206.7674663,-1.875,-14.27186769,-5.625,247.993566,-5.625,242.3046826,1.875,55.33765855,-1.875,300,1.875,248.4498861,5.625,255.3290075,1.875,241.7939915,-1.875,-26.63570271,1.875,219.7874349,-1.875,-48.58484409,-1.875,-74.61906874,1.875,30.974472,-5.625,17.79008871,5.625,31.46732281,5.625,44.5662848,5.625,116.3571907,-5.625,295.843364,5.625,198.7223263,-5.625,-23.33217935,5.625,28.70630751,1.875,-0.396567804,5.625,100.5567211,5.625,123.5575512,5.625,50.2587893,-5.625,145.5979805,-1.875,224.1037345,1.875,108.7497064,1.875,38.20735408,-1.875,79.84215183,-5.625,-59.4485235,5.625,192.2142656,5.625,150.671945,5.625,63.13704421,1.875,185.6210141,-1.875,170.0838906,-5.625,88.47447153,-1.875,195.3097538,1.875,283.1845504,5.625
260.5752728,5.625,234.4042394,5.625,-97.88088097,-5.625,82.38346276,5.625,-95.7434229,-1.875,90.81233381,1.875,19.02263602,-5.625,281.0220191,-5.625,163.6215454,-1.875,262.021821,-5.625,207.8615924,-1.875,-11.89053068,-5.625,249.0656838,-5.625,241.2256126,1.875,56.36922652,-1.875,297.038814,1.875,247.3585367,5.625,254.2844677,1.875,242.8555013,-1.875,-27.85449265,1.875,220.8149764,-1.875,-46.44254593,-1.875,-75.80833562,1.875,31.99392374,-5.625,16.75387726,5.625,30.46427012,5.625,43.4982343,5.625,117.5935175,-5.625,295.0252675,5.625,199.9465981,-5.625,-24.3375009,5.625,27.63377237,1.875,-1.200825036,5.625,99.47520558,5.625,122.5106441,5.625,51.31194192,-5.625,146.6896374,-1.875,223.0903329,1.875,107.9457135,1.875,39.30576765,-1.875,80.93011942,-5.625,-60.48707881,5.625,191.1138162,5.625,149.658539,5.625,62.09883019,1.875,186.6801282,-1.875,171.1612498,-5.625,89.64670786,-1.875,194.2628513,1.875,282.1619297,5.625
259.5188465,5.625,233.3793056,5.625,-95.76176193,-5.625,81.36776445,5.625,-93.61513435,-1.875,89.80734264,1.875,19.83819741,-5.625,282.0621766,-5.625,164.6467678,-1.875,263.0286934,-5.625,208.6836256,-1.875,-9.509193672,-5.625,249.9517315,-5.625,240.1465426,1.875,57.40079449,-1.875,294.0776281,1.875,246.456595,5.625,253.239928,1.875,243.9170111,-1.875,-29.07328258,1.875,221.8425179,-1.875,-44.30024777,-1.875,-76.99760251,1.875,33.01337548,-5.625,15.89750416,5.625,29.46121743,5.625,42.4301838,5.625,118.8298443,-5.625,294.207171,5.625,201.1708699,-5.625,-25.34282244,5.625,26.56123723,1.875,-2.271291413,5.625,98.39369002,5.625,121.4637371,5.625,52.36509455,-5.625,147.5098154,-1.875,222.0769313,1.875,106.8755989,1.875,40.40418122,-1.875,82.01808701,-5.625,-61.52563412,5.625,190.0133667,5.625,148.645133,5.625,61.06061618,1.875,187.7392423,-1.875,172.238609,-5.625,90.81894418,-1.875,193.2159489,1.875,281.1393091,5.625
258.4624202,5.625,232.3543719,5.625,-93.6426429,-5.625,80.35206614,5.625,-91.4868458,-1.875,88.80235147,1.875,20.92370962,-5.625,283.1023341,-5.625,165.6719903,-1.875,264.0355659,-5.625,209.7777518,-1.875,-7.127856663,-5.625,251.0238493,-5.625,239.0674726,1.875,58.43236245,-1.875,291.1164421,1.875,245.3652455,5.625,252.1953882,1.875,244.9785209,-1.875,-30.29207252,1.875,222.8700593,-1.875,-42.1579496,-1.875,-78.18686939,1.875,34.03282722,-5.625,14.8612927,5.625,28.45816475,5.625,41.62774165,5.625,120.0661711,-5.625,293.3890745,5.625,202.3951418,-5.625,-26.34814398,5.625,25.48870208,1.875,-3.34175779,5.625,97.31217447,5.625,120.41683,5.625,53.41824717,-5.625,148.6014723,-1.875,221.0635297,1.875,105.8054843,1.875,41.5025948,-1.875,83.10605459,-5.625,-62.56418943,5.625,188.9129172,5.625,147.6317269,5.625,60.02240216,1.875,188.7983564,-1.875,173.3159682,-5.625,91.99118051,-1.875,192.1690464,1.875,280.1166884,5.625
257.4059939,5.625,231.3294381,5.625,-91.52352386,-5.625,79.33636784,5.625,-89.35855725,-1.875,87.7973603,1.875,22.00922183,-5.625,284.1424915,-5.625,166.6972128,-1.875,265.0424383,-5.625,210.8718779,-1.875,-4.746519654,-5.625,252.095967,-5.625,237.9884026,1.875,59.46393042,-1.875,288.1552562,1.875,244.273896,5.625,251.1508484,1.875,246.0400307,-1.875,-31.51086245,1.875,223.8976008,-1.875,-40.01565144,-1.875,-79.37613628,1.875,35.05227896,-5.625,13.82508125,5.625,27.45511206,5.625,40.55969115,5.625,121.3024979,-5.625,292.570978,5.625,203.6194136,-5.625,-27.35346552,5.625,24.41616694,1.875,-4.412224167,5.625,96.49961582,5.625,119.3699229,5.625,54.4713998,-5.625,149.6931292,-1.875,220.0501281,1.875,104.7353697,1.875,42.32784917,-1.875,84.19402218,-5.625,-63.60274474,5.625,187.8124678,5.625,146.6183209,5.625,58.98418814,1.875,189.8574705,-1.875,174.3933274,-5.625,93.16341684,-1.875,191.1221439,1.875,279.0940678,5.625
256.3495676,5.625,230.3045043,5.625,-89.40440483,-5.625,78.32066953,5.625,-87.2302687,-1.875,86.79236913,1.875,23.09473405,-5.625,285.182649,-5.625,167.7224352,-1.875,266.0493107,-5.625,211.9660041,-1.875,-2.365182646,-5.625,252.9820148,-5.625,237.1776813,1.875,60.49549839,-1.875,285.1940702,1.875,243.3719543,5.625,250.1063087,1.875,247.1015404,-1.875,-32.72965239,1.875,224.9251423,-1.875,-37.87335328,-1.875,-80.56540316,1.875,36.0717307,-5.625,12.7888698,5.625,26.45205937,5.625,39.49164065,5.625,122.5388247,-5.625,291.7528815,5.625,204.8436854,-5.625,-28.35878706,5.625,23.3436318,1.875,-5.2164814,5.625,95.41810026,5.625,118.5047105,5.625,55.52455242,-5.625,150.784786,-1.875,219.0367266,1.875,103.9313768,1.875,43.42626275,-1.875,85.28198977,-5.625,-64.64130005,5.625,186.7120183,5.625,145.6049149,5.625,57.94597412,1.875,190.9165847,-1.875,175.4706866,-5.625,94.33565317,-1.875,190.0752415,1.875,278.0714472,5.625
255.4764881,5.625,229.2795706,5.625,-87.2852858,-5.625,77.30497123,5.625,-85.10198015,-1.875,85.78737796,1.875,23.91029544,-5.625,286.2228065,-5.625,168.7476577,-1.875,267.0561831,-5.625,212.7880372,-1.875,0.016154363,-5.625,254.0541325,-5.625,236.0986113,1.875,61.52706636,-1.875,282.2328843,1.875,242.2806049,5.625,249.1567271,1.875,248.1630502,-1.875,-33.94844232,1.875,225.9526837,-1.875,-35.73105512,-1.875,-81.75467005,1.875,37.09118244,-5.625,11.75265834,5.625,25.44900669,5.625,38.42359015,5.625,123.7751515,-5.625,290.934785,5.625,206.0679572,-5.625,-29.3641086,5.625,22.27109665,1.875,-6.286947777,5.625,94.33658471,5.625,117.4578034,5.625,56.57770504,-5.625,151.604964,-1.875,218.023325,1.875,102.8612622,1.875,44.52467632,-1.875,86.36995736,-5.625,-65.67985536,5.625,185.6115688,5.625,144.5915088,5.625,56.9077601,1.875,191.7918856,-1.875,176.5480458,-5.625,95.5078895,-1.875,189.028339,1.875,277.0488265,5.625
254.4200618,5.625,228.2546368,5.625,-85.16616676,-5.625,76.28927292,5.625,-82.9736916,-1.875,84.78238679,1.875,24.99580765,-5.625,287.2629639,-5.625,169.7728802,-1.875,268.0630556,-5.625,213.8821634,-1.875,2.397491371,-5.625,255.1262503,-5.625,235.0195413,1.875,62.55863433,-1.875,279.2716983,1.875,241.1892554,5.625,248.1121873,1.875,249.22456,-1.875,-35.16723226,1.875,226.9802252,-1.875,-33.58875695,-1.875,-82.94393693,1.875,38.11063418,-5.625,10.71644689,5.625,24.445954,5.625,37.621148,5.625,125.0114783,-5.625,290.1166884,5.625,207.2922291,-5.625,-30.36943014,5.625,21.19856151,1.875,-7.357414153,5.625,93.25506915,5.625,116.4108964,5.625,57.63085767,-5.625,152.6966209,-1.875,217.0099234,1.875,101.7911476,1.875,45.62308989,-1.875,87.45792494,-5.625,-66.71841067,5.625,184.5111193,5.625,143.5781028,5.625,55.86954608,1.875,192.8509997,-1.875,177.625405,-5.625,96.68012583,-1.875,187.9814366,1.875,276.0262059,5.625
253.3636355,5.625,227.2297031,5.625,-83.04704773,-5.625,75.27357462,5.625,-80.84540305,-1.875,83.77739562,1.875,26.08131987,-5.625,288.3031214,-5.625,170.7981026,-1.875,269.069928,-5.625,214.9762895,-1.875,4.77882838,-5.625,256.012298,-5.625,233.9404713,1.875,63.5902023,-1.875,276.3105124,1.875,240.2873137,5.625,247.0676475,1.875,250.2860698,-1.875,-36.38602219,1.875,228.0077667,-1.875,-31.44645879,-1.875,-84.13320382,1.875,39.13008592,-5.625,9.680235439,5.625,23.44290132,5.625,36.5530975,5.625,126.2478051,-5.625,289.2985919,5.625,208.5165009,-5.625,-31.37475168,5.625,20.12602637,1.875,-8.42788053,5.625,92.44251051,5.625,115.3639893,5.625,58.68401029,-5.625,153.7882778,-1.875,215.9965218,1.875,100.721033,1.875,46.44834427,-1.875,88.54589253,-5.625,-67.75696599,5.625,183.4106699,5.625,142.5646968,5.625,54.83133206,1.875,193.9101138,-1.875,178.7027642,-5.625,97.85236216,-1.875,186.9345341,1.875,275.0035852,5.625
252.3072092,5.625,226.2047693,5.625,-80.92792869,-5.625,74.25787631,5.625,-78.7171145,-1.875,82.77240445,1.875,27.16683208,-5.625,289.3432789,-5.625,171.8233251,-1.875,270.0768004,-5.625,216.0704157,-1.875,7.160165389,-5.625,257.0844158,-5.625,233.12975,1.875,64.62177027,-1.875,273.3493264,1.875,239.1959642,5.625,246.0231078,1.875,251.3475796,-1.875,-37.60481213,1.875,229.0353081,-1.875,-29.30416063,-1.875,-85.3224707,1.875,40.14953767,-5.625,8.644023986,5.625,22.43984863,5.625,35.485047,5.625,127.4841319,-5.625,288.4804954,5.625,209.7407727,-5.625,-32.38007322,5.625,19.05349122,1.875,-9.232137763,5.625,91.36099495,5.625,114.4987769,5.625,59.73716292,-5.625,154.8799347,-1.875,214.9831202,1.875,99.91704002,1.875,47.54675784,-1.875,89.63386012,-5.625,-68.7955213,5.625,182.3102204,5.625,141.5512907,5.625,53.79311805,1.875,194.9692279,-1.875,179.7801234,-5.625,99.02459848,-1.875,185.8876316,1.875,273.9809646,5.625
251.2507829,5.625,225.1798355,5.625,-78.80880966,-5.625,73.242178,5.625,-76.58882595,-1.875,81.76741328,1.875,27.98239347,-5.625,290.3834363,-5.625,172.8485476,-1.875,271.0836729,-5.625,216.8924489,-1.875,9.541502397,-5.625,257.9704635,-5.625,232.05068,1.875,65.65333824,-1.875,270.3881405,1.875,238.2940225,5.625,245.0735262,1.875,252.4090894,-1.875,-38.82360207,1.875,230.0628496,-1.875,-27.16186247,-1.875,-86.51173759,1.875,41.16898941,-5.625,7.787650884,5.625,21.43679594,5.625,34.4169965,5.625,128.7204587,-5.625,287.6623989,5.625,210.9650446,-5.625,-33.38539476,5.625,17.98095608,1.875,-10.30260414,5.625,90.2794794,5.625,113.4518698,5.625,60.79031554,-5.625,155.7001126,-1.875,213.9697186,1.875,98.84692543,1.875,48.64517141,-1.875,90.72182771,-5.625,-69.83407661,5.625,181.2097709,5.625,140.5378847,5.625,52.75490403,1.875,195.8445289,-1.875,180.8574827,-5.625,100.1968348,-1.875,184.8407292,1.875,272.9583439,5.625
250.3777034,5.625,224.1549018,5.625,-76.68969063,-5.625,72.2264797,5.625,-74.4605374,-1.875,80.76242211,1.875,29.06790569,-5.625,291.4235938,-5.625,173.87377,-1.875,272.0905453,-5.625,217.986575,-1.875,11.92283941,-5.625,259.0425813,-5.625,230.97161,1.875,66.68490621,-1.875,267.4269545,1.875,237.202673,5.625,244.0289864,1.875,253.4705991,-1.875,-40.042392,1.875,231.0903911,-1.875,-25.0195643,-1.875,-87.70100447,1.875,42.18844115,-5.625,6.751439432,5.625,20.43374326,5.625,33.61455435,5.625,129.9567855,-5.625,286.8443024,5.625,212.1893164,-5.625,-34.39071631,5.625,16.90842094,1.875,-11.37307052,5.625,89.19796384,5.625,112.4049628,5.625,61.84346817,-5.625,156.7917695,-1.875,212.9563171,1.875,97.77681083,1.875,49.74358499,-1.875,91.80979529,-5.625,-70.87263192,5.625,180.1093215,5.625,139.5244787,5.625,51.71669001,1.875,196.903643,-1.875,181.9348419,-5.625,101.3690711,-1.875,183.7938267,1.875,271.9357233,5.625
249.3212771,5.625,223.129968,5.625,-74.57057159,-5.625,71.21078139,5.625,-72.33224885,-1.875,79.75743094,1.875,30.1534179,-5.625,292.4637513,-5.625,174.8989925,-1.875,273.0974177,-5.625,219.0807012,-1.875,14.30417641,-5.625,260.114699,-5.625,229.89254,1.875,67.71647418,-1.875,264.4657686,1.875,236.1113236,5.625,242.9844466,1.875,254.5321089,-1.875,-41.26118194,1.875,232.1179325,-1.875,-22.87726614,-1.875,-88.89027136,1.875,43.20789289,-5.625,5.715227979,5.625,19.43069057,5.625,32.54650385,5.625,131.1931123,-5.625,286.0262059,5.625,213.4135882,-5.625,-35.39603785,5.625,15.83588579,1.875,-12.44353689,5.625,88.38540519,5.625,111.3580557,5.625,62.89662079,-5.625,157.8834264,-1.875,211.9429155,1.875,96.70669623,1.875,50.56883936,-1.875,92.89776288,-5.625,-71.91118723,5.625,179.008872,5.625,138.5110726,5.625,50.67847599,1.875,197.9627571,-1.875,183.0122011,-5.625,102.5413075,-1.875,182.7469242,1.875,270.9131027,5.625
248.2648508,5.625,222.1050343,5.625,-72.45145256,-5.625,70.19508309,5.625,-70.2039603,-1.875,78.75243977,1.875,31.23893011,-5.625,293.5039087,-5.625,175.924215,-1.875,274.1042901,-5.625,220.1748273,-1.875,16.68551342,-5.625,261.0007468,-5.625,229.0818187,1.875,68.74804215,-1.875,261.5045826,1.875,235.2093819,5.625,241.9399069,1.875,255.5936187,-1.875,-42.47997187,1.875,233.145474,-1.875,-20.73496798,-1.875,-90.07953824,1.875,44.22734463,-5.625,4.679016526,5.625,18.42763788,5.625,31.47845335,5.625,132.4294392,-5.625,285.2081094,5.625,214.6378601,-5.625,-36.40135939,5.625,14.76335065,1.875,-13.24779413,5.625,87.30388964,5.625,110.4928433,5.625,63.94977342,-5.625,158.9750833,-1.875,210.9295139,1.875,95.9027033,1.875,51.66725294,-1.875,93.98573047,-5.625,-72.94974254,5.625,177.9084225,5.625,137.4976666,5.625,49.64026197,1.875,199.0218712,-1.875,184.0895603,-5.625,103.7135438,-1.875,181.7000218,1.875,269.890482,5.625
247.2084245,5.625,221.0801005,5.625,-70.33233352,-5.625,69.17938478,5.625,-68.07567175,-1.875,77.7474486,1.875,32.05449151,-5.625,294.5440662,-5.625,176.9494374,-1.875,275.1111626,-5.625,220.9968605,-1.875,19.06685043,-5.625,262.0728645,-5.625,228.0027487,1.875,69.77961011,-1.875,258.5433966,1.875,234.1180324,5.625,240.9903253,1.875,256.6551285,-1.875,-43.69876181,1.875,234.1730155,-1.875,-18.59266981,-1.875,-91.26880513,1.875,45.24679637,-5.625,3.822643425,5.625,17.4245852,5.625,30.41040285,5.625,133.665766,-5.625,284.3900128,5.625,215.8621319,-5.625,-37.40668093,5.625,13.69081551,1.875,-14.3182605,5.625,86.22237408,5.625,109.4459362,5.625,65.00292604,-5.625,159.7952613,-1.875,209.9161123,1.875,94.8325887,1.875,52.76566651,-1.875,95.07369806,-5.625,-73.98829785,5.625,176.8079731,5.625,136.4842606,5.625,48.60204795,1.875,199.8971721,-1.875,185.1669195,-5.625,104.8857801,-1.875,180.6531193,1.875,268.8678614,5.625
246.1519982,5.625,220.0551667,5.625,-68.21321449,-5.625,68.16368647,5.625,-65.9473832,-1.875,76.74245743,1.875,33.14000372,-5.625,295.5842237,-5.625,177.9746599,-1.875,276.118035,-5.625,222.0909867,-1.875,20.11762625,-5.625,263.1449823,-5.625,226.9236787,1.875,70.81117808,-1.875,255.5822107,1.875,233.0266829,5.625,240.0407437,1.875,257.7166383,-1.875,-44.91755174,1.875,235.200557,-1.875,-16.45037165,-1.875,-92.45807201,1.875,46.26624811,-5.625,2.786431972,5.625,16.42153251,5.625,29.6079607,5.625,134.9020928,-5.625,283.5719163,5.625,217.0864037,-5.625,-38.41200247,5.625,12.61828036,1.875,-15.38872688,5.625,85.14085853,5.625,108.3990291,5.625,66.05607867,-5.625,160.8869181,-1.875,208.9027107,1.875,93.7624741,1.875,53.86408008,-1.875,96.16166564,-5.625,-75.02685316,5.625,175.7075236,5.625,135.4708546,5.625,47.56383393,1.875,200.9562863,-1.875,186.2442787,-5.625,106.0580165,-1.875,179.6062169,1.875,267.8452407,5.625
245.0955719,5.625,219.030233,5.625,-66.09409545,-5.625,67.14798817,5.625,-63.81909464,-1.875,75.73746626,1.875,34.22551593,-5.625,296.6243811,-5.625,178.9998824,-1.875,277.1249074,-5.625,223.1851128,-1.875,21.16840208,-5.625,264.03103,-5.625,225.8446087,1.875,71.84274605,-1.875,252.6210247,1.875,232.1247412,5.625,238.9962039,1.875,258.778148,-1.875,-46.13634168,1.875,236.2280984,-1.875,-14.30807349,-1.875,-93.6473389,1.875,47.28569985,-5.625,1.750220519,5.625,15.41847983,5.625,28.5399102,5.625,136.1384196,-5.625,282.7538198,5.625,218.3106755,-5.625,-39.41732401,5.625,11.54574522,1.875,-16.45919326,5.625,84.32829988,5.625,107.3521221,5.625,67.10923129,-5.625,161.978575,-1.875,207.8893091,1.875,92.6923595,1.875,54.68933446,-1.875,97.24963323,-5.625,-76.06540847,5.625,174.6070741,5.625,134.4574485,5.625,46.52561991,1.875,202.0154004,-1.875,187.3216379,-5.625,107.2302528,-1.875,178.5593144,1.875,266.8226201,5.625
244.2224924,5.625,218.0052992,5.625,-63.97497642,-5.625,66.13228986,5.625,-61.69080609,-1.875,74.73247509,1.875,35.31102815,-5.625,297.6645386,-5.625,180.0251048,-1.875,278.1317798,-5.625,224.279239,-1.875,22.2191779,-5.625,265.1031478,-5.625,225.0338874,1.875,72.87431402,-1.875,251.6099102,1.875,231.0333917,5.625,237.9516641,1.875,259.8396578,-1.875,-47.35513161,1.875,237.2556399,-1.875,-12.16577533,-1.875,-94.83660578,1.875,48.30515159,-5.625,0.714009066,5.625,14.41542714,5.625,27.4718597,5.625,137.3747464,-5.625,281.9357233,5.625,219.5349474,-5.625,-40.42264555,5.625,10.47321008,1.875,-17.26345049,5.625,83.24678433,5.625,106.305215,5.625,68.16238392,-5.625,163.0702319,-1.875,206.8759076,1.875,91.88836657,1.875,55.78774803,-1.875,98.33760082,-5.625,-77.10396378,5.625,173.5066247,5.625,133.4440425,5.625,45.4874059,1.875,203.0745145,-1.875,188.3989971,-5.625,108.4024891,-1.875,177.5124119,1.875,265.7999994,5.625
243.1660661,5.625,216.9803655,5.625,-61.85585739,-5.625,65.11659156,5.625,-59.56251754,-1.875,73.72748392,1.875,36.12658954,-5.625,298.7046961,-5.625,181.0503273,-1.875,279.1386523,-5.625,225.1012722,-1.875,23.26995372,-5.625,266.1752655,-5.625,223.9548174,1.875,73.90588199,-1.875,250.5987958,1.875,229.9420423,5.625,237.0020825,1.875,260.9011676,-1.875,-48.57392155,1.875,238.2831814,-1.875,-10.02347716,-1.875,-96.02587267,1.875,49.32460333,-5.625,-0.142364035,5.625,13.41237445,5.625,26.4038092,5.625,138.6110732,-5.625,281.1176268,5.625,220.7592192,-5.625,-41.42796709,5.625,9.400674933,1.875,-18.33391687,5.625,82.16526877,5.625,105.258308,5.625,69.21553654,-5.625,163.8904099,-1.875,205.862506,1.875,90.81825197,1.875,56.88616161,-1.875,99.42556841,-5.625,-78.1425191,5.625,172.4061752,5.625,132.4306365,5.625,44.44919188,1.875,204.1336286,-1.875,189.4763563,-5.625,109.5747254,-1.875,176.4655095,1.875,264.7773788,5.625
242.1096398,5.625,215.9554317,5.625,-59.73673835,-5.625,64.10089325,5.625,-57.43422899,-1.875,72.72249275,1.875,37.21210175,-5.625,299.7448535,-5.625,182.0755498,-1.875,280.1455247,-5.625,226.1953983,-1.875,24.32072955,-5.625,267.0613133,-5.625,222.8757474,1.875,74.93744996,-1.875,249.5876813,1.875,229.0401006,5.625,235.9575428,1.875,261.9626774,-1.875,-49.79271148,1.875,239.3107228,-1.875,-7.881179,-1.875,-97.21513955,1.875,50.34405507,-5.625,-1.178575488,5.625,12.40932177,5.625,25.60136705,5.625,139.8474,-5.625,280.2995303,5.625,221.983491,-5.625,-42.43328863,5.625,8.32813979,1.875,-19.40438324,5.625,81.08375321,5.625,104.2114009,5.625,70.26868917,-5.625,164.9820668,-1.875,204.8491044,1.875,89.74813737,1.875,57.98457518,-1.875,100.513536,-5.625,-79.18107441,5.625,171.3057257,5.625,131.4172304,5.625,43.41097786,1.875,205.1927427,-1.875,190.5537155,-5.625,110.7469618,-1.875,175.418607,1.875,263.7547582,5.625
241.0532135,5.625,214.9304979,5.625,-57.61761932,-5.625,63.08519495,5.625,-55.30594044,-1.875,71.71750158,1.875,38.29761397,-5.625,-100,-1.875,183.1007722,-1.875,281.1523971,-5.625,227.2895245,-1.875,25.37150537,-5.625,268.133431,-5.625,221.7966774,1.875,75.96901793,-1.875,248.5765668,1.875,227.9487511,5.625,234.913003,1.875,263.0241872,-1.875,-51.01150142,1.875,240.3382643,-1.875,-5.738880837,-1.875,-98.40440644,1.875,51.36350681,-5.625,-2.214786941,5.625,11.40626908,5.625,24.53331655,5.625,141.0837268,-5.625,279.4814338,5.625,223.2077629,-5.625,-43.43861017,5.625,7.255604647,1.875,-20.47484962,5.625,80.27119457,5.625,103.1644938,5.625,71.32184179,-5.625,166.0737236,-1.875,203.8357028,1.875,88.67802277,1.875,58.80982956,-1.875,101.6015036,-5.625,-80.21962972,5.625,170.2052763,5.625,130.4038244,5.625,42.37276384,1.875,206.2518568,-1.875,191.6310747,-5.625,111.9191981,-1.875,174.3717045,1.875,262.7321375,5.625
239.9967872,5.625,213.9055642,5.625,-55.49850028,-5.625,62.06949664,5.625,-53.17765189,-1.875,70.71251041,1.875,39.38312618,-5.625,-98.35868571,-1.875,184.1259947,-1.875,282.1592696,-5.625,228.3836506,-1.875,26.32675612,-5.625,269.2055488,-5.625,220.9859562,1.875,77.0005859,-1.875,247.5654523,1.875,226.8574016,5.625,233.8684632,1.875,264.0856969,-1.875,-52.23029136,1.875,241.3658058,-1.875,-3.596582674,-1.875,-99.59367332,1.875,52.38295855,-5.625,-3.250998394,5.625,10.40321639,5.625,23.46526605,5.625,142.3200536,-5.625,278.6633372,5.625,224.4320347,-5.625,-44.44393172,5.625,6.183069504,1.875,-21.27910685,5.625,79.18967901,5.625,102.2992814,5.625,72.37499442,-5.625,167.1653805,-1.875,202.8223012,1.875,87.87402984,1.875,59.90824313,-1.875,102.6894712,-5.625,-81.25818503,5.625,169.1048268,5.625,129.3904184,5.625,41.33454982,1.875,207.310971,-1.875,192.708434,-5.625,113.0914344,-1.875,173.3248021,1.875,261.7095169,5.625
238.9403609,5.625,212.8806304,5.625,-53.37938125,-5.625,61.05379833,5.625,-51.04936334,-1.875,69.70751924,1.875,40.19868757,-5.625,-96.71737142,-1.875,185.1512172,-1.875,283.166142,-5.625,229.2056838,-1.875,27.37753194,-5.625,270.0915965,-5.625,219.9068862,1.875,78.03215387,-1.875,246.5543378,1.875,225.9554599,5.625,232.9188816,1.875,265.1472067,-1.875,-53.44908129,1.875,242.3933472,-1.875,-1.454284512,-1.875,-106.7173714,-1.875,53.40241029,-5.625,-4.287209846,5.625,9.400163708,5.625,22.39721555,5.625,143.5563804,-5.625,277.8452407,5.625,225.6563065,-5.625,-45.44925326,5.625,5.11053436,1.875,-22.34957323,5.625,78.10816346,5.625,101.2523743,5.625,73.42814704,-5.625,167.9855585,-1.875,201.8088996,1.875,86.80391524,1.875,61.0066567,-1.875,103.7774388,-5.625,-82.29674034,5.625,168.0043773,5.625,128.3770123,5.625,40.2963358,1.875,208.1862719,-1.875,193.7857932,-5.625,114.2636708,-1.875,172.2778996,1.875,260.6868962,5.625
238.0672814,5.625,211.8556967,5.625,-51.26026222,-5.625,60.03810003,5.625,-48.92107479,-1.875,68.70252807,1.875,41.28419979,-5.625,-95.07605712,-1.875,186.1764396,-1.875,284.1730144,-5.625,230.29981,-1.875,28.33278269,-5.625,271.1637143,-5.625,218.8278162,1.875,79.06372184,-1.875,245.5432233,1.875,224.8641105,5.625,231.8743419,1.875,266.2087165,-1.875,-54.66787123,1.875,243.4208887,-1.875,0.688013651,-1.875,-105.40432,-1.875,54.42186204,-5.625,-5.323421299,5.625,8.397111022,5.625,21.5947734,5.625,144.7927072,-5.625,277.0271442,5.625,226.8805783,-5.625,-46.4545748,5.625,4.037999217,1.875,-23.42003961,5.625,77.0266479,5.625,100.2054673,5.625,74.48129966,-5.625,169.0772154,-1.875,200.7954981,1.875,85.73380064,1.875,62.10507028,-1.875,104.8654063,-5.625,-83.33529565,5.625,166.9039278,5.625,127.3636063,5.625,39.25812178,1.875,209.245386,-1.875,194.8631524,-5.625,115.4359071,-1.875,171.2309972,1.875,259.6642756,5.625
237.0108551,5.625,210.8307629,5.625,-49.14114318,-5.625,59.02240172,5.625,-46.79278624,-1.875,67.6975369,1.875,42.369712,-5.625,-93.43474283,-1.875,187.2016621,-1.875,285.1798868,-5.625,231.3939361,-1.875,29.28803343,-5.625,272.2358321,-5.625,217.7487461,1.875,80.09528981,-1.875,244.5321088,1.875,223.772761,5.625,230.8298021,1.875,267.2702263,-1.875,-55.88666116,1.875,244.4484302,-1.875,2.830311814,-1.875,-104.0912685,-1.875,55.44131378,-5.625,-6.359632752,5.625,7.394058335,5.625,20.5267229,5.625,146.029034,-5.625,276.2090477,5.625,228.1048502,-5.625,-47.45989634,5.625,2.965464074,1.875,-24.49050598,5.625,75.94513234,5.625,99.15856023,5.625,75.53445229,-5.625,170.1688723,-1.875,199.7820965,1.875,84.66368604,1.875,62.93032465,-1.875,105.9533739,-5.625,-84.37385096,5.625,165.8034784,5.625,126.3502003,5.625,38.21990777,1.875,210.3045001,-1.875,195.9405116,-5.625,116.6081434,-1.875,170.1840947,1.875,258.6416549,5.625
235.9544288,5.625,209.8058291,5.625,-47.02202415,-5.625,58.00670342,5.625,-44.66449769,-1.875,66.69254573,1.875,43.45522421,-5.625,-91.79342854,-1.875,188.2268846,-1.875,286.1867593,-5.625,232.4880623,-1.875,30.33880926,-5.625,273.1218798,-5.625,216.9380249,1.875,81.12685778,-1.875,243.5209943,1.875,222.8708193,5.625,229.7852623,1.875,268.3317361,-1.875,-57.1054511,1.875,245.4759716,-1.875,4.972609977,-1.875,-102.7782171,-1.875,56.46076552,-5.625,-7.395844205,5.625,6.391005649,5.625,19.4586724,5.625,147.2653608,-5.625,275.3909512,5.625,229.329122,-5.625,-48.46521788,5.625,1.892928931,1.875,-25.29476322,5.625,75.1325737,5.625,98.11165317,5.625,76.58760491,-5.625,171.2605291,-1.875,198.7686949,1.875,83.85969311,1.875,64.02873822,-1.875,107.0413415,-5.625,-85.41240627,5.625,164.7030289,5.625,125.3367942,5.625,37.18169375,1.875,211.3636142,-1.875,197.0178708,-5.625,117.7803797,-1.875,169.1371922,1.875,257.6190343,5.625
234.8980025,5.625,208.7808954,5.625,-44.90290511,-5.625,56.99100511,5.625,-42.53620914,-1.875,65.68755456,1.875,44.54073643,-5.625,-90.15211425,-1.875,189.252107,-1.875,287.1936317,-5.625,233.3100954,-1.875,31.38958508,-5.625,274.1939976,-5.625,215.8589549,1.875,82.15842574,-1.875,242.5098798,1.875,221.7794698,5.625,228.8356807,1.875,269.3932458,-1.875,-58.32424103,1.875,246.5035131,-1.875,7.11490814,-1.875,-101.4651657,-1.875,57.48021726,-5.625,-8.252217306,5.625,5.387952963,5.625,18.3906219,5.625,148.5016876,-5.625,274.5728547,5.625,230.5533938,-5.625,-49.47053942,5.625,0.820393788,1.875,-26.36522959,5.625,74.05105814,5.625,97.24644072,5.625,77.64075754,-5.625,172.0807071,-1.875,197.7552933,1.875,82.78957851,1.875,65.1271518,-1.875,108.1293091,-5.625,-86.45096158,5.625,163.6025794,5.625,124.3233882,5.625,36.14347973,1.875,212.2389152,-1.875,198.09523,-5.625,118.9526161,-1.875,168.0902898,1.875,256.5964136,5.625
233.8415762,5.625,207.7559616,5.625,-42.78378608,-5.625,55.9753068,5.625,-40.40792059,-1.875,64.68256339,1.875,45.35629782,-5.625,-88.51079995,-1.875,190.2773295,-1.875,288.2005041,-5.625,234.4042216,-1.875,32.4403609,-5.625,275.0800453,-5.625,214.7798849,1.875,83.18999371,-1.875,241.4987653,1.875,220.8775281,5.625,227.8860991,1.875,270.4547556,-1.875,-59.54303097,1.875,247.5310546,-1.875,9.257206302,-1.875,-100.1521142,-1.875,58.499669,-5.625,-9.288428759,5.625,4.384900276,5.625,17.3225714,5.625,149.7380144,-5.625,273.7547582,5.625,231.7776657,-5.625,-50.47586096,5.625,-0.252141356,1.875,-27.43569597,5.625,72.96954259,5.625,96.19953367,5.625,78.69391016,-5.625,173.172364,-1.875,196.7418917,1.875,81.71946391,1.875,66.22556537,-1.875,109.2172767,-5.625,-87.48951689,5.625,162.50213,5.625,123.3099822,5.625,35.10526571,1.875,213.2980293,-1.875,199.1725892,-5.625,120.1248524,-1.875,167.0433873,1.875,255.573793,5.625
232.9684967,5.625,206.7310279,5.625,-40.66466705,-5.625,54.9596085,5.625,-38.27963204,-1.875,63.67757222,1.875,46.44181003,-5.625,-86.86948566,-1.875,191.302552,-1.875,289.2073765,-5.625,235.4983477,-1.875,33.39561165,-5.625,276.1521631,-5.625,213.7008149,1.875,84.22156168,-1.875,240.4876508,1.875,219.7861786,5.625,226.8415594,1.875,271.5162654,-1.875,-60.7618209,1.875,248.558596,-1.875,11.39950447,-1.875,-98.83906281,-1.875,59.51912074,-5.625,-10.32464021,5.625,3.38184759,5.625,16.52012925,5.625,150.9743412,-5.625,272.9366616,5.625,233.0019375,-5.625,-51.4811825,5.625,-1.324676499,1.875,-28.50616235,5.625,71.88802703,5.625,95.15262661,5.625,79.74706279,-5.625,174.2640209,-1.875,195.7284901,1.875,80.64934931,1.875,67.05081975,-1.875,110.3052443,-5.625,-88.5280722,5.625,161.4016805,5.625,122.2965761,5.625,34.06705169,1.875,214.3571434,-1.875,200.2499484,-5.625,121.2970887,-1.875,165.9964848,1.875,254.5511724,5.625
231.9120704,5.625,205.7060941,5.625,-38.54554801,-5.625,53.94391019,5.625,-36.15134349,-1.875,62.67258105,1.875,47.52732225,-5.625,-85.22817137,-1.875,192.3277744,-1.875,290.214249,-5.625,236.5924739,-1.875,34.44638747,-5.625,277.2242808,-5.625,212.8900936,1.875,85.25312965,-1.875,239.4765363,1.875,218.6948292,5.625,225.7970196,1.875,272.5777752,-1.875,-61.98061084,1.875,249.5861375,-1.875,13.54180263,-1.875,-97.52601138,-1.875,60.53857248,-5.625,-11.36085166,5.625,2.378794904,5.625,15.45207875,5.625,152.210668,-5.625,272.1185651,5.625,234.2262093,-5.625,-52.48650404,5.625,-2.397211642,1.875,-29.31041958,5.625,71.07546839,5.625,94.10571955,5.625,80.80021541,-5.625,175.3556778,-1.875,194.7150886,1.875,79.84535638,1.875,68.14923332,-1.875,111.3932119,-5.625,-89.56662752,5.625,160.301231,5.625,121.2831701,5.625,33.02883767,1.875,215.4162575,-1.875,201.3273076,-5.625,122.4693251,-1.875,164.9495824,1.875,253.5285517,5.625
230.8556441,5.625,204.6811603,5.625,-36.42642898,-5.625,52.92821189,5.625,-34.02305494,-1.875,61.66758988,1.875,48.61283446,-5.625,-83.58685708,-1.875,193.3529969,-1.875,291.2211214,-5.625,237.4145071,-1.875,35.4971633,-5.625,278.1103285,-5.625,211.8110236,1.875,86.28469762,-1.875,238.4654218,1.875,217.7928875,5.625,224.847438,1.875,273.639285,-1.875,-63.19940078,1.875,250.613679,-1.875,15.68410079,-1.875,-96.21295994,-1.875,61.55802422,-5.625,-12.21722477,5.625,1.375742217,5.625,14.38402825,5.625,153.4469948,-5.625,271.3004686,5.625,235.4504811,-5.625,-53.49182558,5.625,-3.469746785,1.875,-30.38088596,5.625,69.99395283,5.625,93.05881249,5.625,81.85336804,-5.625,176.1758557,-1.875,193.701687,1.875,78.77524178,1.875,69.24764689,-1.875,112.4811795,-5.625,-90.60518283,5.625,159.2007816,5.625,120.2697641,5.625,31.99062365,1.875,216.2915584,-1.875,202.4046668,-5.625,123.6415614,-1.875,163.9026799,1.875,252.5059311,5.625
229.7992178,5.625,203.6562266,5.625,-34.30730994,-5.625,51.91251358,5.625,-31.89476639,-1.875,60.66259871,1.875,49.42839585,-5.625,-81.94554278,-1.875,194.3782194,-1.875,292.2279938,-5.625,238.5086332,-1.875,36.54793912,-5.625,279.1824463,-5.625,210.7319536,1.875,87.31626559,-1.875,237.4543073,1.875,216.701538,5.625,223.8028982,1.875,274.7007948,-1.875,-64.41819071,1.875,251.6412204,-1.875,17.82639895,-1.875,-94.89990851,-1.875,62.57747596,-5.625,-13.25343622,5.625,0.372689531,5.625,13.31597775,5.625,154.6833216,-5.625,270.4823721,5.625,236.674753,-5.625,-54.49714712,5.625,-4.542281929,1.875,-31.45135233,5.625,68.91243728,5.625,92.01190543,5.625,82.90652066,-5.625,177.2675126,-1.875,192.6882854,1.875,77.70512718,1.875,70.34606047,-1.875,113.569147,-5.625,-91.64373814,5.625,158.1003321,5.625,119.256358,5.625,30.95240963,1.875,217.3506726,-1.875,203.4820261,-5.625,124.8137977,-1.875,162.8557775,1.875,251.4833104,5.625
228.7427915,5.625,202.6312928,5.625,-32.18819091,-5.625,50.89681528,5.625,-29.76647784,-1.875,59.65760754,1.875,50.51390807,-5.625,-80.30422849,-1.875,195.4034418,-1.875,293.2348663,-5.625,239.6027594,-1.875,37.50318987,-5.625,280.2545641,-5.625,209.6528836,1.875,88.34783356,-1.875,236.4431928,1.875,215.6101885,5.625,222.7583585,1.875,275.7623045,-1.875,-65.63698065,1.875,252.6687619,-1.875,19.96869712,-1.875,-93.58685708,-1.875,63.5969277,-5.625,-14.28964767,5.625,-0.630363155,5.625,12.5135356,5.625,155.9196484,-5.625,269.6642756,5.625,237.8990248,-5.625,-55.50246867,5.625,-5.614817072,1.875,-32.52181871,5.625,67.83092172,5.625,90.96499837,5.625,83.95967329,-5.625,178.3591695,-1.875,191.6748838,1.875,76.63501258,1.875,71.44447404,-1.875,114.6571146,-5.625,-92.68229345,5.625,156.9998826,5.625,118.242952,5.625,29.91419562,1.875,218.4097867,-1.875,204.5593853,-5.625,125.986034,-1.875,161.808875,1.875,250.4606898,5.625
227.6863652,5.625,201.6063591,5.625,-30.06907188,-5.625,49.88111697,5.625,-27.63818929,-1.875,58.65261637,1.875,51.59942028,-5.625,-78.6629142,-1.875,196.4286643,-1.875,294.2417387,-5.625,240.6968855,-1.875,38.55396569,-5.625,281.1406118,-5.625,208.8421623,1.875,89.37940153,-1.875,235.4320784,1.875,214.7082468,5.625,221.7138187,1.875,276.8238143,-1.875,-66.85577058,1.875,253.6963034,-1.875,22.11099528,-1.875,-92.27380564,-1.875,64.61637944,-5.625,-15.32585912,5.625,-1.633415841,5.625,11.4454851,5.625,157.1559752,-5.625,268.8461791,5.625,239.1232966,-5.625,-56.50779021,5.625,-6.687352215,1.875,-33.32607594,5.625,67.01836307,5.625,89.91809132,5.625,85.01282591,-5.625,179.4508264,-1.875,190.6614822,1.875,75.83101965,1.875,72.26972842,-1.875,115.7450822,-5.625,-93.72084876,5.625,155.8994332,5.625,117.229546,5.625,28.8759816,1.875,219.4689008,-1.875,205.6367445,-5.625,127.1582704,-1.875,160.7619725,1.875,249.4380691,5.625
226.8132857,5.625,200.5814253,5.625,-27.94995284,-5.625,48.86541866,5.625,-25.50990074,-1.875,57.6476252,1.875,52.68493249,-5.625,-77.02159991,-1.875,197.4538868,-1.875,295.2486111,-5.625,241.5189187,-1.875,39.60474151,-5.625,282.2127296,-5.625,207.7630923,1.875,90.4109695,-1.875,234.4209639,1.875,213.6168974,5.625,220.7642371,1.875,277.8853241,-1.875,-68.07456052,1.875,254.7238448,-1.875,24.25329344,-1.875,-90.96075421,-1.875,65.63583118,-5.625,-16.36207058,5.625,-2.636468528,5.625,10.3774346,5.625,158.392302,-5.625,268.0280825,5.625,240.3475685,-5.625,-57.51311175,5.625,-7.759887358,1.875,-34.39654232,5.625,65.93684752,5.625,89.05287887,5.625,86.06597854,-5.625,180.5424833,-1.875,189.6480806,1.875,74.76090505,1.875,73.36814199,-1.875,116.8330498,-5.625,-94.75940407,5.625,154.7989837,5.625,116.2161399,5.625,27.83776758,1.875,220.5280149,-1.875,206.7141037,-5.625,128.3305067,-1.875,159.7150701,1.875,248.4154485,5.625
225.7568594,5.625,199.5564915,5.625,-25.83083381,-5.625,47.84972036,5.625,-23.38161219,-1.875,56.64263403,1.875,53.50049389,-5.625,-75.38028561,-1.875,198.4791092,-1.875,296.2554835,-5.625,242.6130449,-1.875,40.65551733,-5.625,283.2848473,-5.625,206.6840223,1.875,91.44253747,-1.875,233.4098494,1.875,212.5255479,5.625,219.7196973,1.875,278.9468339,-1.875,-69.29335045,1.875,255.7513863,-1.875,26.3955916,-1.875,-89.64770277,-1.875,66.65528292,-5.625,-17.39828203,5.625,-3.639521214,5.625,9.309384101,5.625,159.6286288,-5.625,267.209986,5.625,241.5718403,-5.625,-58.51843329,5.625,-8.832422501,1.875,-35.4670087,5.625,64.85533196,5.625,88.00597181,5.625,87.11913116,-5.625,181.3626612,-1.875,188.634679,1.875,73.69079045,1.875,74.46655556,-1.875,117.9210174,-5.625,-95.79795938,5.625,153.6985342,5.625,115.2027339,5.625,26.79955356,1.875,221.587129,-1.875,207.7914629,-5.625,129.502743,-1.875,158.6681676,1.875,247.3928279,5.625
224.7004331,5.625,198.5315578,5.625,-23.71171477,-5.625,46.83402205,5.625,-21.25332364,-1.875,55.63764286,1.875,54.5860061,-5.625,-73.73897132,-1.875,199.5043317,-1.875,297.262356,-5.625,243.707171,-1.875,41.61076808,-5.625,284.1708951,-5.625,205.6049523,1.875,92.47410544,-1.875,232.3987349,1.875,211.6236062,5.625,218.6751575,1.875,280.0083437,-1.875,-70.51214039,1.875,256.7789278,-1.875,28.53788977,-1.875,-88.33465134,-1.875,67.67473466,-5.625,-18.43449348,5.625,-4.6425739,5.625,8.506941952,5.625,160.8649556,-5.625,266.3918895,5.625,242.7961121,-5.625,-59.52375483,5.625,-9.904957645,1.875,-36.53747507,5.625,63.77381641,5.625,86.95906475,5.625,88.17228379,-5.625,182.4543181,-1.875,187.6212775,1.875,72.62067585,1.875,75.56496914,-1.875,119.008985,-5.625,-96.83651469,5.625,152.5980848,5.625,114.1893279,5.625,25.76133954,1.875,222.6462432,-1.875,208.8688221,-5.625,130.6749794,-1.875,157.6212651,1.875,246.3702072,5.625
223.6440068,5.625,197.506624,5.625,-21.59259574,-5.625,45.81832375,5.625,-19.12503509,-1.875,54.63265169,1.875,55.67151831,-5.625,-72.09765703,-1.875,200.5295542,-1.875,298.2692284,-5.625,244.8012972,-1.875,42.56601883,-5.625,285.2430128,-5.625,204.794231,1.875,93.5056734,-1.875,231.3876204,1.875,210.5322567,5.625,217.6306178,1.875,281.0698534,-1.875,-71.73093032,1.875,257.8064692,-1.875,30.68018793,-1.875,-87.02159991,-1.875,68.69418641,-5.625,-19.47070494,5.625,-5.645626587,5.625,7.438891451,5.625,162.1012824,-5.625,265.573793,5.625,244.0203839,-5.625,-60.52907637,5.625,-10.97749279,1.875,-37.34173231,5.625,62.96125776,5.625,85.9121577,5.625,89.22543641,-5.625,183.545975,-1.875,186.6078759,1.875,71.81668292,1.875,76.39022351,-1.875,120.0969526,-5.625,-97.87507,5.625,151.4976353,5.625,113.1759218,5.625,24.72312552,1.875,223.7053573,-1.875,209.9461813,-5.625,131.8472157,-1.875,156.5743627,1.875,245.3475866,5.625
222.5875805,5.625,196.4816903,5.625,-19.4734767,-5.625,44.80262544,5.625,-16.99674654,-1.875,53.62766052,1.875,56.75703053,-5.625,-70.45634274,-1.875,201.5547766,-1.875,299.2761008,-5.625,245.8954233,-1.875,43.61679465,-5.625,286.3151306,-5.625,203.715161,1.875,94.53724137,-1.875,230.3765059,1.875,209.4409072,5.625,216.6810362,1.875,282.1313632,-1.875,-72.94972026,1.875,258.8340107,-1.875,32.82248609,-1.875,-85.70854847,-1.875,69.71363815,-5.625,-20.32707804,5.625,-6.648679273,5.625,6.370840951,5.625,163.3376093,-5.625,264.7556965,5.625,245.2446558,-5.625,-61.53439791,5.625,-12.05002793,1.875,-38.41219868,5.625,61.87974221,5.625,85.04694525,5.625,90.27858904,-5.625,184.6376319,-1.875,185.5944743,1.875,70.74656832,1.875,77.48863709,-1.875,121.1849202,-5.625,-98.91362531,5.625,150.3971858,5.625,112.1625158,5.625,23.6849115,1.875,224.7644714,-1.875,211.0235405,-5.625,133.019452,-1.875,155.5274602,1.875,244.3249659,5.625
221.5311542,5.625,195.4567565,5.625,-17.35435767,-5.625,43.78692713,5.625,-14.86845799,-1.875,52.62266935,1.875,57.57259192,-5.625,-68.81502844,-1.875,202.5799991,-1.875,300,1.875,246.7174565,-1.875,44.66757048,-5.625,287.2011783,-5.625,202.636091,1.875,95.56880934,-1.875,229.3653914,1.875,208.5389655,5.625,215.7314546,1.875,283.192873,-1.875,-74.16851019,1.875,259.8615522,-1.875,34.96478426,-1.875,-84.39549704,-1.875,70.73308989,-5.625,-21.36328949,5.625,-7.651731959,5.625,5.302790451,5.625,164.5739361,-5.625,263.9376,5.625,246.4689276,-5.625,-62.53971945,5.625,-13.12256307,1.875,-39.48266506,5.625,60.79822665,5.625,84.00003819,5.625,91.33174166,-5.625,185.4578099,-1.875,184.5810727,1.875,69.67645372,1.875,78.58705066,-1.875,122.2728877,-5.625,-99.95218062,5.625,149.2967363,5.625,111.1491098,5.625,22.64669749,1.875,225.6397723,-1.875,212.1008997,-5.625,134.1916883,-1.875,154.4805578,1.875,243.3023453,5.625
220.6580747,5.625,194.4318227,5.625,-15.23523864,-5.625,42.77122883,5.625,-12.74016944,-1.875,51.61767818,1.875,58.65810413,-5.625,-67.17371415,-1.875,203.6052216,-1.875,297.1874018,1.875,247.8115827,-1.875,45.53598025,-5.625,288.2732961,-5.625,201.557021,1.875,96.60037731,-1.875,228.3542769,1.875,207.4476161,5.625,214.6869148,1.875,284.2543828,-1.875,-75.38730013,1.875,260.8890937,-1.875,37.10708242,-1.875,-83.0824456,-1.875,71.75254163,-5.625,-22.39950094,5.625,-8.654784646,5.625,4.500348302,5.625,165.8102629,-5.625,263.1195035,5.625,247.6931994,-5.625,-63.54504099,5.625,-14.19509822,1.875,-40.55313144,5.625,59.71671109,5.625,82.95313114,5.625,92.38489428,-5.625,186.5494667,-1.875,183.5676711,1.875,68.60633912,1.875,79.68546423,-1.875,123.3608553,-5.625,325.1874018,1.875,148.1962869,5.625,110.1357037,5.625,21.60848347,1.875,226.6988864,-1.875,213.1782589,-5.625,135.3639247,-1.875,153.4336553,1.875,242.2797246,5.625
219.6016484,5.625,193.406889,5.625,-13.1161196,-5.625,41.75553052,5.625,-10.61188089,-1.875,50.61268701,1.875,59.74361635,-5.625,-65.53239986,-1.875,204.630444,-1.875,294.3748035,1.875,248.9057088,-1.875,46.58675607,-5.625,289.3454138,-5.625,200.7462997,1.875,97.63194528,-1.875,227.3431624,1.875,206.3562666,5.625,213.642375,1.875,285.3158926,-1.875,-76.60609007,1.875,261.9166351,-1.875,39.24938058,-1.875,-81.76939417,-1.875,72.77199337,-5.625,-23.4357124,5.625,-9.657837332,5.625,3.432297801,5.625,167.0465897,-5.625,262.3014069,5.625,248.9174713,-5.625,-64.55036253,5.625,-15.26763336,1.875,-41.35738867,5.625,58.90415245,5.625,81.90622408,5.625,93.43804691,-5.625,187.6411236,-1.875,182.5542695,1.875,67.80234619,1.875,80.51071861,-1.875,124.4488229,-5.625,323.874726,1.875,147.0958374,5.625,109.1222977,5.625,20.57026945,1.875,227.7580006,-1.875,214.2556181,-5.625,136.536161,-1.875,152.3867528,1.875,241.257104,5.625
218.5452221,5.625,192.3819552,5.625,-10.99700057,-5.625,40.73983222,5.625,-8.483592337,-1.875,49.60769584,1.875,60.82912856,-5.625,-63.89108557,-1.875,205.6556665,-1.875,291.5622053,1.875,249.999835,-1.875,47.63753189,-5.625,290.4175316,-5.625,199.6672297,1.875,98.66351325,-1.875,226.3320479,1.875,205.4543249,5.625,212.6927934,1.875,286.3774023,-1.875,-77.82488,1.875,262.9441766,-1.875,41.39167874,-1.875,-80.45634274,-1.875,73.79144511,-5.625,-24.2920855,5.625,-10.66089002,5.625,2.364247301,5.625,168.2829165,-5.625,261.4833104,5.625,250.1417431,-5.625,-65.55568408,5.625,-16.3401685,1.875,-42.42785505,5.625,57.82263689,5.625,80.85931702,5.625,94.49119953,-5.625,188.7327805,-1.875,181.540868,1.875,66.73223159,1.875,81.60913218,-1.875,125.5367905,-5.625,322.5620503,1.875,145.9953879,5.625,108.1088917,5.625,19.53205543,1.875,228.8171147,-1.875,215.3329774,-5.625,137.7083973,-1.875,151.3398504,1.875,240.2344834,5.625
217.4887958,5.625,191.3570215,5.625,-8.877881535,-5.625,39.72413391,5.625,-6.355303787,-1.875,48.60270467,1.875,61.64468995,-5.625,-62.24977127,-1.875,206.680889,-1.875,288.749607,1.875,250.8218682,-1.875,48.68830771,-5.625,291.4896494,-5.625,198.5881597,1.875,99.69508122,-1.875,225.3209334,1.875,204.3629754,5.625,211.6482537,1.875,287.4389121,-1.875,-79.04366994,1.875,263.9717181,-1.875,43.53397691,-1.875,-79.1432913,-1.875,74.81089685,-5.625,-25.32829695,5.625,-11.6639427,5.625,1.2961968,5.625,169.5192433,-5.625,260.6652139,5.625,251.3660149,-5.625,-66.56100562,5.625,-17.41270365,1.875,-43.49832142,5.625,56.74112134,5.625,79.81240996,5.625,95.54435216,-5.625,189.5529585,-1.875,180.5274664,1.875,65.66211699,1.875,82.70754575,-1.875,126.6247581,-5.625,321.2493746,1.875,144.8949385,5.625,107.0954856,5.625,18.49384141,1.875,229.8762288,-1.875,216.4103366,-5.625,138.8806337,-1.875,150.2929479,1.875,239.2118627,5.625
216.4323695,5.625,190.3320877,5.625,-6.7587625,-5.625,38.70843561,5.625,-4.227015236,-1.875,47.5977135,1.875,62.73020217,-5.625,-60.60845698,-1.875,207.7061114,-1.875,285.9370088,1.875,251.9159943,-1.875,49.55671749,-5.625,292.5617671,-5.625,197.5090897,1.875,100.7266492,-1.875,224.3098189,1.875,203.271626,5.625,210.6037139,1.875,288.5004219,-1.875,-80.26245987,1.875,264.9992595,-1.875,45.67627507,-1.875,-77.83023987,-1.875,75.83034859,-5.625,-26.3645084,5.625,-12.66699539,5.625,0.493754651,5.625,170.7555701,-5.625,259.8471174,5.625,252.5902868,-5.625,-67.56632716,5.625,-18.48523879,1.875,-44.5687878,5.625,55.65960578,5.625,78.7655029,5.625,96.59750478,-5.625,190.6446154,-1.875,179.5140648,1.875,64.59200239,1.875,83.80595933,-1.875,127.7127257,-5.625,319.9366989,1.875,143.794489,5.625,106.0820796,5.625,17.45562739,1.875,230.9353429,-1.875,217.4876958,-5.625,140.05287,-1.875,149.2460455,1.875,238.1892421,5.625
215.3759432,5.625,189.3071539,5.625,-4.639643466,-5.625,37.6927373,5.625,-2.098726686,-1.875,46.59272233,1.875,63.81571438,-5.625,-58.96714269,-1.875,208.7313339,-1.875,283.1244105,1.875,253.0101205,-1.875,50.60749331,-5.625,293.6338849,-5.625,196.6983685,1.875,101.7582172,-1.875,223.2987044,1.875,202.3696842,5.625,209.5591741,1.875,289.5619317,-1.875,-81.48124981,1.875,266.026801,-1.875,47.81857323,-1.875,-76.51718843,-1.875,76.84980033,-5.625,-27.40071986,5.625,-13.67004808,5.625,-0.574295849,5.625,171.9918969,-5.625,259.0290209,5.625,253.8145586,-5.625,-68.5716487,5.625,-19.55777393,1.875,-45.37304503,5.625,54.84704714,5.625,77.71859584,5.625,97.65065741,-5.625,191.7362722,-1.875,178.5006632,1.875,63.78800946,1.875,84.6312137,-1.875,128.8006933,-5.625,318.6240232,1.875,142.6940395,5.625,105.0686736,5.625,16.41741337,1.875,231.994457,-1.875,218.565055,-5.625,141.2251063,-1.875,148.199143,1.875,237.1666214,5.625
214.319517,5.625,188.2822202,5.625,-2.520524432,-5.625,36.67703899,5.625,0.029561864,-1.875,45.58773116,1.875,64.90122659,-5.625,-57.3258284,-1.875,209.7565564,-1.875,280.3118123,1.875,254.1042466,-1.875,51.65826913,-5.625,294.7060026,-5.625,195.6192985,1.875,102.7897851,-1.875,222.2875899,1.875,201.2783348,5.625,208.6095925,1.875,290.6234415,-1.875,-82.70003974,1.875,267.0543425,-1.875,49.9608714,-1.875,-75.204137,-1.875,77.86925207,-5.625,-28.25709296,5.625,-14.67310076,5.625,-1.642346349,5.625,173.2282237,-5.625,258.2109244,5.625,255.0388304,-5.625,-69.57697024,5.625,-20.63030908,1.875,-46.44351141,5.625,53.76553158,5.625,76.8533834,5.625,98.70381003,-5.625,192.8279291,-1.875,177.4872616,1.875,62.71789486,1.875,85.72962728,-1.875,129.8886609,-5.625,317.3113475,1.875,141.5935901,5.625,104.0552675,5.625,15.37919936,1.875,233.0535711,-1.875,219.6424142,-5.625,142.3973426,-1.875,147.1522405,1.875,236.1440008,5.625
213.2630907,5.625,187.2572864,5.625,-0.401405398,-5.625,35.66134069,5.625,2.157850414,-1.875,44.58273999,1.875,65.71678799,-5.625,-55.6845141,-1.875,210.7817788,-1.875,277.499214,1.875,254.9262798,-1.875,52.70904495,-5.625,295.7781204,-5.625,194.5402284,1.875,103.8213531,-1.875,221.2764755,1.875,200.3763931,5.625,207.6600109,1.875,291.6849513,-1.875,-83.91882968,1.875,268.0818839,-1.875,52.10316956,-1.875,-73.89108557,-1.875,78.88870381,-5.625,-29.29330441,5.625,-15.67615345,5.625,-2.71039685,5.625,174.4645505,-5.625,257.1220379,5.625,256.2631022,-5.625,-70.58229178,5.625,-21.70284422,1.875,-47.51397779,5.625,52.68401602,5.625,75.80647634,5.625,99.75696266,-5.625,193.6481071,-1.875,176.47386,1.875,61.64778026,1.875,86.82804085,-1.875,130.9766284,-5.625,315.9986718,1.875,140.4931406,5.625,103.0418615,5.625,14.34098534,1.875,233.9288721,-1.875,220.7197734,-5.625,143.569579,-1.875,146.1053381,1.875,235.1213801,5.625
212.3900111,5.625,186.2323527,5.625,1.717713636,-5.625,34.64564238,5.625,4.286138965,-1.875,43.57774882,1.875,66.8023002,-5.625,-54.04319981,-1.875,211.8070013,-1.875,274.6866158,1.875,256.020406,-1.875,53.75982078,-5.625,296.8502382,-5.625,193.4611584,1.875,104.8529211,-1.875,220.265361,1.875,199.2850436,5.625,206.6154712,1.875,292.746461,-1.875,-85.13761961,1.875,269.1094254,-1.875,54.24546772,-1.875,-72.57803413,-1.875,79.90815555,-5.625,-30.32951586,5.625,-16.67920614,5.625,-3.512838999,5.625,175.7008773,-5.625,256.0331515,5.625,257.4873741,-5.625,-71.58761332,5.625,-22.77537936,1.875,-48.58444416,5.625,51.60250047,5.625,74.75956928,5.625,100.8101153,-5.625,194.739764,-1.875,175.4604585,1.875,60.57766566,1.875,87.92645442,-1.875,132.064596,-5.625,314.6859961,1.875,139.3926911,5.625,102.0284555,5.625,13.30277132,1.875,234.9879862,-1.875,221.7971326,-5.625,144.7418153,-1.875,145.0584356,1.875,234.0987595,5.625
211.3335848,5.625,185.2074189,5.625,3.83683267,-5.625,33.62994408,5.625,6.414427515,-1.875,42.57275765,1.875,67.88781241,-5.625,-52.40188552,-1.875,212.8322238,-1.875,271.8740176,1.875,257.1145321,-1.875,54.8105966,-5.625,297.9223559,-5.625,192.3820884,1.875,105.884489,-1.875,219.2542465,1.875,198.1936941,5.625,205.5709314,1.875,293.8079708,-1.875,-86.35640955,1.875,270.1369669,-1.875,56.38776588,-1.875,-71.2649827,-1.875,80.92760729,-5.625,-31.36572732,5.625,-17.68225882,5.625,-4.580889499,5.625,176.9372041,-5.625,255.2150549,5.625,258.7116459,-5.625,-72.59293486,5.625,-23.84791451,1.875,-49.65491054,5.625,50.78994182,5.625,73.71266222,5.625,101.8632679,-5.625,195.8314209,-1.875,174.4470569,1.875,59.50755107,1.875,88.7517088,-1.875,133.1525636,-5.625,313.3733204,1.875,138.2922417,5.625,101.0150494,5.625,12.2645573,1.875,236.0471003,-1.875,222.8744918,-5.625,145.9140516,-1.875,144.0115331,1.875,233.0761389,5.625
210.2771585,5.625,184.1824851,5.625,5.955951704,-5.625,32.61424577,5.625,8.542716065,-1.875,41.56776648,1.875,68.97332463,-5.625,-50.76057123,-1.875,213.8574462,-1.875,269.0614193,1.875,258.2086583,-1.875,55.86137242,-5.625,298.9944737,-5.625,191.5713672,1.875,106.916057,-1.875,218.243132,1.875,197.2917524,5.625,204.5263916,1.875,294.8694806,-1.875,-87.57519948,1.875,271.1645083,-1.875,58.53006405,-1.875,-69.95193126,-1.875,81.94705903,-5.625,-32.40193877,5.625,-18.68531151,5.625,-5.64894,5.625,178.1735309,-5.625,254.1261685,5.625,259.9359177,-5.625,-73.5982564,5.625,-24.92044965,1.875,-50.45916777,5.625,49.70842627,5.625,72.84744978,5.625,102.9164205,-5.625,196.9230777,-1.875,173.4336553,1.875,58.70355813,1.875,89.85012237,-1.875,134.2405312,-5.625,312.0606447,1.875,137.1917922,5.625,100.0016434,5.625,11.22634328,1.875,237.1062144,-1.875,223.951851,-5.625,147.086288,-1.875,142.9646307,1.875,232.0535182,5.625
209.404079,5.625,183.1575514,5.625,8.075070738,-5.625,31.59854746,5.625,10.67100462,-1.875,40.56277531,1.875,69.78888602,-5.625,-49.11925693,-1.875,214.8826687,-1.875,266.2488211,1.875,259.0306914,-1.875,56.91214824,-5.625,320.747969,1.875,190.4922972,1.875,107.947625,-1.875,217.2320175,1.875,196.200403,5.625,203.57681,1.875,295.9309904,-1.875,-88.79398942,1.875,272.1920498,-1.875,60.67236221,-1.875,-68.63887983,-1.875,82.96651078,-5.625,-33.43815022,5.625,-19.68836419,5.625,-6.7169905,5.625,179.4098577,-5.625,253.037282,5.625,261.1601896,-5.625,-74.60357794,5.625,-25.99298479,1.875,-51.52963415,5.625,48.62691071,5.625,71.80054272,5.625,103.9695732,-5.625,197.7432557,-1.875,172.4202537,1.875,57.63344353,1.875,90.94853595,-1.875,135.3284988,-5.625,310.747969,1.875,136.0913427,5.625,98.98823738,5.625,10.18812926,1.875,237.9815154,-1.875,225.0292102,-5.625,148.2585243,-1.875,141.9177282,1.875,231.0308976,5.625
208.3476527,5.625,182.1326176,5.625,10.19418977,-5.625,30.58284916,5.625,12.79929317,-1.875,39.55778414,1.875,70.87439823,-5.625,-47.47794264,-1.875,215.9078912,-1.875,263.4362228,1.875,260.1248176,-1.875,57.78055801,-5.625,319.6978284,1.875,189.4132272,1.875,108.9791929,-1.875,216.220903,1.875,195.1090535,5.625,202.5322703,1.875,296.9925002,-1.875,-90.01277936,1.875,273.2195913,-1.875,62.81466037,-1.875,-67.3258284,-1.875,83.98596252,-5.625,-34.47436167,5.625,-20.69141688,5.625,-7.519432649,5.625,180.6461845,-5.625,251.9483956,5.625,262.3844614,-5.625,-75.60889949,5.625,-27.06551994,1.875,-52.60010053,5.625,47.54539516,5.625,70.75363566,5.625,105.0227258,-5.625,198.8349126,-1.875,171.4068521,1.875,56.56332893,1.875,92.04694952,-1.875,136.4164664,-5.625,309.4352933,1.875,134.9908932,5.625,97.97483135,5.625,9.149915243,1.875,239.0406295,-1.875,226.1065695,-5.625,149.4307606,-1.875,140.8708258,1.875,230.0082769,5.625
207.2912264,5.625,181.1076839,5.625,12.31330881,-5.625,29.56715085,5.625,14.92758172,-1.875,38.55279297,1.875,71.95991045,-5.625,-45.83662835,-1.875,216.9331136,-1.875,260.6236246,1.875,261.2189437,-1.875,58.83133384,-5.625,318.6476878,1.875,188.3341571,1.875,110.0107609,-1.875,215.2097885,1.875,194.2071118,5.625,201.4877305,1.875,298.0540099,-1.875,-91.23156929,1.875,274.2471327,-1.875,64.95695853,-1.875,-66.01277696,-1.875,85.00541426,-5.625,-35.51057313,5.625,-21.69446957,5.625,-8.587483149,5.625,181.8825113,-5.625,251.130299,5.625,263.6087332,-5.625,-76.61422103,5.625,-28.13805508,1.875,-53.6705669,5.625,46.73283651,5.625,69.7067286,5.625,106.0758784,-5.625,199.9265695,-1.875,170.3934505,1.875,55.49321434,1.875,92.8722039,-1.875,137.504434,-5.625,308.1226176,1.875,133.8904438,5.625,96.96142532,5.625,8.111701225,1.875,240.0997436,-1.875,227.1839287,-5.625,150.6029969,-1.875,139.8239233,1.875,228.9856563,5.625
206.2348001,5.625,180.0827501,5.625,14.43242784,-5.625,28.55145255,5.625,17.05587027,-1.875,37.5478018,1.875,73.04542266,-5.625,-44.19531406,-1.875,217.9583361,-1.875,257.8110263,1.875,262.3130699,-1.875,59.88210966,-5.625,317.5975473,1.875,187.5234359,1.875,111.0423289,-1.875,214.198674,1.875,193.1157623,5.625,200.4431907,1.875,299.1155197,-1.875,-92.45035923,1.875,275.2746742,-1.875,67.0992567,-1.875,-64.69972553,-1.875,86.024866,-5.625,-36.54678458,5.625,-22.69752225,5.625,-9.65553365,5.625,183.1188381,-5.625,250.0414126,5.625,264.833005,-5.625,-77.61954257,5.625,-29.21059022,1.875,-54.47482414,5.625,45.65132095,5.625,68.84151616,5.625,107.129031,-5.625,201.0182264,-1.875,169.380049,1.875,54.6892214,1.875,93.97061747,-1.875,138.5924016,-5.625,306.8099419,1.875,132.7899943,5.625,95.94801929,5.625,7.073487206,1.875,241.1588577,-1.875,228.2612879,-5.625,151.7752333,-1.875,138.7770208,1.875,227.9630356,5.625
205.1783738,5.625,179.0578163,5.625,16.55154687,-5.625,27.53575424,5.625,19.18415882,-1.875,36.54281063,1.875,73.86098405,-5.625,-42.55399976,-1.875,218.9835586,-1.875,254.9984281,1.875,263.1351031,-1.875,60.93288548,-5.625,316.5474067,1.875,186.4443659,1.875,112.0738968,-1.875,213.1875595,1.875,192.0244129,5.625,199.4936091,1.875,-100,-1.875,-93.66914916,1.875,276.3022157,-1.875,69.24155486,-1.875,-63.38667409,-1.875,87.04431774,-5.625,-37.40315768,5.625,-23.70057494,5.625,-10.72358415,5.625,184.3551649,-5.625,248.9525261,5.625,266.0572769,-5.625,-78.62486411,5.625,-30.28312537,1.875,-55.54529051,5.625,44.5698054,5.625,67.7946091,5.625,108.1821837,-5.625,201.8384043,-1.875,168.3666474,1.875,53.6191068,1.875,95.06903104,-1.875,139.6803691,-5.625,305.4972662,1.875,131.6895448,5.625,94.93461325,5.625,6.035273187,1.875,242.0341586,-1.875,229.3386471,-5.625,152.9474696,-1.875,137.7301184,1.875,226.940415,5.625
204.1219475,5.625,178.0328826,5.625,18.67066591,-5.625,26.52005594,5.625,21.31244737,-1.875,35.53781946,1.875,74.94649627,-5.625,-40.91268547,-1.875,220.008781,-1.875,252.1858298,1.875,264.2292292,-1.875,61.80129525,-5.625,315.4972662,1.875,185.3652959,1.875,113.1054648,-1.875,212.176445,1.875,191.1224711,5.625,198.4490694,1.875,-98.42948008,-1.875,-94.8879391,1.875,277.3297571,-1.875,71.38385302,-1.875,-62.07362266,-1.875,88.06376948,-5.625,-38.43936913,5.625,-24.70362763,5.625,-11.5260263,5.625,185.5914917,-5.625,247.8636397,5.625,267.2815487,-5.625,-79.63018565,5.625,-31.35566051,1.875,-56.61575689,5.625,43.48828984,5.625,66.74770204,5.625,109.2353363,-5.625,202.9300612,-1.875,167.3532458,1.875,52.54899221,1.875,96.16744462,-1.875,140.7683367,-5.625,304.1845904,1.875,130.5890954,5.625,93.92120722,5.625,4.997059169,1.875,243.0932727,-1.875,230.4160063,-5.625,154.1197059,-1.875,136.6832159,1.875,225.9177943,5.625
203.248868,5.625,177.0079488,5.625,20.78978494,-5.625,25.50435763,5.625,23.44073592,-1.875,34.53282829,1.875,76.03200848,-5.625,-39.27137118,-1.875,221.0340035,-1.875,249.3732316,1.875,265.3233554,-1.875,62.85207108,-5.625,314.4471256,1.875,184.2862259,1.875,114.1370328,-1.875,211.1653305,1.875,190.0311217,5.625,197.4045296,1.875,-96.85896017,-1.875,-96.10672903,1.875,278.3572986,-1.875,73.52615119,-1.875,-60.76057123,-1.875,89.08322122,-5.625,-39.47558059,5.625,-25.70668031,5.625,-12.5940768,5.625,186.8278185,-5.625,247.0455431,5.625,268.5058205,-5.625,-80.63550719,5.625,-32.42819565,1.875,-57.68622327,5.625,42.6757312,5.625,65.70079499,5.625,110.2884889,-5.625,204.0217181,-1.875,166.3398442,1.875,51.47887761,1.875,96.99269899,-1.875,141.8563043,-5.625,302.8719147,1.875,129.4886459,5.625,92.90780119,5.625,3.95884515,1.875,244.1523869,-1.875,231.4933655,-5.625,155.2919423,-1.875,135.6363134,1.875,224.8951737,5.625
202.1924417,5.625,175.9830151,5.625,22.90890398,-5.625,24.48865932,5.625,25.56902447,-1.875,33.52783712,1.875,77.11752069,-5.625,-37.63005689,-1.875,222.059226,-1.875,246.5606333,1.875,266.4174815,-1.875,63.9028469,-5.625,313.396985,1.875,183.4755046,1.875,115.1686008,-1.875,210.154216,1.875,188.9397722,5.625,196.3599898,1.875,-95.28844025,-1.875,-97.32551897,1.875,279.3848401,-1.875,75.66844935,-1.875,-59.44751979,-1.875,90.10267296,-5.625,-40.51179204,5.625,-26.709733,5.625,-13.6621273,5.625,188.0641453,-5.625,245.9566567,5.625,269.7300924,-5.625,-81.64082873,5.625,-33.5007308,1.875,-58.4904805,5.625,41.59421564,5.625,64.65388793,5.625,111.3416415,-5.625,205.113375,-1.875,165.3264426,1.875,50.67488467,1.875,98.09111256,-1.875,142.9442719,-5.625,301.559239,1.875,128.3881964,5.625,91.89439516,5.625,2.920631132,1.875,245.211501,-1.875,232.5707247,-5.625,156.4641786,-1.875,134.589411,1.875,223.8725531,5.625
201.1360154,5.625,174.9580813,5.625,25.02802301,-5.625,23.47296102,5.625,27.69731302,-1.875,32.52284595,1.875,77.93308209,-5.625,-35.98874259,-1.875,223.0844484,-1.875,243.7480351,1.875,267.2395147,-1.875,64.95362272,-5.625,312.3468445,1.875,182.3964346,1.875,116.2001687,-1.875,209.1431015,1.875,188.0378305,5.625,195.4104082,1.875,-93.71792034,-1.875,-98.5443089,1.875,280.4123815,-1.875,77.81074751,-1.875,-58.13446836,-1.875,91.1221247,-5.625,-41.36816514,5.625,-27.71278569,5.625,-14.7301778,5.625,189.3004721,-5.625,244.8677702,5.625,270.9543642,-5.625,-82.64615027,5.625,-34.57326594,1.875,-59.56094688,5.625,40.51270009,5.625,63.60698087,5.625,112.3947942,-5.625,205.933553,-1.875,164.313041,1.875,49.60477007,1.875,99.18952614,-1.875,144.0322395,-5.625,300.2465633,1.875,127.287747,5.625,90.88098912,5.625,1.882417113,1.875,246.2706151,-1.875,233.6480839,-5.625,157.6364149,-1.875,133.5425085,1.875,222.8499324,5.625
200.0795891,5.625,173.9331475,5.625,27.14714204,-5.625,22.45726271,5.625,29.82560157,-1.875,31.51785478,1.875,79.0185943,-5.625,-34.3474283,-1.875,224.1096709,-1.875,240.9354369,1.875,268.3336409,-1.875,65.82203249,-5.625,311.2967039,1.875,181.3173646,1.875,117.2317367,-1.875,208.131987,1.875,186.946481,5.625,194.3658685,1.875,-92.14740042,-1.875,-99.76309884,1.875,281.439923,-1.875,79.95304567,-1.875,-56.82141692,-1.875,92.14157644,-5.625,-42.40437659,5.625,-28.71583837,5.625,-15.53261995,5.625,190.5367989,-5.625,243.7788838,5.625,272.178636,-5.625,-83.65147181,5.625,-35.64580108,1.875,-60.63141325,5.625,39.43118453,5.625,62.56007381,5.625,113.4479468,-5.625,207.0252098,-1.875,163.2996395,1.875,48.53465548,1.875,100.2879397,-1.875,145.1202071,-5.625,298.9338876,1.875,126.1872975,5.625,89.86758309,5.625,0.844203094,1.875,247.3297292,-1.875,234.7254431,-5.625,158.8086512,-1.875,132.4956061,1.875,221.8273118,5.625
199.0231628,5.625,172.9082138,5.625,29.26626108,-5.625,21.44156441,5.625,31.95389012,-1.875,30.51286361,1.875,80.10410651,-5.625,-32.70611401,-1.875,225.1348934,-1.875,238.1228386,1.875,269.427767,-1.875,66.87280832,-5.625,310.2465633,1.875,180.2382946,1.875,118.2633047,-1.875,207.1208725,1.875,185.8551316,5.625,193.3213287,1.875,-90.57688051,-1.875,320.2465633,1.875,282.4674645,-1.875,82.09534384,-1.875,-55.50836549,-1.875,93.16102818,-5.625,-43.44058805,5.625,-29.71889106,5.625,-16.60067045,5.625,191.7731257,-5.625,242.9607872,5.625,273.4029078,-5.625,-84.65679335,5.625,-36.71833623,1.875,-61.70187963,5.625,38.61862589,5.625,61.51316675,5.625,114.5010994,-5.625,208.1168667,-1.875,162.2862379,1.875,47.46454088,1.875,101.1131941,-1.875,146.2081747,-5.625,297.6212119,1.875,125.086848,5.625,88.85417706,5.625,-0.194010924,1.875,248.3888433,-1.875,235.8028023,-5.625,159.9808876,-1.875,131.4487036,1.875,220.8046911,5.625
197.9667365,5.625,171.88328,5.625,31.38538011,-5.625,20.4258661,5.625,34.08217867,-1.875,29.50787244,1.875,81.18961873,-5.625,-31.06479972,-1.875,226.1601158,-1.875,235.3102404,1.875,270.5218932,-1.875,67.92358414,-5.625,309.1964228,1.875,179.4275733,1.875,119.2948726,-1.875,206.1097581,1.875,184.9531899,5.625,192.2767889,1.875,-89.00636059,-1.875,319.4064509,1.875,283.495006,-1.875,84.237642,-1.875,-54.19531406,-1.875,94.18047992,-5.625,-44.4767995,5.625,-30.72194374,5.625,-17.66872095,5.625,193.0094525,-5.625,241.8719008,5.625,274.6271797,-5.625,-85.6621149,5.625,-37.79087137,1.875,-62.50613686,5.625,37.53711033,5.625,60.64795431,5.625,115.554252,-5.625,209.2085236,-1.875,161.2728363,1.875,46.66054794,1.875,102.2116077,-1.875,147.2961423,-5.625,296.3085362,1.875,123.9863986,5.625,87.84077103,5.625,-1.232224943,1.875,249.4479575,-1.875,236.8801615,-5.625,161.1531239,-1.875,130.4018011,1.875,219.7820705,5.625
196.9103103,5.625,170.8583463,5.625,33.50449915,-5.625,19.41016779,5.625,36.21046722,-1.875,28.50288127,1.875,82.00518012,-5.625,-29.42348542,-1.875,227.1853383,-1.875,232.4976421,1.875,271.3439264,-1.875,68.97435996,-5.625,308.1462822,1.875,178.3485033,1.875,120.3264406,-1.875,205.0986436,1.875,183.8618404,5.625,191.3272073,1.875,-87.43584068,-1.875,318.5663384,1.875,284.5225474,-1.875,85.11637286,-1.875,-52.88226262,-1.875,95.19993166,-5.625,-45.51301095,5.625,-31.72499643,5.625,-18.73677145,5.625,194.2457794,-5.625,240.7830143,5.625,275.8514515,-5.625,-86.66743644,5.625,-38.86340651,1.875,-63.57660324,5.625,36.45559477,5.625,59.60104725,5.625,116.6074047,-5.625,210.0287016,-1.875,160.2594347,1.875,45.59043334,1.875,103.3100212,-1.875,148.3841098,-5.625,294.9958605,1.875,122.8859491,5.625,86.827365,5.625,-2.270438962,1.875,250.3232584,-1.875,237.9575208,-5.625,162.3253602,-1.875,129.3548987,1.875,218.7594498,5.625
195.853884,5.625,169.8334125,5.625,35.62361818,-5.625,18.39446949,5.625,38.33875577,-1.875,27.4978901,1.875,83.09069233,-5.625,-27.78217113,-1.875,228.2105608,-1.875,229.6850439,1.875,272.4380525,-1.875,70.02513578,-5.625,307.0961416,1.875,177.2694333,1.875,121.3580086,-1.875,204.0875291,1.875,182.7704909,5.625,190.3776257,1.875,-85.86532076,-1.875,317.726226,1.875,285.5500889,-1.875,86.1796372,-1.875,-51.56921119,-1.875,96.2193834,-5.625,-46.5492224,5.625,-32.72804912,5.625,-19.5392136,5.625,195.4821062,-5.625,239.6941279,5.625,277.0757233,-5.625,-87.67275798,5.625,-39.93594166,1.875,-64.64706962,5.625,35.37407922,5.625,58.55414019,5.625,117.6605573,-5.625,211.1203585,-1.875,159.2460331,1.875,44.52031875,1.875,104.4084348,-1.875,149.4720774,-5.625,293.6831848,1.875,121.7854996,5.625,85.81395896,5.625,-3.30865298,1.875,251.3823725,-1.875,239.03488,-5.625,163.4975966,-1.875,128.3079962,1.875,217.7368292,5.625
194.7974577,5.625,168.8084787,5.625,37.74273722,-5.625,17.37877118,5.625,40.46704432,-1.875,26.49289893,1.875,84.17620455,-5.625,-26.14085684,-1.875,229.2357832,-1.875,226.8724456,1.875,273.5321787,-1.875,71.07591161,-5.625,306.0460011,1.875,176.1903633,1.875,122.3895765,-1.875,203.0764146,1.875,181.8685492,5.625,189.3330859,1.875,-84.29480084,-1.875,316.8861135,1.875,286.5776304,-1.875,87.24290154,-1.875,-50.25615975,-1.875,97.23883515,-5.625,-47.58543386,5.625,-33.7311018,5.625,-20.6072641,5.625,196.718433,-5.625,238.8760313,5.625,278.2999952,-5.625,-88.67807952,5.625,-41.0084768,1.875,-65.71753599,5.625,34.56152057,5.625,57.50723313,5.625,118.7137099,-5.625,212.2120153,-1.875,158.2326315,1.875,43.45020415,1.875,105.2336892,-1.875,150.560045,-5.625,292.3705091,1.875,120.6850502,5.625,84.80055293,5.625,-4.346866999,1.875,252.4414866,-1.875,240.1122392,-5.625,164.6698329,-1.875,127.2610937,1.875,216.7142086,5.625
193.9243781,5.625,167.783545,5.625,39.86185625,-5.625,16.36307288,5.625,42.59533287,-1.875,25.48790776,1.875,85.26171676,-5.625,-24.49954255,-1.875,230.2610057,-1.875,224.0598474,1.875,274.6263048,-1.875,72.12668743,-5.625,304.9958605,1.875,175.379642,1.875,123.4211445,-1.875,202.0653001,1.875,180.7771997,5.625,188.2885462,1.875,-82.72428093,-1.875,316.0460011,1.875,287.6051718,-1.875,88.1216324,-1.875,-48.94310832,-1.875,98.25828689,-5.625,-48.62164531,5.625,-34.73415449,5.625,-21.6753146,5.625,197.9547598,-5.625,237.7871449,5.625,279.524267,-5.625,-89.68340106,5.625,-42.08101194,1.875,-66.52179323,5.625,33.48000502,5.625,56.64202069,5.625,119.7668625,-5.625,213.3036722,-1.875,157.21923,1.875,42.64621121,1.875,106.3321028,-1.875,151.6480126,-5.625,291.0578334,1.875,119.5846007,5.625,83.7871469,5.625,-5.385081018,1.875,253.5006007,-1.875,241.1895984,-5.625,165.8420692,-1.875,126.2141913,1.875,215.6915879,5.625
192.8679518,5.625,166.7586112,5.625,41.98097528,-5.625,15.34737457,5.625,44.72362142,-1.875,24.48291659,1.875,86.07727815,-5.625,-22.85822825,-1.875,231.2862282,-1.875,221.2472491,1.875,275.448338,-1.875,73.17746325,-5.625,303.9457199,1.875,174.300572,1.875,124.4527125,-1.875,201.0541856,1.875,179.875258,5.625,187.3389646,1.875,-81.15376101,-1.875,315.2058886,1.875,288.6327133,-1.875,89.18489674,-1.875,-47.63005689,-1.875,99.27773863,-5.625,-49.47801841,5.625,-35.73720718,5.625,-22.7433651,5.625,199.1910866,-5.625,236.6982584,5.625,280.7485388,-5.625,-90.6887226,5.625,-43.15354708,1.875,-67.5922596,5.625,32.39848946,5.625,55.59511363,5.625,120.8200152,-5.625,214.1238502,-1.875,156.2058284,1.875,41.57609661,1.875,107.4305163,-1.875,152.7359802,-5.625,289.7451577,1.875,118.4841512,5.625,82.77374087,5.625,-6.423295036,1.875,254.3759017,-1.875,242.2669576,-5.625,167.0143055,-1.875,125.1672888,1.875,214.6689673,5.625
191.9948723,5.625,165.7336775,5.625,44.10009432,-5.625,14.33167627,5.625,46.85190997,-1.875,23.47792542,1.875,87.16279037,-5.625,-21.21691396,-1.875,232.3114506,-1.875,218.4346509,1.875,276.5424642,-1.875,74.04587302,-5.625,302.8955794,1.875,173.221502,1.875,125.4842804,-1.875,200.0430711,1.875,178.7839086,5.625,186.2944248,1.875,-79.5832411,-1.875,314.3657762,1.875,289.6602548,-1.875,90.24816107,-1.875,-46.31700545,-1.875,100.2971904,-5.625,-50.51422986,5.625,-36.74025986,5.625,-23.54580725,5.625,200.4274134,-5.625,235.609372,5.625,281.9728106,-5.625,-91.69404414,5.625,-44.22608223,1.875,-68.66272598,5.625,31.3169739,5.625,54.54820657,5.625,121.8731678,-5.625,215.2155071,-1.875,155.1924268,1.875,40.50598202,1.875,108.5289299,-1.875,153.8239478,-5.625,288.432482,1.875,117.3837017,5.625,81.76033483,5.625,-7.461509055,1.875,255.4350158,-1.875,243.3443168,-5.625,168.1865419,-1.875,124.1203864,1.875,213.6463466,5.625
190.938446,5.625,164.7087437,5.625,46.21921335,-5.625,13.31597796,5.625,48.98019852,-1.875,22.47293425,1.875,88.24830258,-5.625,-19.57559967,-1.875,233.3366731,-1.875,215.6220527,1.875,277.6365903,-1.875,75.09664885,-5.625,301.8454388,1.875,172.142432,1.875,126.5158484,-1.875,199.0319566,1.875,177.6925591,5.625,185.249885,1.875,-78.01272118,-1.875,313.5256637,1.875,290.6877962,-1.875,91.31142541,-1.875,-45.00395402,-1.875,101.3166421,-5.625,-51.55044132,5.625,-37.74331255,5.625,-24.61385775,5.625,201.6637402,-5.625,234.7912754,5.625,283.1970825,-5.625,-92.69936568,5.625,-45.29861737,1.875,-69.73319236,5.625,30.23545835,5.625,53.50129951,5.625,122.9263204,-5.625,216.307164,-1.875,154.1790252,1.875,39.43586742,1.875,109.3541843,-1.875,154.9119154,-5.625,287.1198063,1.875,116.2832523,5.625,80.7469288,5.625,-8.499723074,1.875,256.4941299,-1.875,244.421676,-5.625,169.3587782,-1.875,123.0734839,1.875,212.623726,5.625
189.8820197,5.625,163.6838099,5.625,48.33833239,-5.625,12.30027965,5.625,51.10848707,-1.875,21.46794308,1.875,89.33381479,-5.625,-17.93428538,-1.875,234.3618956,-1.875,212.8094544,1.875,278.7307165,-1.875,76.14742467,-5.625,300.7952982,1.875,171.3317107,1.875,127.5474164,-1.875,198.0208421,1.875,176.7906174,5.625,184.2053453,1.875,-76.44220127,-1.875,312.6855513,1.875,291.7153377,-1.875,92.37468975,-1.875,-43.69090258,-1.875,102.3360938,-5.625,-52.58665277,5.625,-38.74636523,5.625,-25.68190825,5.625,202.900067,-5.625,233.702389,5.625,284.4213543,-5.625,-93.70468722,5.625,-46.37115251,1.875,-70.53744959,5.625,29.4228997,5.625,52.45439245,5.625,123.979473,-5.625,217.3988208,-1.875,153.1656236,1.875,38.63187448,1.875,110.4525979,-1.875,155.999883,-5.625,285.8071305,1.875,115.1828028,5.625,79.73352277,5.625,-9.537937092,1.875,257.553244,-1.875,245.4990352,-5.625,170.5310145,-1.875,122.0265814,1.875,211.6011053,5.625
188.8255934,5.625,162.6588762,5.625,50.45745142,-5.625,11.28458135,5.625,53.23677562,-1.875,20.46295191,1.875,90.41932701,-5.625,-16.29297108,-1.875,235.387118,-1.875,209.9968562,1.875,279.5527496,-1.875,77.19820049,-5.625,299.7451577,1.875,170.2526407,1.875,128.5789844,-1.875,197.0097276,1.875,175.6992679,5.625,183.2557637,1.875,-74.87168135,-1.875,311.8454388,1.875,292.7428792,-1.875,93.43795409,-1.875,-42.37785115,-1.875,103.3555456,-5.625,-53.44302587,5.625,-39.74941792,5.625,-26.74995875,5.625,204.1363938,-5.625,232.6135025,5.625,285.6456261,-5.625,-94.71000876,5.625,-47.44368766,1.875,-71.60791597,5.625,28.34138415,5.625,51.4074854,5.625,125.0326257,-5.625,218.2189988,-1.875,152.152222,1.875,37.56175988,1.875,111.5510114,-1.875,157.0878505,-5.625,284.4944548,1.875,114.0823533,5.625,78.72011674,5.625,-10.57615111,1.875,258.4285449,-1.875,246.5763944,-5.625,171.7032509,-1.875,120.979679,1.875,210.5784847,5.625
187.7691671,5.625,161.6339424,5.625,52.57657045,-5.625,10.26888304,5.625,55.36506417,-1.875,19.45796074,1.875,91.2348884,-5.625,-14.65165679,-1.875,236.4123405,-1.875,209.1879646,1.875,280.6468758,-1.875,78.24897631,-5.625,298.6950171,1.875,169.1735707,1.875,129.6105523,-1.875,195.9986131,1.875,174.6079185,5.625,182.2112239,1.875,-73.30116144,-1.875,310.8289027,1.875,293.7704206,-1.875,94.50121843,-1.875,-41.06479972,-1.875,104.3749973,-5.625,-54.47923732,5.625,-40.75247061,5.625,-27.5524009,5.625,205.3727206,-5.625,231.5246161,5.625,286.869898,-5.625,-95.71533031,5.625,-48.5162228,1.875,-72.67838234,5.625,27.25986859,5.625,50.36057834,5.625,126.0857783,-5.625,219.3106557,-1.875,151.1388205,1.875,36.49164529,1.875,112.649425,-1.875,158.1758181,-5.625,283.1817791,1.875,112.9819039,5.625,77.7067107,5.625,-11.61436513,1.875,259.4876591,-1.875,247.6537536,-5.625,172.8754872,-1.875,119.9327765,1.875,209.5558641,5.625
186.7127408,5.625,160.6090087,5.625,54.69568949,-5.625,9.253184736,5.625,57.49335272,-1.875,18.45296957,1.875,92.32040061,-5.625,-13.0103425,-1.875,237.437563,-1.875,208.1113299,1.875,281.7410019,-1.875,79.11738608,-5.625,297.6448765,1.875,168.0945007,1.875,130.6421203,-1.875,194.9874986,1.875,173.7059767,5.625,181.1666841,1.875,-71.73064152,-1.875,309.8123667,1.875,294.7979621,-1.875,95.56448277,-1.875,-39.75174828,-1.875,105.3944491,-5.625,-55.51544878,5.625,-41.75552329,5.625,-28.6204514,5.625,206.6090474,-5.625,230.7065195,5.625,288.0941698,-5.625,-96.72065185,5.625,-49.58875794,1.875,-73.74884872,5.625,26.17835304,5.625,49.31367128,5.625,127.1389309,-5.625,220.4023126,-1.875,150.1254189,1.875,35.42153069,1.875,113.4746794,-1.875,159.2637857,-5.625,281.8691034,1.875,111.8814544,5.625,76.69330467,5.625,-12.65257915,1.875,260.5467732,-1.875,248.7311129,-5.625,174.0477235,-1.875,118.885874,1.875,208.5332434,5.625
185.6563145,5.625,159.5840749,5.625,56.81480852,-5.625,8.237486431,5.625,59.62164127,-1.875,17.4479784,1.875,93.40591283,-5.625,-11.36902821,-1.875,238.4627854,-1.875,207.0346951,1.875,282.8351281,-1.875,80.16816191,-5.625,296.594736,1.875,167.2837795,1.875,131.6736883,-1.875,193.9763841,1.875,172.6146273,5.625,180.1221444,1.875,-70.1601216,-1.875,308.7958306,1.875,295.8255036,-1.875,96.44321363,-1.875,-38.43869685,-1.875,106.4139008,-5.625,-56.55166023,5.625,-42.75857598,5.625,-29.6885019,5.625,207.8453742,-5.625,229.6176331,5.625,289.3184416,-5.625,-97.72597339,5.625,-50.66129309,1.875,-74.55310595,5.625,25.36579439,5.625,48.26676422,5.625,128.1920835,-5.625,221.4939695,-1.875,149.1120173,1.875,34.61753775,1.875,114.5730929,-1.875,160.3517533,-5.625,280.5564277,1.875,110.7810049,5.625,75.67989864,5.625,-13.69079317,1.875,261.6058873,-1.875,249.8084721,-5.625,175.2199598,-1.875,117.8389716,1.875,207.5106228,5.625
184.5998883,5.625,158.5591411,5.625,58.93392756,-5.625,7.221788125,5.625,61.74992982,-1.875,16.44298723,1.875,94.49142504,-5.625,-9.727713914,-1.875,239.4880079,-1.875,205.9580604,1.875,283.6571613,-1.875,81.21893773,-5.625,295.5445954,1.875,166.2047095,1.875,132.7052562,-1.875,192.9652696,1.875,171.5232778,5.625,179.1725628,1.875,-68.58960169,-1.875,307.7792945,1.875,296.853045,-1.875,97.50647797,-1.875,-37.12564541,-1.875,107.4333526,-5.625,-57.58787168,5.625,-43.76162867,5.625,-30.7565524,5.625,209.081701,-5.625,228.5287466,5.625,290.5427134,-5.625,-98.73129493,5.625,-51.73382823,1.875,-75.62357233,5.625,24.28427883,5.625,47.40155178,5.625,129.2452361,-5.625,222.3141474,-1.875,148.0986157,1.875,33.54742315,1.875,115.6715065,-1.875,161.4397209,-5.625,279.243752,1.875,109.6805555,5.625,74.66649261,5.625,-14.72900719,1.875,262.6650014,-1.875,250.8858313,-5.625,176.3921962,-1.875,116.7920691,1.875,206.4880021,5.625
183.543462,5.625,157.5342074,5.625,61.05304659,-5.625,6.206089819,5.625,63.87821837,-1.875,15.43799606,1.875,95.30698643,-5.625,-8.086399622,-1.875,240.5132304,-1.875,205.1491688,1.875,284.7512874,-1.875,82.26971355,-5.625,294.4944548,1.875,165.1256394,1.875,133.7368242,-1.875,191.9541551,1.875,170.6213361,5.625,178.2229812,1.875,-67.01908177,-1.875,306.7627585,1.875,297.8805865,-1.875,98.56974231,-1.875,-35.81259398,-1.875,108.4528043,-5.625,-58.62408314,5.625,-44.76468135,5.625,-31.8246029,5.625,210.3180278,-5.625,227.4398602,5.625,291.7669853,-5.625,-99.73661647,5.625,-52.80636337,1.875,-76.69403871,5.625,23.20276328,5.625,46.35464472,5.625,130.2983888,-5.625,223.4058043,-1.875,147.0852141,1.875,32.47730856,1.875,116.7699201,-1.875,162.5276885,-5.625,277.9310763,1.875,108.580106,5.625,73.65308657,5.625,-15.7672212,1.875,263.7241155,-1.875,251.9631905,-5.625,177.5644325,-1.875,115.7451667,1.875,205.4653815,5.625
182.6703824,5.625,156.5092736,5.625,63.17216562,-5.625,5.190391513,5.625,66.00650692,-1.875,14.43300489,1.875,96.39249864,-5.625,-6.445085329,-1.875,241.5384528,-1.875,204.0725341,1.875,285.8454136,-1.875,83.32048937,-5.625,293.4443143,1.875,164.0465694,1.875,134.7683922,-1.875,190.9430407,1.875,169.5299866,5.625,177.1784414,1.875,-65.44856186,-1.875,305.7462224,1.875,298.908128,-1.875,99.63300665,-1.875,-34.49954255,-1.875,109.472256,-5.625,-59.66029459,5.625,-45.76773404,5.625,-32.62704505,5.625,211.5543546,-5.625,226.6217637,5.625,292.9912571,-5.625,325.7462224,1.875,-53.87889852,1.875,-77.76450508,5.625,22.12124772,5.625,45.30773766,5.625,131.3515414,-5.625,224.4974612,-1.875,146.0718125,1.875,31.40719396,1.875,117.5951745,-1.875,163.6156561,-5.625,276.6184006,1.875,107.4796565,5.625,72.63968054,5.625,-16.80543522,1.875,264.7832296,-1.875,253.0405497,-5.625,178.7366688,-1.875,114.6982642,1.875,204.4427608,5.625
181.6139561,5.625,155.4843399,5.625,65.29128466,-5.625,4.174693207,5.625,68.13479547,-1.875,13.42801372,1.875,97.47801086,-5.625,-4.803771037,-1.875,242.5636753,-1.875,202.9958994,1.875,286.9395397,-1.875,84.3712652,-5.625,292.3941737,1.875,163.2358482,1.875,135.7999601,-1.875,189.9319262,1.875,168.4386372,5.625,176.1339016,1.875,-63.87804194,-1.875,304.7296863,1.875,299.9356694,-1.875,100.5117375,-1.875,-33.18649111,-1.875,110.4917078,-5.625,-60.69650604,5.625,-46.77078672,5.625,-33.69509555,5.625,212.7906814,-5.625,225.5328772,5.625,294.2155289,-5.625,323.7095729,1.875,-54.95143366,1.875,-78.83497146,5.625,21.30868908,5.625,44.2608306,5.625,132.404694,-5.625,225.5891181,-1.875,145.058411,1.875,30.60320102,1.875,118.693588,-1.875,164.7036237,-5.625,275.3057249,1.875,106.3792071,5.625,71.62627451,5.625,-17.84364924,1.875,265.8423438,-1.875,254.1179089,-5.625,179.9089052,-1.875,113.6513617,1.875,203.4201402,5.625
180.5575298,5.625,154.4594061,5.625,67.41040369,-5.625,3.158994901,5.625,70.26308402,-1.875,12.42302255,1.875,98.56352307,-5.625,-3.162456744,-1.875,243.5888977,-1.875,201.9192647,1.875,287.7615729,-1.875,85.42204102,-5.625,291.3440331,1.875,162.1567782,1.875,136.8315281,-1.875,188.9208117,1.875,167.5366955,5.625,175.18432,1.875,-62.30752203,-1.875,303.7131503,1.875,300,5.625,101.5750018,-1.875,-31.87343968,-1.875,111.5111595,-5.625,-61.73271749,5.625,-47.77383941,5.625,-34.76314605,5.625,214.0270082,-5.625,224.4439907,5.625,295.4398008,-5.625,321.6729235,1.875,-56.0239688,1.875,-79.90543784,5.625,20.22717352,5.625,43.39561816,5.625,133.4578466,-5.625,226.4092961,-1.875,144.0450094,1.875,29.53308643,1.875,119.7920016,-1.875,165.7915912,-5.625,273.9930492,1.875,105.2787576,5.625,70.61286848,5.625,-18.88186326,1.875,266.7176447,-1.875,255.1952681,-5.625,181.0811415,-1.875,112.6044593,1.875,202.3975195,5.625
179.5011035,5.625,153.4344723,5.625,69.52952273,-5.625,2.143296596,5.625,72.39137257,-1.875,11.41803138,1.875,99.37908446,-5.625,-1.521142452,-1.875,244.6141202,-1.875,201.1103731,1.875,288.8556991,-1.875,86.47281684,-5.625,290.2938926,1.875,161.0777082,1.875,137.8630961,-1.875,187.9096972,1.875,166.445346,5.625,174.1397803,1.875,-60.73700211,-1.875,302.6966142,1.875,298.5243573,5.625,102.6382662,-1.875,-30.56038824,-1.875,112.5306113,-5.625,-62.76892895,5.625,-48.7768921,5.625,-35.83119655,5.625,215.263335,-5.625,223.3551043,5.625,296.6640726,-5.625,320.8596946,1.875,-57.09650395,1.875,-80.97590421,5.625,19.14565797,5.625,42.3487111,5.625,134.5109993,-5.625,227.5009529,-1.875,143.0316078,1.875,28.46297183,1.875,120.8904152,-1.875,166.8795588,-5.625,272.6803735,1.875,104.1783081,5.625,69.59946244,5.625,-19.92007728,1.875,267.7767588,-1.875,256.2726273,-5.625,182.2533778,-1.875,111.5575568,1.875,201.3748989,5.625
178.4446773,5.625,152.4095386,5.625,71.64864176,-5.625,1.12759829,5.625,74.51966112,-1.875,10.41304021,1.875,100.4645967,-5.625,0.120171841,-1.875,245.6393427,-1.875,200.0337384,1.875,289.9498252,-1.875,87.34122661,-5.625,289.243752,1.875,159.9986382,1.875,138.894664,-1.875,186.8985827,1.875,165.3539965,5.625,173.0952405,1.875,-59.16648219,-1.875,301.6800781,1.875,297.0487147,5.625,103.7015305,-1.875,-29.24733681,-1.875,113.550063,-5.625,-63.8051404,5.625,-49.77994478,5.625,-36.6336387,5.625,216.4996618,-5.625,222.5370078,5.625,297.8883444,-5.625,319.777287,1.875,-58.16903909,1.875,-82.04637059,5.625,18.06414241,5.625,41.30180404,5.625,135.5641519,-5.625,228.5926098,-1.875,142.0182062,1.875,27.39285723,1.875,121.9888288,-1.875,167.9675264,-5.625,271.3676978,1.875,103.0778587,5.625,68.58605641,5.625,-20.9582913,1.875,268.8358729,-1.875,257.3499865,-5.625,183.4256141,-1.875,110.5106544,1.875,200.3522783,5.625
177.388251,5.625,151.3846048,5.625,73.76776079,-5.625,0.111899984,5.625,76.64794967,-1.875,9.408049037,1.875,101.5501089,-5.625,1.761486133,-1.875,246.6645651,-1.875,198.9571037,1.875,291.0439514,-1.875,88.39200244,-5.625,288.1936114,1.875,159.1879169,1.875,139.926232,-1.875,185.8874682,1.875,164.4520548,5.625,172.0507007,1.875,-57.59596228,-1.875,300.6635421,1.875,295.573072,5.625,104.7647949,-1.875,-27.93428538,-1.875,114.5695147,-5.625,-64.84135185,5.625,-50.78299747,5.625,-37.7016892,5.625,217.7359886,-5.625,221.4481213,5.625,299.1126163,-5.625,318.6948794,1.875,-59.24157423,1.875,-83.11683697,5.625,17.25158376,5.625,40.25489698,5.625,136.6173045,-5.625,229.6842667,-1.875,141.0048046,1.875,26.58886429,1.875,122.8140831,-1.875,169.055494,-5.625,270.0550221,1.875,101.9774092,5.625,67.57265038,5.625,-21.99650532,1.875,269.894987,-1.875,258.4273457,-5.625,184.5978505,-1.875,109.4637519,1.875,199.3296576,5.625
176.5151714,5.625,150.3596711,5.625,75.88687983,-5.625,-0.903798322,5.625,78.77623823,-1.875,8.403057867,1.875,102.6356211,-5.625,3.402800426,-1.875,247.6897876,-1.875,197.880469,1.875,292.1380775,-1.875,89.44277826,-5.625,287.1434709,1.875,158.1088469,1.875,140.9578,-1.875,184.8763537,1.875,163.3607054,5.625,171.1011191,1.875,-56.02544236,-1.875,299.647006,1.875,294.0974293,5.625,105.8280592,-1.875,-26.62123394,-1.875,115.5889665,-5.625,-65.8775633,5.625,-51.78605016,5.625,-38.7697397,5.625,218.9723154,-5.625,220.3592348,5.625,327.6124718,1.875,317.6124718,1.875,-60.31410938,1.875,-84.18730334,5.625,16.17006821,5.625,39.20798992,5.625,137.6704571,-5.625,230.7759236,-1.875,139.991403,1.875,25.5187497,1.875,123.9124967,-1.875,170.1434616,-5.625,268.7423464,1.875,100.8769597,5.625,66.55924435,5.625,-23.03471933,1.875,270.9541012,-1.875,259.5047049,-5.625,185.7700868,-1.875,108.4168494,1.875,198.307037,5.625
175.4587451,5.625,149.3347373,5.625,76.90403083,-5.625,-1.919496628,5.625,80.90452678,-1.875,7.398066697,1.875,103.4511825,-5.625,5.044114718,-1.875,248.7150101,-1.875,196.8038343,1.875,293.2322037,-1.875,90.49355408,-5.625,286.0933303,1.875,157.0297769,1.875,141.989368,-1.875,183.8652392,1.875,162.2693559,5.625,170.1515375,1.875,-54.45492245,-1.875,298.6304699,1.875,292.6217866,5.625,106.8913235,-1.875,-25.30818251,-1.875,116.6084182,-5.625,-66.91377476,5.625,-52.78910284,5.625,-39.8377902,5.625,220.2086422,-5.625,219.2703484,5.625,326.8968304,1.875,316.7179201,1.875,-61.38664452,1.875,-85.25776972,5.625,15.08855265,5.625,38.16108287,5.625,138.7236098,-5.625,231.5961016,-1.875,138.9780015,1.875,24.4486351,1.875,125.0109103,-1.875,171.2314292,-5.625,267.4296706,1.875,99.77651025,5.625,65.54583832,5.625,-24.07293335,1.875,272.0132153,-1.875,260.5820642,-5.625,186.9423231,-1.875,107.369947,1.875,197.2844163,5.625
174.4023188,5.625,148.3098035,5.625,77.92118182,-5.625,-2.935194934,5.625,83.03281533,-1.875,6.393075527,1.875,104.5366947,-5.625,6.685429011,-1.875,249.7402325,-1.875,195.9949427,1.875,294.3263298,-1.875,91.36196385,-5.625,285.0431897,1.875,155.9507069,1.875,143.0209359,-1.875,182.8541247,1.875,161.3674142,5.625,169.1069978,1.875,-52.88440253,-1.875,297.6139339,1.875,291.146144,5.625,107.9545879,-1.875,-23.99513107,-1.875,117.62787,-5.625,-67.94998621,5.625,-53.79215553,5.625,-40.64023235,5.625,221.444969,-5.625,218.4522519,5.625,326.0309043,1.875,315.6355125,1.875,-62.45917966,1.875,-86.3282361,5.625,14.0070371,5.625,37.11417581,5.625,139.7767624,-5.625,232.6877584,-1.875,137.9645999,1.875,23.3785205,1.875,126.1093239,-1.875,172.3193968,-5.625,266.1169949,1.875,98.67606078,5.625,64.53243228,5.625,-25.11114737,1.875,273.0723294,-1.875,261.6594234,-5.625,188.1145595,-1.875,106.3230445,1.875,196.2617957,5.625
173.3458926,5.625,147.2848698,5.625,78.93833282,-5.625,-3.950893239,5.625,85.16110388,-1.875,5.388084357,1.875,105.6222069,-5.625,8.326743303,-1.875,250.765455,-1.875,194.9183079,1.875,295.420456,-1.875,92.41273968,-5.625,283.9930492,1.875,155.1399856,1.875,144.0525039,-1.875,181.8430102,1.875,160.2760647,5.625,168.062458,1.875,-51.31388262,-1.875,296.5973978,1.875,289.6705013,5.625,109.0178522,-1.875,-22.68207964,-1.875,118.6473217,-5.625,-68.98619766,5.625,-54.79520822,5.625,-41.70828285,5.625,222.6812958,-5.625,217.3633654,5.625,325.1649783,1.875,314.5531049,1.875,-63.53171481,1.875,-87.39870248,5.625,13.19447845,5.625,36.06726875,5.625,140.829915,-5.625,233.7794153,-1.875,136.9511983,1.875,22.57452756,1.875,126.9345782,-1.875,173.4073644,-5.625,264.8043192,1.875,97.57561131,5.625,63.51902625,5.625,-26.14936139,1.875,274.1314435,-1.875,262.7367826,-5.625,189.2867958,-1.875,105.276142,1.875,195.239175,5.625
172.2894663,5.625,146.259936,5.625,79.95548381,-5.625,-4.966591545,5.625,87.28939243,-1.875,4.383093187,1.875,106.7077191,-5.625,9.968057596,-1.875,251.7906775,-1.875,193.8416732,1.875,296.5145822,-1.875,93.4635155,-5.625,282.9429086,1.875,154.0609156,1.875,145.0840719,-1.875,180.8318957,1.875,159.374123,5.625,167.1128764,1.875,-49.7433627,-1.875,295.5808617,1.875,288.1948586,5.625,109.8166985,-1.875,-21.36902821,-1.875,119.6667734,-5.625,-70.02240912,5.625,-55.7982609,5.625,-42.77633335,5.625,223.9176226,-5.625,216.2744789,5.625,324.4493369,1.875,313.6585531,1.875,-64.60424995,1.875,-88.46916885,5.625,12.1129629,5.625,35.2020563,5.625,141.8830676,-5.625,234.8710722,-1.875,135.9377967,1.875,21.50441297,1.875,128.0329918,-1.875,174.4953319,-5.625,263.4916435,1.875,96.47516184,5.625,62.50562022,5.625,-27.18757541,1.875,275.1905576,-1.875,263.8141418,-5.625,190.4590321,-1.875,104.2292396,1.875,194.2165544,5.625
171.4163867,5.625,145.2350023,5.625,80.97263481,-5.625,-5.982289851,5.625,89.41768098,-1.875,3.378102017,1.875,107.5232805,-5.625,11.60937189,-1.875,252.8158999,-1.875,192.7650385,1.875,297.6087083,-1.875,94.51429132,-5.625,281.8927681,1.875,152.9818456,1.875,146.1156398,-1.875,179.8207812,1.875,158.2827735,5.625,166.0683366,1.875,-48.17284279,-1.875,294.5643257,1.875,286.719216,5.625,110.8799628,-1.875,-20.05597677,-1.875,120.6862252,-5.625,-71.05862057,5.625,-56.80131359,5.625,-43.84438385,5.625,225.1539494,-5.625,215.1855925,5.625,323.5834108,1.875,312.5761455,1.875,-65.67678509,1.875,-89.53963523,5.625,11.03144734,5.625,34.15514925,5.625,142.9362203,-5.625,235.6912502,-1.875,134.9243951,1.875,20.43429837,1.875,129.1314054,-1.875,175.5832995,-5.625,262.1789678,1.875,95.37471237,5.625,61.49221419,5.625,-28.22578943,1.875,276.2496718,-1.875,264.891501,-5.625,191.6312684,-1.875,103.1823371,1.875,193.1939338,5.625
170.3599604,5.625,144.2100685,5.625,81.98978581,-5.625,-6.997988157,5.625,91.54596953,-1.875,2.373110847,1.875,108.6087927,-5.625,13.25068618,-1.875,253.8411224,-1.875,191.9561469,1.875,298.7028345,-1.875,95.56506714,-5.625,280.8426275,1.875,151.9027756,1.875,147.1472078,-1.875,178.8096667,1.875,157.1914241,5.625,165.0237969,1.875,-46.60232287,-1.875,293.5477896,1.875,285.2435733,5.625,111.9432271,-1.875,-18.74292534,-1.875,121.7056769,-5.625,-72.09483202,5.625,-57.80436627,5.625,-44.646826,5.625,226.3902763,-5.625,214.367496,5.625,322.7174847,1.875,311.4937379,1.875,-66.74932024,1.875,-90.61010161,5.625,9.949931784,5.625,33.10824219,5.625,143.9893729,-5.625,236.7829071,-1.875,133.9109935,1.875,19.36418377,1.875,130.229819,-1.875,176.6712671,-5.625,260.8662921,1.875,94.2742629,5.625,60.47880815,5.625,-29.26400345,1.875,277.3087859,-1.875,265.9688602,-5.625,192.8035048,-1.875,102.1354347,1.875,192.1713131,5.625
169.3035341,5.625,143.1851347,5.625,83.0069368,-5.625,-8.013686463,5.625,93.67425808,-1.875,1.368119677,1.875,109.694305,-5.625,14.89200047,-1.875,254.8663449,-1.875,190.8795122,1.875,299.7969606,-1.875,96.61584297,-5.625,279.7924869,1.875,151.0920543,1.875,148.1787758,-1.875,177.7985522,1.875,156.2894824,5.625,163.9792571,1.875,-45.03180295,-1.875,292.5312535,1.875,283.7679306,5.625,113.0064915,-1.875,-17.4298739,-1.875,122.7251287,-5.625,-73.13104347,5.625,-58.80741896,5.625,-45.7148765,5.625,227.6266031,-5.625,213.2786095,5.625,322.0018433,1.875,310.5991862,1.875,-67.82185538,1.875,-91.68056798,5.625,9.137373139,5.625,32.06133513,5.625,145.0425255,-5.625,237.8745639,-1.875,132.897592,1.875,18.56019083,1.875,131.0550733,-1.875,177.7592347,-5.625,259.5536164,1.875,93.17381343,5.625,59.46540212,5.625,-30.30221747,1.875,278.3679,-1.875,267.0462194,-5.625,193.9757411,-1.875,101.0885322,1.875,191.1486925,5.625
168.2471078,5.625,142.160201,5.625,84.0240878,-5.625,-9.029384769,5.625,95.80254663,-1.875,0.363128507,1.875,110.7798172,-5.625,16.53331477,-1.875,255.8915673,-1.875,189.8028775,1.875,-100,-1.875,97.66661879,-5.625,278.7423464,1.875,150.0129843,1.875,149.2103437,-1.875,176.7874377,1.875,155.1981329,5.625,163.0296755,1.875,-43.46128304,-1.875,291.5147174,1.875,282.2922879,5.625,114.0697558,-1.875,-16.11682247,-1.875,123.7445804,-5.625,-74.16725493,5.625,-59.81047165,5.625,-46.782927,5.625,228.8629299,-5.625,212.189723,5.625,321.1359172,1.875,309.5167786,1.875,-68.89439052,1.875,-92.75103436,5.625,8.055857583,5.625,31.19612269,5.625,146.0956781,-5.625,238.9662208,-1.875,131.8841904,1.875,17.49007624,1.875,132.1534869,-1.875,178.8472023,-5.625,258.2409407,1.875,92.07336397,5.625,58.45199609,5.625,-31.34043148,1.875,279.4270141,-1.875,268.1235786,-5.625,195.1479774,-1.875,100.0416297,1.875,190.1260718,5.625
167.1906816,5.625,141.1352672,5.625,85.0412388,-5.625,-10.04508307,5.625,97.93083518,-1.875,-0.641862663,1.875,111.5953786,-5.625,18.17462906,-1.875,256.9167898,-1.875,188.7262428,1.875,-97.84229074,-1.875,98.71739461,-5.625,277.6922058,1.875,148.9339143,1.875,150.2419117,-1.875,175.7763233,1.875,154.1067834,5.625,161.9851357,1.875,-41.89076312,-1.875,290.4981814,1.875,280.8166453,5.625,115.1330202,-1.875,-14.80377104,-1.875,124.7640321,-5.625,-75.20346638,5.625,-60.81352433,5.625,-47.8509775,5.625,230.0992567,-5.625,211.1008366,5.625,320.2699911,1.875,308.434371,1.875,-69.96692567,1.875,-93.82150074,5.625,6.974342027,5.625,30.14921563,5.625,147.1488308,-5.625,239.7863988,-1.875,130.8707888,1.875,16.41996164,1.875,133.2519005,-1.875,179.9351699,-5.625,256.928265,1.875,90.9729145,5.625,57.43859006,5.625,-32.3786455,1.875,280.4861282,-1.875,269.2009378,-5.625,196.3202138,-1.875,98.99472727,1.875,189.1034512,5.625
166.1342553,5.625,140.1103335,5.625,86.05838979,-5.625,-11.06078138,5.625,100.0591237,-1.875,-1.646853833,1.875,112.6808908,-5.625,19.81594335,-1.875,257.9420123,-1.875,187.9173512,1.875,-95.68458148,-1.875,99.58580438,-5.625,276.6420652,1.875,147.8548443,1.875,151.2734797,-1.875,174.7652088,1.875,153.2048417,5.625,160.9405959,1.875,-40.32024321,-1.875,289.4816453,1.875,279.3410026,5.625,116.1962845,-1.875,-13.4907196,-1.875,125.7834839,-5.625,-76.23967783,5.625,-61.81657702,5.625,-48.65341965,5.625,231.3355835,-5.625,210.2827401,5.625,319.5543497,1.875,307.5398192,1.875,-71.03946081,1.875,-94.89196711,5.625,5.892826471,5.625,29.10230857,5.625,148.2019834,-5.625,240.8780557,-1.875,129.8573872,1.875,15.34984704,1.875,134.3503141,-1.875,181.0231375,-5.625,255.6155893,1.875,89.87246503,5.625,56.42518402,5.625,-33.41685952,1.875,281.5452423,-1.875,270.278297,-5.625,197.4924501,-1.875,97.94782481,1.875,188.0808305,5.625
165.2611757,5.625,139.0853997,5.625,87.07554079,-5.625,-12.07647969,5.625,102.1874123,-1.875,-2.651845003,1.875,113.766403,-5.625,21.45725764,-1.875,258.9672347,-1.875,186.8407165,1.875,-93.52687222,-1.875,100.6365802,-5.625,275.5919247,1.875,147.044123,1.875,152.3050476,-1.875,173.7540943,1.875,152.1134922,5.625,159.8960562,1.875,-38.74972329,-1.875,288.4651092,1.875,277.8653599,5.625,117.2595488,-1.875,-12.17766817,-1.875,126.8029356,-5.625,-77.27588929,5.625,-62.81962971,5.625,-49.72147015,5.625,232.5719103,-5.625,209.1938536,5.625,318.6884237,1.875,306.4574116,1.875,-72.11199595,1.875,-95.96243349,5.625,5.080267827,5.625,28.05540151,5.625,149.255136,-5.625,241.9697126,-1.875,128.8439856,1.875,14.27973244,1.875,135.1755684,-1.875,182.1111051,-5.625,254.3029136,1.875,88.77201556,5.625,55.41177799,5.625,-34.45507354,1.875,282.6043565,-1.875,271.3556563,-5.625,198.6646864,-1.875,96.90092234,1.875,187.0582099,5.625
164.2047494,5.625,138.060466,5.625,88.09269179,-5.625,-13.09217799,5.625,104.3157008,-1.875,-3.656836173,1.875,114.8519152,-5.625,23.09857194,-1.875,259.9924572,-1.875,185.7640818,1.875,-91.36916296,-1.875,101.687356,-5.625,274.5417841,1.875,145.965053,1.875,153.3366156,-1.875,172.7429798,1.875,151.0221428,5.625,158.9464746,1.875,-37.17920338,-1.875,287.4485732,1.875,276.3897173,5.625,118.0583951,-1.875,-10.86461673,-1.875,127.8223874,-5.625,-78.31210074,5.625,-63.82268239,5.625,-50.78952065,5.625,233.8082371,-5.625,208.1049671,5.625,317.9727823,1.875,305.5628599,1.875,-73.1845311,1.875,-97.03289987,5.625,3.99875227,5.625,27.19018907,5.625,150.3082886,-5.625,243.0613695,-1.875,127.830584,1.875,13.47573951,1.875,136.273982,-1.875,183.1990726,-5.625,252.9902379,1.875,87.67156609,5.625,54.39837196,5.625,-35.49328756,1.875,283.6634706,-1.875,272.4330155,-5.625,199.8369227,-1.875,95.85401988,1.875,186.0355893,5.625
163.1483231,5.625,137.0355322,5.625,89.10984278,-5.625,-14.1078763,5.625,105.3449407,-1.875,-4.661827343,1.875,115.6674766,-5.625,24.73988623,-1.875,261.0176797,-1.875,184.6874471,1.875,-89.21145369,-1.875,102.7381319,-5.625,273.4916435,1.875,144.885983,1.875,154.3681836,-1.875,171.7318653,1.875,150.1202011,5.625,157.996893,1.875,-35.60868346,-1.875,286.4320371,1.875,274.9140746,5.625,119.1216594,-1.875,-9.551565301,-1.875,128.8418391,-5.625,-79.34831219,5.625,-64.82573508,5.625,-51.85757115,5.625,235.0445639,-5.625,207.0160807,5.625,317.1068562,1.875,304.4804523,1.875,-74.25706624,1.875,-98.10336624,5.625,2.917236714,5.625,26.14328201,5.625,151.3614413,-5.625,243.8815474,-1.875,126.8171825,1.875,12.40562491,1.875,137.3723956,-1.875,184.2870402,-5.625,251.6775622,1.875,86.57111662,5.625,53.38496593,5.625,-36.53150158,1.875,284.7225847,-1.875,273.5103747,-5.625,201.0091591,-1.875,94.80711742,1.875,185.0129686,5.625
162.0918968,5.625,136.0105984,5.625,90.12699378,-5.625,-15.1235746,5.625,106.3741806,-1.875,-5.666818514,1.875,116.7529888,-5.625,26.38120052,-1.875,262.0429021,-1.875,183.8785555,1.875,-87.05374443,-1.875,103.6065416,-5.625,272.441503,1.875,143.806913,1.875,155.3997516,-1.875,170.7207508,1.875,149.0288516,5.625,156.9523532,1.875,-34.03816355,-1.875,285.415501,1.875,273.4384319,5.625,120.1849237,-1.875,-8.238513867,-1.875,129.8612908,-5.625,-80.38452364,5.625,-65.82878776,5.625,-52.6600133,5.625,236.2808907,-5.625,205.9271942,5.625,316.2409301,1.875,303.3980447,1.875,-75.32960138,1.875,-99.17383262,5.625,1.835721158,5.625,25.09637495,5.625,152.4145939,-5.625,244.9732043,-1.875,125.8037809,1.875,11.33551031,1.875,138.4708091,-1.875,185.3750078,-5.625,250.3648865,1.875,85.47066715,5.625,52.37155989,5.625,-37.5697156,1.875,285.7816988,-1.875,274.5877339,-5.625,202.1813954,-1.875,93.76021496,1.875,183.990348,5.625
161.0354706,5.625,134.9856647,5.625,91.14414477,-5.625,-16.13927291,5.625,107.4034205,-1.875,-6.671809684,1.875,117.838501,-5.625,28.02251481,-1.875,263.0681246,-1.875,182.8019208,1.875,-84.89603517,-1.875,104.6573174,-5.625,271.3913624,1.875,142.727843,1.875,156.4313195,-1.875,169.7096363,1.875,147.9375021,5.625,155.9078134,1.875,-32.46764363,-1.875,284.398965,1.875,271.9627892,5.625,121.2481881,-1.875,-6.925462433,-1.875,130.8807426,-5.625,-81.4207351,5.625,-66.83184045,5.625,-53.7280638,5.625,237.5172175,-5.625,205.1090977,5.625,315.5252887,1.875,302.5034929,1.875,-76.40213652,1.875,335.5252887,1.875,1.023162514,5.625,24.04946789,5.625,153.4677465,-5.625,246.0648612,-1.875,124.7903793,1.875,10.26539571,1.875,139.2960635,-1.875,186.4629754,-5.625,249.0522108,1.875,84.37021768,5.625,51.35815386,5.625,-38.60792961,1.875,286.8408129,-1.875,275.6650931,-5.625,203.3536317,-1.875,92.7133125,1.875,182.9677273,5.625
159.9790443,5.625,133.9607309,5.625,92.16129577,-5.625,-17.15497122,5.625,108.4326604,-1.875,-7.676800854,1.875,118.9240132,-5.625,29.66382911,-1.875,264.0933471,-1.875,181.725286,1.875,-82.73832591,-1.875,105.7080933,-5.625,270.3412218,1.875,141.9171217,1.875,157.4628875,-1.875,168.6985218,1.875,147.0355604,5.625,154.8632737,1.875,-30.89712371,-1.875,283.3824289,1.875,270.4871466,5.625,122.3114524,-1.875,-5.612410999,-1.875,131.9001943,-5.625,-82.45694655,5.625,-67.83489314,5.625,-54.7961143,5.625,238.7535443,-5.625,204.0202112,5.625,314.6593626,1.875,301.4210853,1.875,-77.47467167,1.875,332.9717178,1.875,-0.058353042,5.625,23.00256083,5.625,154.5208991,-5.625,247.1565181,-1.875,123.7769777,1.875,9.461402777,1.875,140.3944771,-1.875,187.550943,-5.625,247.739535,1.875,83.26976821,5.625,50.34474783,5.625,-39.64614363,1.875,287.8999271,-1.875,276.7424523,-5.625,204.5258681,-1.875,91.66641003,1.875,181.9451067,5.625
159.1059647,5.625,132.9357972,5.625,93.17844677,-5.625,-18.17066952,5.625,109.4619002,-1.875,-8.681792024,1.875,119.7395746,-5.625,31.3051434,-1.875,265.1185695,-1.875,180.6486513,1.875,-80.58061665,-1.875,106.7588691,-5.625,269.2910813,1.875,140.8380517,1.875,158.4944555,-1.875,167.6874073,1.875,145.944211,5.625,153.9136921,1.875,-29.3266038,-1.875,282.3658928,1.875,269.0115039,5.625,123.3747168,-1.875,-4.299359565,-1.875,132.9196461,-5.625,-83.493158,5.625,-68.83794582,5.625,-55.8641648,5.625,239.9898711,-5.625,202.9313248,5.625,313.7934365,1.875,300.3386777,1.875,-78.54720681,1.875,330.4181469,1.875,-1.139868598,5.625,21.95565377,5.625,155.5740518,-5.625,247.976696,-1.875,122.7635761,1.875,8.391288179,1.875,141.4928907,-1.875,188.6389106,-5.625,246.4268593,1.875,82.16931875,5.625,49.3313418,5.625,-40.68435765,1.875,288.9590412,-1.875,277.8198115,-5.625,205.6981044,-1.875,90.61950757,1.875,180.922486,5.625
158.0495384,5.625,131.9108634,5.625,94.19559776,-5.625,-19.18636783,5.625,110.4911401,-1.875,-9.686783194,1.875,120.8250868,-5.625,32.94645769,-1.875,266.143792,-1.875,179.8397597,1.875,-78.42290739,-1.875,107.6272789,-5.625,268.2409407,1.875,139.7589817,1.875,159.5260234,-1.875,166.6762928,1.875,144.8528615,5.625,152.8691523,1.875,-27.75608388,-1.875,281.3493568,1.875,267.5358612,5.625,124.4379811,-1.875,-2.986308131,-1.875,133.9390978,-5.625,-84.52936945,5.625,-69.84099851,5.625,-56.66660695,5.625,241.2261979,-5.625,201.8424383,5.625,313.0777952,1.875,299.444126,1.875,-79.61974195,1.875,329.725406,1.875,-2.221384154,5.625,20.90874672,5.625,156.6272044,-5.625,249.0683529,-1.875,121.7501745,1.875,7.321173581,1.875,142.5913042,-1.875,189.7268782,-5.625,245.1141836,1.875,81.06886928,5.625,48.31793576,5.625,-41.72257167,1.875,290.0181553,-1.875,278.8971707,-5.625,206.8703407,-1.875,89.57260511,1.875,179.8998654,5.625
156.9931121,5.625,130.8859296,5.625,95.21274876,-5.625,-20.20206613,5.625,111.52038,-1.875,-10.69177436,1.875,121.9105991,-5.625,34.58777198,-1.875,267.1690145,-1.875,178.763125,1.875,-76.26519813,-1.875,108.6780547,-5.625,267.1908001,1.875,138.6799117,1.875,160.5575914,-1.875,165.6651783,1.875,143.9509198,5.625,151.8246125,1.875,-26.18556397,-1.875,280.3328207,1.875,266.0602186,5.625,125.5012454,-1.875,-1.673256697,-1.875,134.9585496,-5.625,-85.56558091,5.625,-70.8440512,5.625,-57.73465745,5.625,242.4625247,-5.625,201.0243418,5.625,312.2118691,1.875,298.3617184,1.875,-80.6922771,1.875,328.8871896,1.875,-3.033942799,5.625,19.86183966,5.625,157.680357,-5.625,250.1600098,-1.875,120.736773,1.875,6.251058983,1.875,143.4165586,-1.875,190.8148458,-5.625,243.8015079,1.875,79.96841981,5.625,47.30452973,5.625,-42.76078569,1.875,291.0772694,-1.875,279.9745299,-5.625,208.042577,-1.875,88.52570265,1.875,178.8772448,5.625
155.9366858,5.625,129.8609959,5.625,96.22989976,-5.625,-21.21776444,5.625,112.5496199,-1.875,-11.69676553,1.875,122.9961113,-5.625,36.22908628,-1.875,268.1942369,-1.875,177.6864903,1.875,-74.10748887,-1.875,109.7288305,-5.625,266.1406596,1.875,137.8691905,1.875,161.5891594,-1.875,164.6540638,1.875,142.8595703,5.625,150.7800728,1.875,-24.61504405,-1.875,279.3162846,1.875,264.5845759,5.625,126.3000917,-1.875,-0.360205263,-1.875,135.9780013,-5.625,-86.60179236,5.625,-71.84710388,5.625,-58.80270795,5.625,243.6988515,-5.625,199.9354553,5.625,311.345943,1.875,297.2793108,1.875,-81.76481224,1.875,328.0489731,1.875,-4.115458355,5.625,18.99662721,5.625,158.7335096,-5.625,251.2516667,-1.875,119.7233714,1.875,5.447066047,1.875,144.5149722,-1.875,191.9028133,-5.625,242.4888322,1.875,78.86797034,5.625,46.2911237,5.625,-43.79899971,1.875,292.1363835,-1.875,281.0518891,-5.625,209.2148134,-1.875,87.47880018,1.875,177.8546241,5.625
154.8802596,5.625,128.8360621,5.625,97.24705075,-5.625,-22.23346274,5.625,113.5788598,-1.875,-12.7017567,1.875,123.8116727,-5.625,37.87040057,-1.875,269.2194594,-1.875,176.6098556,1.875,-71.9497796,-1.875,110.7796063,-5.625,265.090519,1.875,136.7901205,1.875,162.6207273,-1.875,163.6429493,1.875,141.9576286,5.625,149.8304912,1.875,-23.04452414,-1.875,278.2997486,1.875,263.1089332,5.625,127.363356,-1.875,0.952846171,-1.875,136.997453,-5.625,-87.63800381,5.625,-72.85015657,5.625,-59.87075845,5.625,244.9351783,-5.625,198.8465689,5.625,310.6303016,1.875,296.384759,1.875,-82.83734738,1.875,327.3562323,1.875,-5.196973911,5.625,17.94972015,5.625,159.7866623,-5.625,252.0718447,-1.875,118.7099698,1.875,4.37695145,1.875,145.6133858,-1.875,192.9907809,-5.625,241.1761565,1.875,77.76752087,5.625,45.27771767,5.625,-44.83721373,1.875,293.1954976,-1.875,282.1292483,-5.625,210.3870497,-1.875,86.43189772,1.875,176.8320035,5.625
154.00718,5.625,127.8111284,5.625,98.26420175,-5.625,-23.24916105,5.625,114.6080996,-1.875,-13.70674787,1.875,124.8971849,-5.625,39.51171486,-1.875,270.2446819,-1.875,175.800964,1.875,-69.79207034,-1.875,111.8303822,-5.625,264.0403784,1.875,135.7110504,1.875,163.6522953,-1.875,162.6318348,1.875,140.8662791,5.625,148.7859514,1.875,-21.47400422,-1.875,277.2832125,1.875,261.6332905,5.625,128.4266204,-1.875,2.265897605,-1.875,138.0169048,-5.625,-88.67421527,5.625,-73.85320926,5.625,-60.6732006,5.625,246.1715051,-5.625,197.7576824,5.625,309.7643755,1.875,295.3023514,1.875,-83.90988253,1.875,326.5180158,1.875,-6.278489467,5.625,16.9028131,5.625,160.8398149,-5.625,253.1635015,-1.875,117.6965682,1.875,3.306836852,1.875,146.7117993,-1.875,194.0787485,-5.625,239.8634808,1.875,76.6670714,5.625,44.26431163,5.625,-45.87542774,1.875,294.2546118,-1.875,283.2066076,-5.625,211.559286,-1.875,85.38499526,1.875,175.8093828,5.625
152.9507537,5.625,126.7861946,5.625,99.28135275,-5.625,-24.26485936,5.625,115.6373395,-1.875,-14.71173904,1.875,125.9826971,-5.625,41.15302915,-1.875,271.2699043,-1.875,174.7243293,1.875,-67.63436108,-1.875,112.881158,-5.625,262.9902379,1.875,134.6319804,1.875,164.6838633,-1.875,161.6207203,1.875,139.7749297,5.625,147.7414116,1.875,-19.90348431,-1.875,276.2666764,1.875,260.1576479,5.625,129.4898847,-1.875,3.578949039,-1.875,139.0363565,-5.625,-89.71042672,5.625,-74.85626194,5.625,-61.7412511,5.625,247.4078319,-5.625,196.9395859,5.625,308.8984494,1.875,294.2199438,1.875,-84.98241767,1.875,325.6797994,1.875,-7.091048112,5.625,15.85590604,5.625,161.8929675,-5.625,254.2551584,-1.875,116.6831666,1.875,2.236722254,1.875,147.5370537,-1.875,195.1667161,-5.625,238.5508051,1.875,75.56662193,5.625,43.2509056,5.625,-46.91364176,1.875,295.3137259,-1.875,284.2839668,-5.625,212.7315224,-1.875,84.3380928,1.875,174.7867622,5.625
151.8943274,5.625,125.7612608,5.625,100.2985037,-5.625,-25.28055766,5.625,116.6665794,-1.875,-15.71673021,1.875,127.0682093,-5.625,42.79434345,-1.875,272.2951268,-1.875,173.6476946,1.875,-65.47665182,-1.875,113.9319338,-5.625,261.9400973,1.875,133.8212592,1.875,165.7154312,-1.875,160.6096059,1.875,138.872988,5.625,146.6968719,1.875,-18.33296439,-1.875,275.2501404,1.875,258.6820052,5.625,130.553149,-1.875,4.892000473,-1.875,140.0558083,-5.625,-90.74663817,5.625,-75.85931463,5.625,-62.8093016,5.625,248.6441587,-5.625,195.8506994,5.625,308.182808,1.875,293.3253921,1.875,-86.05495281,1.875,324.9870585,1.875,-8.172563668,5.625,14.99069359,5.625,162.9461201,-5.625,255.3468153,-1.875,115.669765,1.875,1.432729318,1.875,148.6354673,-1.875,196.2546837,-5.625,237.2381294,1.875,74.46617246,5.625,42.23749957,5.625,-47.95185578,1.875,296.37284,-1.875,285.361326,-5.625,213.9037587,-1.875,83.29119034,1.875,173.7641415,5.625
150.8379011,5.625,124.7363271,5.625,101.3156547,-5.625,-26.29625597,5.625,117.6958193,-1.875,-16.72172138,1.875,127.8837707,-5.625,44.43565774,-1.875,273.3203493,-1.875,172.5710599,1.875,-63.31894256,-1.875,114.9827096,-5.625,260.8899567,1.875,132.7421892,1.875,166.7469992,-1.875,159.5984914,1.875,137.7816385,5.625,145.7472903,1.875,-16.76244447,-1.875,274.2336043,1.875,257.2063625,5.625,131.6164134,-1.875,6.205051907,-1.875,141.07526,-5.625,-91.78284962,5.625,-76.86236731,5.625,-63.8773521,5.625,249.8804855,-5.625,194.761813,5.625,307.316882,1.875,292.2429845,1.875,-87.12748796,1.875,324.1488421,1.875,-9.254079224,5.625,13.94378654,5.625,163.9992728,-5.625,256.1669933,-1.875,114.6563635,1.875,0.36261472,1.875,149.7338809,-1.875,197.3426513,-5.625,235.9254537,1.875,73.365723,5.625,41.22409354,5.625,-48.9900698,1.875,297.4319541,-1.875,286.4386852,-5.625,215.075995,-1.875,82.24428787,1.875,172.7415209,5.625
149.7814749,5.625,123.7113933,5.625,102.3328057,-5.625,-27.31195427,5.625,118.7250592,-1.875,-17.72671255,1.875,128.9692829,-5.625,46.07697203,-1.875,274.3455717,-1.875,171.7621683,1.875,-61.1612333,-1.875,115.8511194,-5.625,259.8398162,1.875,131.6631192,1.875,167.7785672,-1.875,158.5873769,1.875,136.690289,5.625,144.7027505,1.875,-15.19192456,-1.875,273.2170682,1.875,255.7307199,5.625,132.6796777,-1.875,7.518103341,-1.875,142.0947117,-5.625,-92.81906108,5.625,-77.86542,5.625,-64.67979425,5.625,251.1168123,-5.625,193.6729265,5.625,306.4509559,1.875,291.1605769,1.875,-88.2000231,1.875,323.3106256,1.875,-10.33559478,5.625,12.89687948,5.625,165.0524254,-5.625,257.2586502,-1.875,113.6429619,1.875,-0.707499878,1.875,150.8322944,-1.875,198.4306189,-5.625,234.612778,1.875,72.26527353,5.625,40.21068751,5.625,-50.02828382,1.875,298.4910682,-1.875,287.5160444,-5.625,216.2482313,-1.875,81.19738541,1.875,171.7189002,5.625
148.7250486,5.625,122.6864596,5.625,103.3499567,-5.625,-28.32765258,5.625,119.754299,-1.875,-18.73170372,1.875,130.0547951,-5.625,47.71828632,-1.875,275.3707942,-1.875,170.6855336,1.875,-59.00352404,-1.875,116.9018952,-5.625,258.7896756,1.875,130.5840492,1.875,168.8101352,-1.875,157.5762624,1.875,135.7883473,5.625,143.6582107,1.875,-13.62140464,-1.875,272.2005322,1.875,254.2550772,5.625,133.742942,-1.875,8.831154775,-1.875,143.1141635,-5.625,-93.85527253,5.625,-78.86847269,5.625,-65.74784475,5.625,252.3531391,-5.625,192.85483,5.625,305.7353145,1.875,290.2660251,1.875,-89.27255824,1.875,322.6178847,1.875,-11.14815342,5.625,11.84997242,5.625,166.105578,-5.625,258.350307,-1.875,112.6295603,1.875,-1.777614476,1.875,151.6575488,-1.875,199.5185865,-5.625,233.3001023,1.875,71.16482406,5.625,39.19728147,5.625,-51.06649784,1.875,299.5501824,-1.875,288.5934036,-5.625,217.4204677,-1.875,80.15048295,1.875,170.6962796,5.625
147.851969,5.625,121.6615258,5.625,104.3671077,-5.625,-29.34335089,5.625,120.7835389,-1.875,-19.73669489,1.875,131.1403073,-5.625,49.35960061,-1.875,276.3960167,-1.875,169.6088988,1.875,-56.84581478,-1.875,117.952671,-5.625,257.739535,1.875,129.7733279,1.875,169.8417031,-1.875,156.5651479,1.875,134.6969979,5.625,142.613671,1.875,-12.05088473,-1.875,271.1839961,1.875,252.7794345,5.625,134.5417883,-1.875,10.14420621,-1.875,144.1336152,-5.625,-94.89148398,5.625,-79.87152537,5.625,-66.81589525,5.625,253.5894659,-5.625,191.7659435,5.625,304.8693884,1.875,289.1836175,1.875,-90.34509339,1.875,321.7796683,1.875,-12.22966898,5.625,10.98475997,5.625,167.1587306,-5.625,259.4419639,-1.875,111.6161587,1.875,-2.581607412,1.875,152.7559624,-1.875,200.606554,-5.625,231.9874266,1.875,70.08574931,5.625,38.18387544,5.625,-52.10471186,1.875,-100,-5.625,289.6707628,-5.625,218.592704,-1.875,79.10358049,1.875,169.673659,5.625
146.7955427,5.625,120.636592,5.625,105.3842587,-5.625,-30.35904919,5.625,121.8127788,-1.875,-20.74168606,1.875,131.9558687,-5.625,51.00091491,-1.875,277.4212391,-1.875,168.5322641,1.875,-54.68810552,-1.875,119.0034469,-5.625,256.6893945,1.875,128.6942579,1.875,170.8732711,-1.875,155.5540334,1.875,133.6056484,5.625,141.6640894,1.875,-10.48036481,-1.875,270.16746,1.875,251.3037918,5.625,135.6050526,-1.875,11.45725764,-1.875,145.153067,-5.625,-95.92769544,5.625,-80.87457806,5.625,-67.88394575,5.625,254.8257927,-5.625,190.6770571,5.625,304.153747,1.875,288.2890658,1.875,-91.41762853,1.875,321.0869274,1.875,-13.31118454,5.625,9.937852915,5.625,168.2118833,-5.625,260.2621419,-1.875,110.6027571,1.875,-3.65172201,1.875,153.854376,-1.875,201.6945216,-5.625,230.6747509,1.875,69.00667457,5.625,37.17046941,5.625,-53.14292588,1.875,-98.57704835,-5.625,290.748122,-5.625,219.7649403,-1.875,78.05667803,1.875,168.6510383,5.625
145.7391164,5.625,119.6116583,5.625,106.4014097,-5.625,-31.3747475,5.625,122.8420187,-1.875,-21.74667723,1.875,133.0413809,-5.625,52.6422292,-1.875,278.4464616,-1.875,167.7233725,1.875,-52.53039625,-1.875,119.8718566,-5.625,255.6392539,1.875,127.6151879,1.875,171.9048391,-1.875,154.5429189,1.875,132.7037067,5.625,140.7145078,1.875,-8.909844896,-1.875,269.150924,1.875,249.8281492,5.625,136.668317,-1.875,12.77030908,-1.875,146.1725187,-5.625,-96.96390689,5.625,-81.87763075,5.625,-68.6863879,5.625,256.0621195,-5.625,189.5881706,5.625,303.2878209,1.875,287.2066582,1.875,-92.49016367,1.875,320.248711,1.875,-14.39270009,5.625,8.890945857,5.625,169.2650359,-5.625,261.3537988,-1.875,109.5893555,1.875,-4.721836608,1.875,154.9527895,-1.875,202.7824892,-5.625,229.3620751,1.875,67.92759983,5.625,36.15706338,5.625,-54.18113989,1.875,-97.15409671,-5.625,291.8254812,-5.625,220.9371767,-1.875,77.00977556,1.875,167.6284177,5.625
144.6826901,5.625,118.5867245,5.625,107.4185607,-5.625,-32.3904458,5.625,123.8712586,-1.875,-22.7516684,1.875,134.1268932,-5.625,54.28354349,-1.875,279.4716841,-1.875,166.6467378,1.875,-50.37268699,-1.875,120.9226325,-5.625,254.5891133,1.875,126.5361179,1.875,172.936407,-1.875,153.5318044,1.875,131.6123572,5.625,139.669968,1.875,-7.339324981,-1.875,268.1343879,1.875,248.3525065,5.625,137.7315813,-1.875,14.08336051,-1.875,147.1919704,-5.625,-98.00011834,5.625,-82.88068343,5.625,-69.7544384,5.625,257.2984464,-5.625,188.7700741,5.625,302.4218948,1.875,286.1242506,1.875,-93.56269882,1.875,319.4104945,1.875,-15.20525874,5.625,7.844038799,5.625,170.3181885,-5.625,262.4454557,-1.875,108.575954,1.875,-5.791951206,1.875,155.7780439,-1.875,203.8704568,-5.625,228.0493994,1.875,66.84852508,5.625,35.14365734,5.625,-55.21935391,1.875,-95.73114506,-5.625,292.9028404,-5.625,222.109413,-1.875,75.9628731,1.875,166.605797,5.625
143.6262639,5.625,117.5617908,5.625,108.4357117,-5.625,-33.40614411,5.625,124.9004984,-1.875,-23.75665957,1.875,135.2124054,-5.625,55.92485778,-1.875,280.4969065,-1.875,165.5701031,1.875,-48.21497773,-1.875,121.9734083,-5.625,253.5389728,1.875,125.7253966,1.875,173.967975,-1.875,152.5206899,1.875,130.5210077,5.625,138.6254282,1.875,-5.768805065,-1.875,267.1178518,1.875,246.8768638,5.625,138.7948456,-1.875,15.39641194,-1.875,148.2114222,-5.625,-99.03632979,5.625,-83.88373612,5.625,-70.8224889,5.625,258.5347732,-5.625,187.6811876,5.625,301.7062534,1.875,285.2296989,1.875,-94.63523396,1.875,318.7177537,1.875,-16.28677429,5.625,6.797131741,5.625,171.3713411,-5.625,263.5371126,-1.875,107.5625524,1.875,-6.595944142,1.875,156.8764575,-1.875,204.9584244,-5.625,226.7367237,1.875,65.76945034,5.625,34.13025131,5.625,-56.25756793,1.875,-94.30819341,-5.625,293.9801997,-5.625,223.2816493,-1.875,74.91597064,1.875,165.5831764,5.625
142.5698376,5.625,116.536857,5.625,109.4528627,-5.625,-34.42184241,5.625,125.9297383,-1.875,-24.76165074,1.875,136.0279668,-5.625,57.56617208,-1.875,281.522129,-1.875,164.4934684,1.875,-46.05726847,-1.875,123.0241841,-5.625,252.4888322,1.875,124.6463266,1.875,174.999543,-1.875,151.5095754,1.875,129.619066,5.625,137.6758466,1.875,-4.198285149,-1.875,266.1013158,1.875,245.4012212,5.625,139.85811,-1.875,16.70946338,-1.875,149.2308739,-5.625,327.8795372,1.875,-84.8867888,5.625,-71.8905394,5.625,259.7711,-5.625,186.5923012,5.625,300.8403274,1.875,284.1472912,1.875,-95.7077691,1.875,317.8795372,1.875,-17.36828985,5.625,5.750224682,5.625,172.4244938,-5.625,264.3572905,-1.875,106.5491508,1.875,-7.666058739,1.875,157.9748711,-1.875,206.046392,-5.625,225.424048,1.875,64.6903756,5.625,33.11684528,5.625,-57.29578195,1.875,-92.88524176,-5.625,295.0575589,-5.625,224.4538856,-1.875,73.86906818,1.875,164.5605557,5.625
141.696758,5.625,115.5119232,5.625,110.4700137,-5.625,-35.43754072,5.625,126.9589782,-1.875,-25.76664191,1.875,137.113479,-5.625,59.20748637,-1.875,282.5473515,-1.875,163.6845768,1.875,-43.89955921,-1.875,124.0749599,-5.625,251.4386916,1.875,123.5672566,1.875,176.0311109,-1.875,150.4984609,1.875,128.5277166,5.625,136.6313069,1.875,-2.627765234,-1.875,265.0847797,1.875,243.9255785,5.625,140.9213743,-1.875,18.02251481,-1.875,150.2503257,-5.625,327.0681437,1.875,-85.88984149,5.625,-72.69298155,5.625,261.0074268,-5.625,185.5034147,5.625,299.9744013,1.875,283.0648836,1.875,-96.78030425,1.875,317.0413208,1.875,-18.44980541,5.625,4.703317624,5.625,173.4776464,-5.625,265.4489474,-1.875,105.5357492,1.875,-8.736173337,1.875,159.0732846,-1.875,207.1343596,-5.625,224.1113723,1.875,63.61130085,5.625,32.10343925,5.625,-58.33399597,1.875,-91.46229012,-5.625,296.1349181,-5.625,225.626122,-1.875,72.82216571,1.875,163.5379351,5.625
140.6403317,5.625,114.4869895,5.625,111.4871647,-5.625,-36.45323903,5.625,127.9882181,-1.875,-26.77163308,1.875,138.1989912,-5.625,60.84880066,-1.875,283.5725739,-1.875,162.6079421,1.875,-41.74184995,-1.875,125.1257357,-5.625,250.3885511,1.875,122.4881866,1.875,177.0626789,-1.875,149.4873464,1.875,127.4363671,5.625,135.5867671,1.875,-1.057245318,-1.875,264.0682436,1.875,242.4499358,5.625,141.9846387,-1.875,19.33556625,-1.875,151.2697774,-5.625,326.2567502,1.875,-86.89289418,5.625,-73.76103205,5.625,262.2437536,-5.625,184.6853182,5.625,299.1871957,1.875,282.0808767,1.875,-97.85283939,1.875,316.2793058,1.875,-19.53132096,5.625,3.656410566,5.625,174.530799,-5.625,266.5406043,-1.875,104.5223476,1.875,-9.806287935,1.875,159.898539,-1.875,208.2223272,-5.625,222.7986966,1.875,62.53222611,5.625,31.09003321,5.625,-59.37220999,1.875,-90.03933847,-5.625,297.2122773,-5.625,226.7983583,-1.875,71.77526325,1.875,162.5153145,5.625
139.5839054,5.625,113.4620557,5.625,112.5043157,-5.625,-37.46893733,5.625,129.017458,-1.875,-27.77662425,1.875,139.2845034,-5.625,62.49011495,-1.875,284.5977964,-1.875,161.5313074,1.875,-39.58414069,-1.875,126.1765116,-5.625,249.3384105,1.875,121.6774653,1.875,178.0942469,-1.875,148.4762319,1.875,126.5344254,5.625,134.5422273,1.875,0.513274597,-1.875,263.0517076,1.875,240.9742931,5.625,142.7834849,-1.875,20.64861768,-1.875,152.2892291,-5.625,325.4453566,1.875,-87.89594686,5.625,-74.82908255,5.625,263.4800804,-5.625,183.5964317,5.625,298.3212697,1.875,280.9984691,1.875,-98.92537453,1.875,315.4410894,1.875,-20.34387961,5.625,2.609503508,5.625,175.5839516,-5.625,267.6322612,-1.875,103.508946,1.875,-10.61028087,1.875,160.9969526,-1.875,209.3102947,-5.625,221.4860209,1.875,61.45315137,5.625,30.07662718,5.625,-60.41042401,1.875,-88.61638682,-5.625,298.2896365,-5.625,227.9705946,-1.875,70.72836079,1.875,161.4926938,5.625
138.5274791,5.625,112.437122,5.625,113.5214667,-5.625,-38.48463564,5.625,130.0466978,-1.875,-28.78161542,1.875,140.3700156,-5.625,64.13142925,-1.875,285.6230189,-1.875,160.4546727,1.875,-37.42643143,-1.875,127.2272874,-5.625,248.28827,1.875,120.5983953,1.875,179.1258148,-1.875,147.4651174,1.875,125.4430759,5.625,133.5926457,1.875,2.083794513,-1.875,262.0351715,1.875,239.4986505,5.625,143.8467492,-1.875,21.96166911,-1.875,153.3086809,-5.625,324.6339631,1.875,-88.89899955,5.625,-75.89713305,5.625,264.7164072,-5.625,182.5075453,5.625,297.5340641,1.875,280.0144622,1.875,-99.99790968,1.875,314.6790744,1.875,-21.42539516,5.625,1.744291063,5.625,176.6371043,-5.625,268.4524391,-1.875,102.4955445,1.875,-11.68039547,1.875,162.0953662,-1.875,210.3982623,-5.625,220.1733452,1.875,60.37407662,5.625,29.06322115,5.625,-61.44863802,1.875,-87.19343517,-5.625,299.3669957,-5.625,229.142831,-1.875,69.68145833,1.875,160.4700732,5.625
137.4710529,5.625,111.4121882,5.625,114.5386177,-5.625,-39.50033394,5.625,131.0759377,-1.875,-29.78660659,1.875,141.185577,-5.625,65.77274354,-1.875,286.6482413,-1.875,159.6457811,1.875,-35.26872217,-1.875,128.2780632,-5.625,247.2381294,1.875,119.5193253,1.875,180.1573828,-1.875,146.4540029,1.875,124.3517265,5.625,132.6430641,1.875,3.654314428,-1.875,261.0186354,1.875,238.0230078,5.625,144.9100136,-1.875,23.27472055,-1.875,154.3281326,-5.625,323.8225696,1.875,-89.90205224,5.625,-76.96518355,5.625,265.952734,-5.625,181.4186588,5.625,296.7468586,1.875,279.0304553,1.875,-105.7704835,-5.625,313.9170594,1.875,-22.50691072,5.625,0.697384005,5.625,177.6902569,-5.625,269.544096,-1.875,101.4821429,1.875,-12.75051007,1.875,163.1937797,-1.875,211.4862299,-5.625,218.8606695,1.875,59.29500188,5.625,28.04981512,5.625,-62.48685204,1.875,-85.77048353,-5.625,-100,-1.875,230.3150673,-1.875,68.63455587,1.875,159.4474525,5.625
136.4146266,5.625,110.3872544,5.625,115.5557687,-5.625,-40.51603225,5.625,132.1051776,-1.875,-30.79159776,1.875,142.2710892,-5.625,67.41405783,-1.875,287.6734638,-1.875,158.5691464,1.875,-33.1110129,-1.875,129.146473,-5.625,246.1879888,1.875,118.4402553,1.875,181.1889508,-1.875,145.4428885,1.875,123.4497847,5.625,131.5985243,1.875,5.224834344,-1.875,260.0020994,1.875,236.5473651,5.625,145.9732779,-1.875,24.58777198,-1.875,155.3475844,-5.625,323.0111761,1.875,-90.90510492,5.625,-77.7676257,5.625,267.1890608,-5.625,180.6005623,5.625,295.8809325,1.875,277.9480477,1.875,-104.6321222,-5.625,313.1550445,1.875,-23.58842627,5.625,-0.349523054,5.625,178.7434095,-5.625,270.6357529,-1.875,100.4687413,1.875,-13.82062466,1.875,164.0190341,-1.875,212.5741975,-5.625,217.5479938,1.875,58.21592714,5.625,27.03640908,5.625,-63.52506606,1.875,-84.34753188,-5.625,-97.78451981,-1.875,231.4873036,-1.875,67.5876534,1.875,158.4248319,5.625
135.541547,5.625,109.3623207,5.625,116.5729197,-5.625,-41.53173056,5.625,133.1344175,-1.875,-31.79658893,1.875,143.3566014,-5.625,69.05537212,-1.875,288.6986863,-1.875,157.4925116,1.875,-30.95330364,-1.875,130.1972488,-5.625,245.1378483,1.875,117.629534,1.875,182.2205187,-1.875,144.431774,1.875,122.3584353,5.625,130.5539846,1.875,6.79535426,-1.875,258.9855633,1.875,235.0717225,5.625,147.0365422,-1.875,25.90082342,-1.875,156.3670361,-5.625,322.1997825,1.875,-91.90815761,5.625,-78.8356762,5.625,268.4253876,-5.625,179.5116759,5.625,295.093727,1.875,276.9640408,1.875,-103.4937609,-5.625,312.4623036,1.875,-24.40098492,5.625,-1.396430112,5.625,179.7965621,-5.625,271.7274098,-1.875,99.45533971,1.875,-14.6246176,1.875,165.1174477,-1.875,213.6621651,-5.625,216.2353181,1.875,57.1368524,5.625,26.02300305,5.625,-64.56328008,1.875,-82.92458023,-5.625,-95.56903961,-1.875,232.6595399,-1.875,66.54075094,1.875,157.4022112,5.625
134.4851207,5.625,108.3373869,5.625,117.5900707,-5.625,-42.54742886,5.625,134.1636574,-1.875,-32.8015801,1.875,144.4421137,-5.625,70.69668642,-1.875,289.7239087,-1.875,156.4158769,1.875,-28.79559438,-1.875,131.2480246,-5.625,244.0877077,1.875,116.550464,1.875,183.2520867,-1.875,143.4206595,1.875,121.4564936,5.625,129.604403,1.875,8.365874175,-1.875,257.9690272,1.875,233.5960798,5.625,148.0998066,-1.875,27.21387485,-1.875,157.3864878,-5.625,321.388389,1.875,-92.91121029,5.625,-79.9037267,5.625,269.6617144,-5.625,178.4227894,5.625,294.0459564,1.875,275.9800339,1.875,-102.3553996,-5.625,311.5402655,1.875,-25.48250048,5.625,-2.44333717,5.625,180.8497148,-5.625,272.5475878,-1.875,98.44193813,1.875,-15.6947322,1.875,166.2158612,-1.875,214.7501327,-5.625,214.9226424,1.875,56.05777765,5.625,25.00959702,5.625,-65.6014941,1.875,-81.50162858,-5.625,-93.35355942,-1.875,233.8317763,-1.875,65.49384848,1.875,156.3795906,5.625
133.4286944,5.625,107.3124532,5.625,118.6072217,-5.625,-43.56312717,5.625,135.1928972,-1.875,-33.80657127,1.875,145.257675,-5.625,72.33800071,-1.875,290.7491312,-1.875,155.6069853,1.875,-26.63788512,-1.875,132.2988004,-5.625,243.0375671,1.875,115.471394,1.875,184.2836547,-1.875,142.409545,1.875,120.3651441,5.625,128.5598632,1.875,9.936394091,-1.875,256.9524912,1.875,232.1204371,5.625,149.1630709,-1.875,28.52692628,-1.875,158.4059396,-5.625,320.5769955,1.875,-93.91426298,5.625,-80.9717772,5.625,270.8980412,-5.625,177.3339029,5.625,292.9981859,1.875,274.8976263,1.875,-101.2170383,-5.625,310.6182274,1.875,-26.56401603,5.625,-3.490244228,5.625,181.9028674,-5.625,273.6392446,-1.875,97.42853655,1.875,-16.7648468,1.875,167.3142748,-1.875,215.8381003,-5.625,213.6099667,1.875,54.97870291,5.625,23.99619099,5.625,-66.63970812,1.875,-80.07867694,-5.625,-91.13807923,-1.875,235.0040126,-1.875,64.44694602,1.875,155.35697,5.625
132.3722681,5.625,106.2875194,5.625,119.6243727,-5.625,-44.57882547,5.625,136.2221371,-1.875,-34.81156244,1.875,146.3431873,-5.625,73.979315,-1.875,291.7743537,-1.875,154.5303506,1.875,-24.48017586,-1.875,133.1672102,-5.625,241.9874266,1.875,114.392324,1.875,185.3152227,-1.875,141.3984305,1.875,119.2737946,5.625,127.5153234,1.875,11.50691401,-1.875,255.9359551,1.875,230.6447944,5.625,150.2263353,-1.875,29.83997772,-1.875,159.4253913,-5.625,319.765602,1.875,-94.91731567,5.625,-81.77421935,5.625,272.134368,-5.625,176.5158064,5.625,291.9504153,1.875,273.9136193,1.875,-100.0786769,-5.625,309.6961893,1.875,-27.64553159,5.625,-4.537151287,5.625,182.95602,-5.625,274.7309015,-1.875,96.41513496,1.875,-17.83496139,1.875,168.4126884,-1.875,216.9260679,-5.625,212.297291,1.875,54.16797808,5.625,22.98278495,5.625,-67.67792214,1.875,-78.65572529,-5.625,-88.92259904,-1.875,236.1762489,-1.875,63.40004356,1.875,154.3343493,5.625
131.3158419,5.625,105.2625856,5.625,120.6415237,-5.625,-45.59452378,5.625,137.251377,-1.875,-35.81655362,1.875,147.4286995,-5.625,75.62062929,-1.875,292.7995761,-1.875,153.4537159,1.875,-22.3224666,-1.875,134.217986,-5.625,240.937286,1.875,113.5816028,1.875,186.3467906,-1.875,140.387316,1.875,118.3718529,5.625,126.4707837,1.875,13.07743392,-1.875,254.919419,1.875,229.1691518,5.625,151.2895996,-1.875,31.15302915,-1.875,160.4448431,-5.625,318.9542085,1.875,-95.92036835,5.625,-82.84226985,5.625,273.3706948,-5.625,175.42692,5.625,290.9026447,1.875,272.9296124,1.875,-98.94031562,-5.625,308.7741512,1.875,-28.45809023,5.625,-5.584058345,5.625,184.0091726,-5.625,275.8225584,-1.875,95.40173338,1.875,-18.63895433,1.875,169.2379428,-1.875,218.0140354,-5.625,210.9846152,1.875,53.08890334,5.625,21.96937892,5.625,-68.71613616,1.875,-77.23277364,-5.625,-86.70711884,-1.875,237.3484853,-1.875,62.35314109,1.875,153.3117287,5.625
130.4427623,5.625,104.2376519,5.625,121.6586747,-5.625,-46.61022208,5.625,138.2806169,-1.875,-36.82154479,1.875,148.5142117,-5.625,77.26194359,-1.875,293.8247986,-1.875,152.3770812,1.875,-20.16475734,-1.875,135.2687619,-5.625,239.8871454,1.875,112.5025327,1.875,187.3783586,-1.875,139.3762015,1.875,117.2805035,5.625,125.5212021,1.875,14.64795384,-1.875,253.902883,1.875,227.6935091,5.625,152.0884458,-1.875,32.46608059,-1.875,161.4642948,-5.625,318.1428149,1.875,-96.92342104,5.625,-83.91032035,5.625,274.6070216,-5.625,174.3380335,5.625,290.0367187,1.875,271.8472048,1.875,-97.8019543,-5.625,308.0121363,1.875,-29.53960579,5.625,-6.44927079,5.625,185.0623253,-5.625,276.9142153,-1.875,94.3883318,1.875,-19.70906893,1.875,170.3363563,-1.875,219.102003,-5.625,209.6719395,1.875,52.0098286,5.625,20.95597289,5.625,-69.75435017,1.875,-75.809822,-5.625,-84.49163865,-1.875,238.5207216,-1.875,61.30623863,1.875,152.289108,5.625
129.386336,5.625,103.2127181,5.625,122.6758257,-5.625,-47.62592039,5.625,139.3098568,-1.875,-37.82653596,1.875,149.3297731,-5.625,78.90325788,-1.875,294.8500211,-1.875,151.3004465,1.875,-18.00704808,-1.875,136.3195377,-5.625,238.8370049,1.875,111.4234627,1.875,188.4099266,-1.875,138.365087,1.875,116.189154,5.625,124.4766623,1.875,16.21847375,-1.875,252.8863469,1.875,226.2178664,5.625,153.1517102,-1.875,33.77913202,-1.875,162.4837466,-5.625,317.3314214,1.875,-97.92647373,5.625,-84.97837085,5.625,275.8433484,-5.625,173.249147,5.625,288.9889481,1.875,270.8631979,1.875,-96.66359298,-5.625,307.0900982,1.875,-30.62112134,5.625,-7.496177848,5.625,186.1154779,-5.625,277.7343933,-1.875,93.37493021,1.875,-20.77918353,1.875,171.4347699,-1.875,220.1899706,-5.625,208.3592638,1.875,50.93075385,5.625,19.94256686,5.625,-70.79256419,1.875,-74.38687035,-5.625,-82.27615846,-1.875,239.6929579,-1.875,60.25933617,1.875,151.2664874,5.625
128.3299097,5.625,102.1877844,5.625,123.6929767,-5.625,-48.6416187,5.625,140.3390966,-1.875,-38.83152713,1.875,150.4152853,-5.625,80.54457217,-1.875,295.8752435,-1.875,150.4915549,1.875,-15.84933881,-1.875,137.3703135,-5.625,237.7868643,1.875,110.3443927,1.875,189.4414945,-1.875,137.3539725,1.875,115.2872123,5.625,123.4321225,1.875,17.78899367,-1.875,251.8698108,1.875,224.7422238,5.625,154.2149745,-1.875,35.09218345,-1.875,163.5031983,-5.625,316.5200279,1.875,-98.92952641,5.625,-85.780813,5.625,277.0796752,-5.625,172.4310505,5.625,287.9411775,1.875,269.879191,1.875,-95.52523167,-5.625,306.0758563,1.875,-31.7026369,5.625,-8.543084906,5.625,187.1686305,-5.625,278.8260501,-1.875,92.36152863,1.875,-21.84929812,1.875,172.5331835,-1.875,221.2779382,-5.625,207.0465881,1.875,50.12002903,5.625,18.92916083,5.625,-71.83077821,1.875,-72.9639187,-5.625,-80.06067827,-1.875,240.8651942,-1.875,59.21243371,1.875,150.2438667,5.625
127.2734834,5.625,101.1628506,5.625,124.7101277,-5.625,-49.657317,5.625,141.3683365,-1.875,-39.8365183,1.875,151.5007975,-5.625,82.18588646,-1.875,296.900466,-1.875,149.4149202,1.875,-13.69162955,-1.875,138.4210893,-5.625,236.7367237,1.875,109.5336715,1.875,190.4730625,-1.875,136.342858,1.875,114.1958628,5.625,122.3875828,1.875,19.35951358,-1.875,250.8532747,1.875,223.2665811,5.625,155.2782389,-1.875,36.40523489,-1.875,164.52265,-5.625,315.7086344,1.875,-99.9325791,5.625,-86.8488635,5.625,278.316002,-5.625,171.3421641,5.625,286.893407,1.875,268.7967834,1.875,-94.38687035,-5.625,305.0616144,1.875,-32.51519554,5.625,-9.589991965,5.625,188.2217831,-5.625,279.917707,-1.875,91.34812705,1.875,-22.65329106,1.875,173.3584379,-1.875,222.3659058,-5.625,205.7339124,1.875,49.04095428,5.625,17.91575479,5.625,-72.86899223,1.875,-71.54096705,-5.625,-77.84519807,-1.875,242.0374306,-1.875,58.16553124,1.875,149.2212461,5.625
126.2170571,5.625,100.1379168,5.625,125.7272787,-5.625,-50.67301531,5.625,142.3975764,-1.875,-40.84150947,1.875,152.5863097,-5.625,83.82720076,-1.875,297.9256885,-1.875,148.3382855,1.875,-11.53392029,-1.875,139.4718652,-5.625,235.6865832,1.875,108.4546015,1.875,191.5046305,-1.875,135.3317435,1.875,113.1045133,5.625,121.4380012,1.875,20.9300335,-1.875,249.8367387,1.875,221.7909384,5.625,156.3415032,-1.875,37.71828632,-1.875,165.5421018,-5.625,314.8972408,1.875,324.8972408,1.875,-87.916914,5.625,279.5523288,-5.625,170.2532776,5.625,285.8456364,1.875,267.8127765,1.875,-93.24850903,-5.625,304.0473725,1.875,-33.5967111,5.625,-10.45520441,5.625,189.2749358,-5.625,281.0093639,-1.875,90.33472546,1.875,-23.72340566,1.875,174.4568514,-1.875,223.4538734,-5.625,204.4212367,1.875,47.96187954,5.625,16.90234876,5.625,-73.90720625,1.875,-70.11801541,-5.625,-75.62971788,-1.875,243.2096669,-1.875,57.11862878,1.875,148.1986255,5.625
125.1606309,5.625,99.11298308,5.625,126.7444296,-5.625,-51.68871361,5.625,143.4268163,-1.875,-41.84650064,1.875,153.4018711,-5.625,85.46851505,-1.875,298.9509109,-1.875,147.2616508,1.875,-9.376211031,-1.875,140.522641,-5.625,234.6364426,1.875,107.3755315,1.875,192.5361984,-1.875,134.320629,1.875,112.2025716,5.625,120.4884196,1.875,22.50055342,-1.875,248.8202026,1.875,220.3152958,5.625,157.4047675,-1.875,39.03133776,-1.875,166.5615535,-5.625,314.0858473,1.875,324.1832145,1.875,-88.9849645,5.625,280.7886556,-5.625,169.1643911,5.625,284.7978659,1.875,266.7303689,1.875,-92.11014771,-5.625,303.0331306,1.875,-34.67822666,5.625,-11.50211147,5.625,190.3280884,-5.625,281.8295419,-1.875,89.32132388,1.875,-24.79352026,1.875,175.555265,-1.875,224.541841,-5.625,203.108561,1.875,46.8828048,5.625,15.88894273,5.625,-74.94542027,1.875,-68.69506376,-5.625,-73.41423769,-1.875,244.3819032,-1.875,56.07172632,1.875,147.1760048,5.625
124.2875513,5.625,98.08804932,5.625,127.7615806,-5.625,-52.70441192,5.625,144.4560562,-1.875,-42.85149181,1.875,154.4873833,-5.625,87.10982934,-1.875,299.9761334,-1.875,146.4527592,1.875,-7.21850177,-1.875,141.3910507,-5.625,233.586302,1.875,106.2964615,1.875,193.5677664,-1.875,133.3095145,1.875,111.1112222,5.625,119.4438798,1.875,24.07107333,-1.875,247.8036665,1.875,218.8396531,5.625,158.4680319,-1.875,40.34438919,-1.875,167.5810053,-5.625,313.2744538,1.875,323.4691882,1.875,-90.053015,5.625,282.0249824,-5.625,168.3462946,5.625,283.7500953,1.875,265.6479613,1.875,-90.97178639,-5.625,302.0188887,1.875,-35.75974221,5.625,-12.54901853,5.625,191.381241,-5.625,282.9211988,-1.875,88.3079223,1.875,-25.86363485,1.875,176.6536786,-1.875,225.6298086,-5.625,201.7958853,1.875,46.07207997,5.625,14.8755367,5.625,-75.98363429,1.875,-67.27211211,-5.625,-71.19875749,-1.875,245.5541396,-1.875,55.02482386,1.875,146.1533842,5.625
123.231125,5.625,97.06311556,5.625,128.7787316,-5.625,-53.72011023,5.625,145.485296,-1.875,-43.85648298,1.875,155.5728955,-5.625,88.75114363,-1.875,-100,-1.875,145.3761245,1.875,-5.060792509,-1.875,142.4418266,-5.625,232.5361615,1.875,105.4857402,1.875,194.5993344,-1.875,132.2984,1.875,110.0198727,5.625,118.39934,1.875,25.64159325,-1.875,246.7871305,1.875,217.3640104,5.625,159.5312962,-1.875,41.65744062,-1.875,168.600457,-5.625,312.4630603,1.875,322.7551619,1.875,-91.1210655,5.625,283.2613092,-5.625,167.2574082,5.625,282.7023247,1.875,264.5655537,1.875,-89.83342508,-5.625,301.0046468,1.875,-36.57230086,5.625,-13.59592558,5.625,192.4343936,-5.625,284.0128557,-1.875,87.29452071,1.875,-26.66762779,1.875,177.478933,-1.875,226.7177761,-5.625,200.4832096,1.875,44.99300523,5.625,13.86213066,5.625,-77.0218483,1.875,-65.84916046,-5.625,-68.9832773,-1.875,246.7263759,-1.875,53.9779214,1.875,145.1307635,5.625
122.1746987,5.625,96.0381818,5.625,129.7958826,-5.625,-54.73580853,5.625,146.5145359,-1.875,-44.86147415,1.875,156.6584077,-5.625,90.39245793,-1.875,-98.07965658,-1.875,144.2994897,1.875,-2.903083248,-1.875,143.4926024,-5.625,231.4860209,1.875,104.4066702,1.875,195.6309023,-1.875,131.2872856,1.875,109.117931,5.625,117.4497584,1.875,27.21211316,-1.875,245.7705944,1.875,215.8883677,5.625,160.3301425,-1.875,42.97049206,-1.875,169.6199087,-5.625,311.6516668,1.875,322.0411356,1.875,-92.189116,5.625,284.497636,-5.625,166.1685217,5.625,281.6545542,1.875,263.4831461,1.875,-88.69506376,-5.625,299.9904049,1.875,-37.65381641,5.625,-14.46113803,5.625,193.4875463,-5.625,285.1045125,-1.875,86.28111913,1.875,-27.73774239,1.875,178.5773465,-1.875,227.8057437,-5.625,199.1705339,1.875,43.91393048,5.625,12.84872463,5.625,-78.06006232,1.875,-64.42620882,-5.625,-66.76779711,-1.875,247.8986122,-1.875,52.93101893,1.875,144.1081429,5.625
121.1182724,5.625,95.01324804,5.625,130.8130336,-5.625,-55.75150684,5.625,147.5437758,-1.875,-45.86646532,1.875,157.4739691,-5.625,92.03377222,-1.875,-96.15931316,-1.875,143.222855,1.875,-0.745373987,-1.875,144.5433782,-5.625,230.4358803,1.875,103.3276002,1.875,196.6624703,-1.875,130.2761711,1.875,108.0265815,5.625,116.4052187,1.875,28.78263308,-1.875,244.7540583,1.875,214.4127251,5.625,161.3934068,-1.875,44.28354349,-1.875,170.6393605,-5.625,310.8402732,1.875,321.3271093,1.875,-93.25716651,5.625,285.7339628,-5.625,165.0796352,5.625,280.6067836,1.875,262.4007385,1.875,-87.55670244,-5.625,298.976163,1.875,-38.73533197,5.625,-15.50804509,5.625,194.5406989,-5.625,286.1961694,-1.875,85.26771755,1.875,-28.80785699,1.875,179.6757601,-1.875,228.8937113,-5.625,197.8578582,1.875,42.83485574,5.625,11.8353186,5.625,-79.09827634,1.875,-63.00325717,-5.625,-64.55231692,-1.875,249.0708485,-1.875,51.88411647,1.875,143.0855222,5.625
120.0618462,5.625,93.98831428,5.625,131.8301846,-5.625,-56.76720514,5.625,148.5730157,-1.875,-46.87145649,1.875,158.5594814,-5.625,93.67508651,-1.875,-94.23896974,-1.875,142.4139634,1.875,1.412335274,-1.875,145.411788,-5.625,229.3857398,1.875,102.2485302,1.875,197.6940383,-1.875,129.2650566,1.875,106.9352321,5.625,115.3606789,1.875,30.35315299,-1.875,243.7375223,1.875,212.9370824,5.625,162.4566711,-1.875,45.59659493,-1.875,171.6588122,-5.625,310.0288797,1.875,320.613083,1.875,-94.32521701,5.625,286.9702896,-5.625,164.2615387,5.625,279.559013,1.875,261.3183309,1.875,-86.41834112,-5.625,297.9619211,1.875,-39.81684753,5.625,-16.55495215,5.625,195.5938515,-5.625,287.2878263,-1.875,84.25431596,1.875,-29.87797158,1.875,180.7741737,-1.875,229.9816789,-5.625,196.5451825,1.875,42.02413092,5.625,10.82191257,5.625,-80.13649036,1.875,-61.58030552,-5.625,-62.33683672,-1.875,250.2430849,-1.875,50.83721401,1.875,142.0629016,5.625
119.0054199,5.625,92.96338052,5.625,132.8473356,-5.625,-57.78290345,5.625,149.6022556,-1.875,-47.87644766,1.875,159.6449936,-5.625,95.3164008,-1.875,-92.31862632,-1.875,141.3373287,1.875,3.570044536,-1.875,146.4625638,-5.625,228.3355992,1.875,101.4378089,1.875,198.7256063,-1.875,128.2539421,1.875,106.0332904,5.625,114.3161391,1.875,31.92367291,-1.875,242.7209862,1.875,211.4614397,5.625,163.5199355,-1.875,46.90964636,-1.875,172.678264,-5.625,309.2174862,1.875,319.8990567,1.875,-95.39326751,5.625,288.2066165,-5.625,163.1726523,5.625,278.5112425,1.875,260.2359233,1.875,-85.27997981,-5.625,296.9476792,1.875,-40.62940617,5.625,-17.6018592,5.625,196.6470041,-5.625,288.3794832,-1.875,83.24091438,1.875,-30.68196452,1.875,181.5994281,-1.875,231.0696465,-5.625,195.2325068,1.875,40.94505617,5.625,9.808506534,5.625,-81.17470438,1.875,-60.15735387,-5.625,-60.12135653,-1.875,251.4153212,-1.875,49.79031155,1.875,141.0402809,5.625
118.1323403,5.625,91.93844676,5.625,133.8644866,-5.625,-58.79860175,5.625,150.6314954,-1.875,-48.88143883,1.875,160.7305058,-5.625,96.9577151,-1.875,-90.3982829,-1.875,140.260694,1.875,5.727753797,-1.875,147.5133396,-5.625,227.2854586,1.875,100.3587389,1.875,199.7571742,-1.875,127.2428276,1.875,104.9419409,5.625,113.3665575,1.875,33.49419282,-1.875,241.7044501,1.875,209.9857971,5.625,164.5831998,-1.875,48.22269779,-1.875,173.6977157,-5.625,308.4060927,1.875,319.1850304,1.875,-96.46131801,5.625,289.4429433,-5.625,162.0837658,5.625,277.4634719,1.875,259.1535156,1.875,-84.14161849,-5.625,295.9334373,1.875,-41.71092173,5.625,-18.64876626,5.625,197.7001568,-5.625,289.4711401,-1.875,82.2275128,1.875,-31.75207912,1.875,182.6978416,-1.875,232.1576141,-5.625,193.9198311,1.875,39.86598143,5.625,8.795100501,5.625,-82.2129184,1.875,-58.73440223,-5.625,-57.90587634,-1.875,252.5875575,-1.875,48.74340909,1.875,140.0176603,5.625
117.075914,5.625,90.913513,5.625,134.8816376,-5.625,-59.81430006,5.625,151.6607353,-1.875,-49.88643,1.875,161.5460672,-5.625,98.59902939,-1.875,-88.47793948,-1.875,139.1840593,1.875,7.885463058,-1.875,148.5641155,-5.625,226.2353181,1.875,99.27966889,1.875,200.7887422,-1.875,126.2317131,1.875,103.8505914,5.625,112.3220178,1.875,35.06471274,-1.875,240.6879141,1.875,208.5101544,5.625,165.6464641,-1.875,49.53574923,-1.875,174.7171674,-5.625,307.5946991,1.875,318.4710041,1.875,-97.52936851,5.625,290.6792701,-5.625,160.9948793,5.625,276.4157014,1.875,258.071108,1.875,-83.00325717,-5.625,294.9191954,1.875,-42.79243728,5.625,-19.69567332,5.625,198.7533094,-5.625,290.5627969,-1.875,81.21411121,1.875,-32.82219372,1.875,183.7962552,-1.875,233.2455817,-5.625,192.6071554,1.875,38.78690669,5.625,7.781694469,5.625,-83.25113242,1.875,-57.31145058,-5.625,-55.69039614,-1.875,253.7597939,-1.875,47.69650662,1.875,138.9950397,5.625
116.0194877,5.625,89.88857924,5.625,135.8987886,-5.625,-60.82999837,5.625,152.6899752,-1.875,-50.89142117,1.875,162.6315794,-5.625,100.2403437,-1.875,-86.55759606,-1.875,138.3751677,1.875,10.04317232,-1.875,149.4325252,-5.625,225.1851775,1.875,98.20059888,1.875,201.8203102,-1.875,125.2205986,1.875,102.9486497,5.625,111.277478,1.875,36.63523266,-1.875,239.671378,1.875,207.0345117,5.625,166.7097285,-1.875,50.84880066,-1.875,175.7366192,-5.625,306.7833056,1.875,317.7569778,1.875,-98.59741901,5.625,291.9155969,-5.625,160.1767828,5.625,275.3679308,1.875,256.9887004,1.875,-81.86489585,-5.625,293.9049535,1.875,-43.87395284,5.625,-20.74258038,5.625,199.806462,-5.625,291.6544538,-1.875,80.20070963,1.875,-33.89230831,1.875,184.8946688,-1.875,234.3335493,-5.625,191.2944796,1.875,37.70783194,5.625,6.768288437,5.625,-84.28934643,1.875,-55.88849893,-5.625,-53.47491595,-1.875,254.9320302,-1.875,46.64960416,1.875,137.972419,5.625
114.9630614,5.625,88.86364548,5.625,136.9159396,-5.625,-61.84569667,5.625,153.7192151,-1.875,-51.89641234,1.875,163.7170916,-5.625,101.881658,-1.875,-84.63725264,-1.875,137.298533,1.875,12.20088158,-1.875,150.483301,-5.625,224.1350369,1.875,97.38987762,1.875,202.8518781,-1.875,124.2094841,1.875,101.8573002,5.625,110.2329382,1.875,37.6856738,-1.875,238.6548419,1.875,205.558869,5.625,167.7729928,-1.875,52.1618521,-1.875,176.7560709,-5.625,305.9719121,1.875,317.0429515,1.875,-99.66546951,5.625,293.1519237,-5.625,159.0878964,5.625,274.3201602,1.875,255.9062928,1.875,-80.72653453,-5.625,292.8907116,1.875,-44.68651148,5.625,-21.78948744,5.625,200.8596146,-5.625,292.7461107,-1.875,79.18730805,1.875,-34.96242291,1.875,185.7199232,-1.875,235.4215168,-5.625,189.9818039,1.875,36.89710712,5.625,5.754882404,5.625,-85.32756045,1.875,-54.46554729,-5.625,-51.25943576,-1.875,256.1042665,-1.875,45.6027017,1.875,136.9497984,5.625
113.9066352,5.625,87.83871172,5.625,137.9330906,-5.625,-62.86139498,5.625,154.748455,-1.875,-52.90140351,1.875,164.8026038,-5.625,103.5229723,-1.875,-82.71690922,-1.875,136.2218983,1.875,14.35859084,-1.875,151.5340769,-5.625,223.0848964,1.875,96.31080761,1.875,203.8834461,-1.875,123.1983696,1.875,100.9553585,5.625,109.2833566,1.875,38.73611495,-1.875,237.6383059,1.875,204.0832264,5.625,168.5718391,-1.875,53.47490353,-1.875,177.7755227,-5.625,305.1605186,1.875,316.3289252,1.875,326.3289252,1.875,294.3882505,-5.625,157.9990099,5.625,273.2723897,1.875,254.8238852,1.875,-79.58817322,-5.625,291.8764697,1.875,-45.76802704,5.625,-22.65469988,5.625,201.9127673,-5.625,293.8377676,-1.875,78.17390646,1.875,-35.76641585,1.875,186.8183367,-1.875,236.5094844,-5.625,188.6691282,1.875,35.81803237,5.625,4.741476372,5.625,-86.36577447,1.875,-53.04259564,-5.625,-49.04395557,-1.875,257.2765028,-1.875,44.55579924,1.875,135.9271777,5.625
113.0335556,5.625,86.81377796,5.625,138.9502416,-5.625,-63.87709328,5.625,155.7776948,-1.875,-53.90639468,1.875,165.6181652,-5.625,105.1642866,-1.875,-80.7965658,-1.875,135.1452636,1.875,16.5163001,-1.875,152.5848527,-5.625,222.0347558,1.875,95.2317376,1.875,204.9150141,-1.875,122.1872551,1.875,99.86400906,5.625,108.333775,1.875,39.7865561,-1.875,236.6217698,1.875,202.6075837,5.625,169.6351034,-1.875,54.78795496,-1.875,178.7949744,-5.625,304.349125,1.875,315.6148989,1.875,325.7005821,1.875,295.6245773,-5.625,156.9101234,5.625,272.2246191,1.875,253.7414776,1.875,-78.4498119,-5.625,290.8622277,1.875,-46.8495426,5.625,-23.70160694,5.625,202.9659199,-5.625,294.9294245,-1.875,77.16050488,1.875,-36.83653044,1.875,187.9167503,-1.875,237.597452,-5.625,187.3564525,1.875,34.73895763,5.625,3.728070339,5.625,-87.40398849,1.875,-51.61964399,-5.625,-46.82847537,-1.875,258.4487392,-1.875,43.50889677,1.875,134.9045571,5.625
111.9771293,5.625,85.7888442,5.625,139.9673926,-5.625,-64.89279159,5.625,156.8069347,-1.875,-54.91138585,1.875,166.7036774,-5.625,106.8056009,-1.875,-78.87622238,-1.875,134.336372,1.875,18.67400936,-1.875,153.6356285,-5.625,220.9846152,1.875,94.1526676,1.875,205.946582,-1.875,121.1761406,1.875,98.7726596,5.625,107.2892353,1.875,40.83699724,-1.875,235.6052337,1.875,201.131941,5.625,170.6983677,-1.875,56.1010064,-1.875,179.8144261,-5.625,303.5377315,1.875,314.9008726,1.875,325.072239,1.875,296.8609041,-5.625,155.821237,5.625,271.1768486,1.875,252.65907,1.875,-77.31145058,-5.625,289.8479858,1.875,-47.93105815,5.625,-24.748514,5.625,204.0190725,-5.625,296.0210814,-1.875,76.1471033,1.875,-37.90664504,1.875,189.0151639,-1.875,238.6854196,-5.625,186.0437768,1.875,33.65988289,5.625,2.714664307,5.625,-88.44220251,1.875,-50.19669234,-5.625,-44.61299518,-1.875,259.6209755,-1.875,42.46199431,1.875,133.8819364,5.625
110.920703,5.625,84.76391044,5.625,140.9845436,-5.625,-65.9084899,5.625,157.8361746,-1.875,-55.91637702,1.875,167.7891896,-5.625,108.4469151,-1.875,-76.95587897,-1.875,133.2597373,1.875,20.83171862,-1.875,154.6864043,-5.625,219.9344747,1.875,93.07359759,1.875,206.97815,-1.875,120.1650261,1.875,97.87071789,5.625,106.2446955,1.875,41.88743839,-1.875,234.5886977,1.875,199.6562984,5.625,171.7616321,-1.875,57.41405783,-1.875,180.8338779,-5.625,302.726338,1.875,314.1868463,1.875,324.4438958,1.875,298.0972309,-5.625,155.0031405,5.625,270.129078,1.875,251.5766624,1.875,-76.17308926,-5.625,288.8337439,1.875,-48.7436168,5.625,-25.79542106,5.625,205.0722251,-5.625,297.1127382,-1.875,75.13370171,1.875,-38.97675964,1.875,189.8404182,-1.875,239.7733872,-5.625,184.7311011,1.875,32.84915806,5.625,1.701258275,5.625,-89.48041653,1.875,-48.7737407,-5.625,-42.39751499,-1.875,260.7932118,-1.875,41.41509185,1.875,132.8593158,5.625
109.8642767,5.625,83.73897668,5.625,142.0016946,-5.625,-66.9241882,5.625,158.8654145,-1.875,-56.92136819,1.875,168.8747018,-5.625,110.0882294,-1.875,-75.03553555,-1.875,132.1831025,1.875,22.98942789,-1.875,155.7371802,-5.625,218.8843341,1.875,92.26287633,1.875,208.009718,-1.875,119.1539116,1.875,96.77936842,5.625,105.2001557,1.875,42.93787954,-1.875,233.5721616,1.875,198.1806557,5.625,172.8248964,-1.875,58.72710927,-1.875,181.8533296,-5.625,301.9149445,1.875,313.47282,1.875,323.8155527,1.875,299.3335577,-5.625,153.914254,5.625,269.0813074,1.875,250.4942548,1.875,-75.03472794,-5.625,287.819502,1.875,-49.82513235,5.625,-26.6606335,5.625,206.1253778,-5.625,298.2043951,-1.875,74.12030013,1.875,-39.78075258,1.875,190.9388318,-1.875,240.8613548,-5.625,183.4184254,1.875,31.77008332,5.625,0.687852242,5.625,-90.51863055,1.875,-47.35078905,-5.625,-40.1820348,-1.875,261.9654482,-1.875,40.36818939,1.875,131.8366952,5.625
108.8078504,5.625,82.71404292,5.625,143.0188456,-5.625,-67.93988651,5.625,159.8946544,-1.875,-57.92635936,1.875,169.6902632,-5.625,111.7295437,-1.875,-73.11519213,-1.875,131.1064678,1.875,25.14713715,-1.875,156.787956,-5.625,217.8341936,1.875,91.18380632,1.875,209.0412859,-1.875,118.1427971,1.875,95.68801895,5.625,104.2505741,1.875,43.98832069,-1.875,232.5556255,1.875,196.705013,5.625,173.8881608,-1.875,60.0401607,-1.875,182.8727814,-5.625,301.103551,1.875,312.7587937,1.875,323.1872095,1.875,300,5.625,152.8253675,5.625,268.0335369,1.875,249.681026,1.875,-73.89636663,-5.625,286.8052601,1.875,-50.90664791,5.625,-27.70754056,5.625,207.1785304,-5.625,299.296052,-1.875,73.10689855,1.875,-40.85086717,1.875,192.0372454,-1.875,241.9493224,-5.625,182.1057497,1.875,30.69100857,5.625,-0.32555379,5.625,-91.55684457,1.875,-45.9278374,-5.625,-37.9665546,-1.875,263.1376845,-1.875,39.32128693,1.875,130.8140745,5.625
107.7514242,5.625,81.68910916,5.625,144.0359966,-5.625,-68.95558481,5.625,160.9238942,-1.875,-58.93135053,1.875,170.7757755,-5.625,113.370858,-1.875,-71.19484871,-1.875,130.2975762,1.875,27.30484641,-1.875,157.6563658,-5.625,216.784053,1.875,90.10473631,1.875,210.0728539,-1.875,117.1316826,1.875,94.78607724,5.625,103.2060344,1.875,45.03876183,-1.875,231.5390895,1.875,195.2293703,5.625,174.9514251,-1.875,61.35321213,-1.875,183.8922331,-5.625,300.2921574,1.875,312.0447674,1.875,322.5588664,1.875,298.7858096,5.625,151.7364811,5.625,266.9857663,1.875,248.5986184,1.875,-72.75800531,-5.625,285.7910182,1.875,-51.98816346,5.625,-28.75444762,5.625,208.231683,-5.625,318.7858096,5.625,72.09349696,1.875,-41.92098177,1.875,193.135659,-1.875,243.03729,-5.625,180.793074,1.875,29.61193383,5.625,-1.338959823,5.625,-92.59505858,1.875,-44.50488575,-5.625,-35.75107441,-1.875,264.3099208,-1.875,38.27438446,1.875,129.7914539,5.625
106.8783446,5.625,80.6641754,5.625,145.0531476,-5.625,-69.97128312,5.625,161.9531341,-1.875,-59.9363417,1.875,171.8612877,-5.625,115.0121723,-1.875,-69.27450529,-1.875,129.2209415,1.875,29.46255567,-1.875,158.7071416,-5.625,215.7339124,1.875,89.02566631,1.875,211.1044219,-1.875,116.1205682,1.875,93.69472778,5.625,102.1614946,1.875,46.08920298,-1.875,230.5225534,1.875,193.7537277,5.625,176.0146894,-1.875,62.66626357,-1.875,184.9116848,-5.625,299.4807639,1.875,311.3307411,1.875,321.9305232,1.875,297.5716192,5.625,150.9183846,5.625,265.9379957,1.875,247.5162107,1.875,-71.61964399,-5.625,284.7767763,1.875,-52.80072211,5.625,-29.80135468,5.625,209.2848356,-5.625,316.1685843,5.625,71.08009538,1.875,-42.99109637,1.875,193.9609133,-1.875,244.1252575,-5.625,179.4803983,1.875,28.801209,5.625,-2.352365855,5.625,-93.6332726,1.875,-43.08193411,-5.625,-33.53559422,-1.875,265.4821571,-1.875,37.227482,1.875,128.7688332,5.625
105.8219183,5.625,79.63924164,5.625,146.0702986,-5.625,-70.98698142,5.625,162.982374,-1.875,-60.94133287,1.875,172.9467999,-5.625,116.6534866,-1.875,-67.35416187,-1.875,128.1443068,1.875,31.62026493,-1.875,159.7579174,-5.625,214.6837719,1.875,88.21494504,1.875,212.1359899,-1.875,115.1094537,1.875,92.60337831,5.625,101.1169548,1.875,47.13964413,-1.875,229.5060173,1.875,192.278085,5.625,176.8135357,-1.875,63.979315,-1.875,185.9311366,-5.625,298.6693704,1.875,310.6167148,1.875,321.3021801,1.875,296.3574288,5.625,149.8294981,5.625,264.8902252,1.875,246.4338031,1.875,-70.48128267,-5.625,283.7625344,1.875,-53.88223766,5.625,-30.66656712,5.625,210.3379883,-5.625,313.5513591,5.625,70.0666938,1.875,-43.79508931,1.875,195.0593269,-1.875,245.2132251,-5.625,178.1677226,1.875,27.72213426,5.625,-3.365771887,5.625,-94.67148662,1.875,-41.65898246,-5.625,-31.32011402,-1.875,266.6543935,-1.875,36.18057954,1.875,127.7462126,5.625
104.765492,5.625,78.61430788,5.625,147.0874496,-5.625,-72.00267973,5.625,164.0116139,-1.875,-61.94632404,1.875,173.7623613,-5.625,118.2948009,-1.875,-65.43381845,-1.875,127.0676721,1.875,33.77797419,-1.875,160.8086932,-5.625,213.6336313,1.875,87.13587503,1.875,213.1675578,-1.875,114.0983392,1.875,91.7014366,5.625,100.1673732,1.875,48.19008527,-1.875,228.4894813,1.875,190.8024423,5.625,177.8768,-1.875,65.29236644,-1.875,186.9505883,-5.625,297.8579769,1.875,309.9026885,1.875,320.6738369,1.875,295.1432383,5.625,148.7406116,5.625,263.8424546,1.875,245.6205743,1.875,-69.34292136,-5.625,282.7482925,1.875,-54.96375322,5.625,-31.71347418,5.625,211.3911409,-5.625,312.4828715,5.625,69.05329221,1.875,-44.8652039,1.875,196.1577405,-1.875,246.3011927,-5.625,176.8550469,1.875,26.64305952,5.625,-4.37917792,5.625,-95.70970064,1.875,-40.23603081,-5.625,-29.10463383,-1.875,267.8266298,-1.875,35.13367708,1.875,126.7235919,5.625
103.7090657,5.625,77.58937412,5.625,148.1046006,-5.625,-73.01837804,5.625,165.0408538,-1.875,-62.95131521,1.875,174.8478735,-5.625,119.9361152,-1.875,-63.51347503,-1.875,126.2587805,1.875,35.93568345,-1.875,161.677103,-5.625,212.5834907,1.875,86.05680503,1.875,214.1991258,-1.875,113.0872247,1.875,90.61008713,5.625,99.12283345,1.875,49.24052642,-1.875,227.4729452,1.875,189.3267997,5.625,178.9400643,-1.875,66.60541787,-1.875,187.9700401,-5.625,297.0465833,1.875,309.1886622,1.875,320.0454938,1.875,293.9290479,5.625,147.6517252,5.625,262.7946841,1.875,244.5381667,1.875,-68.20456004,-5.625,281.7340506,1.875,-56.04526878,5.625,-32.76038124,5.625,212.4442935,-5.625,311.414384,5.625,68.03989063,1.875,-45.9353185,1.875,197.2561541,-1.875,247.3891603,-5.625,175.5423712,1.875,25.56398477,5.625,-5.392583952,5.625,-96.74791466,1.875,-38.81307916,-5.625,-26.88915364,-1.875,268.9988661,-1.875,34.08677462,1.875,125.7009713,5.625
102.6526394,5.625,76.56444036,5.625,149.1217516,-5.625,-74.03407634,5.625,166.0700936,-1.875,-63.95630638,1.875,175.9333857,-5.625,121.5774295,-1.875,-61.59313161,-1.875,125.1821458,1.875,36.95251048,-1.875,162.7278788,-5.625,211.5333502,1.875,84.97773502,1.875,215.2306938,-1.875,112.0761102,1.875,89.51873767,5.625,98.07829368,1.875,50.29096757,-1.875,226.4564091,1.875,187.851157,5.625,180.0033287,-1.875,67.9184693,-1.875,188.9894918,-5.625,296.2351898,1.875,308.4746359,1.875,319.4171507,1.875,292.7148575,5.625,146.8336287,5.625,261.7469135,1.875,243.4557591,1.875,-67.06619872,-5.625,280.7198087,1.875,-56.85782742,5.625,-33.8072883,5.625,213.4974461,-5.625,310.3458964,5.625,67.02648905,1.875,-47.0054331,1.875,198.0814084,-1.875,248.4771279,-5.625,174.2296955,1.875,24.75325995,5.625,-6.405989985,5.625,-97.78612868,1.875,-37.39012752,-5.625,-24.67367345,-1.875,270.1711025,-1.875,33.03987215,1.875,124.6783507,5.625
101.5962132,5.625,75.5395066,5.625,150.1389026,-5.625,-75.04977465,5.625,167.0993335,-1.875,-64.96129755,1.875,177.0188979,-5.625,123.2187438,-1.875,-59.67278819,-1.875,124.1055111,1.875,37.96933751,-1.875,163.7786546,-5.625,210.4832096,1.875,84.16701376,1.875,216.2622617,-1.875,111.0649957,1.875,88.61679596,5.625,97.03375392,1.875,51.34140872,-1.875,225.4398731,1.875,186.3755143,5.625,181.066593,-1.875,69.23152074,-1.875,190.0089436,-5.625,295.4237963,1.875,307.6106641,1.875,318.6568555,1.875,291.5006671,5.625,145.7447422,5.625,260.6991429,1.875,242.3733515,1.875,-65.9278374,-5.625,279.7055668,1.875,-57.93934298,5.625,-34.85419535,5.625,214.5505988,-5.625,309.2774088,5.625,66.01308746,1.875,-47.80942604,1.875,199.179822,-1.875,249.5650955,-5.625,172.9170197,1.875,23.67418521,5.625,-7.419396017,5.625,-98.8243427,1.875,-35.96717587,-5.625,-22.45819325,-1.875,271.3433388,-1.875,31.99296969,1.875,123.65573,5.625
100.7231336,5.625,74.51457284,5.625,151.1560536,-5.625,-76.06547295,5.625,168.1285734,-1.875,-65.96628872,1.875,177.8344593,-5.625,124.8600581,-1.875,-57.75244477,-1.875,123.0288764,1.875,38.98616454,-1.875,164.8294305,-5.625,209.433069,1.875,83.08794375,1.875,217.2938297,-1.875,110.0538812,1.875,87.52544649,5.625,96.08417231,1.875,52.39184986,-1.875,224.423337,1.875,184.8998716,5.625,182.1298574,-1.875,70.54457217,-1.875,191.0283953,-5.625,294.6124028,1.875,306.8966378,1.875,318.0285123,1.875,290.2864767,5.625,144.6558557,5.625,259.6513724,1.875,241.5601226,1.875,-64.78947608,-5.625,278.6913249,1.875,-59.02085853,5.625,-35.90110241,5.625,215.6037514,-5.625,308.2089213,5.625,64.99968588,1.875,-48.87954063,1.875,200.2782356,-1.875,250.6530631,-5.625,171.604344,1.875,22.59511046,5.625,-8.432802049,5.625,-99.86255671,1.875,-34.54422422,-5.625,-20.24271306,-1.875,272.5155751,-1.875,30.94606723,1.875,122.6331094,5.625
99.66670731,5.625,73.48963908,5.625,152.1732046,-5.625,-77.08117126,5.625,169.1578133,-1.875,-66.97127989,1.875,178.9199715,-5.625,126.5013724,-1.875,-55.83210135,-1.875,122.2199848,1.875,40.00299157,-1.875,165.8802063,-5.625,208.3829285,1.875,82.00887374,1.875,218.3253977,-1.875,109.0427667,1.875,86.43409702,5.625,95.13459071,1.875,53.44229101,-1.875,223.4068009,1.875,183.424229,5.625,183.1931217,-1.875,71.85762361,-1.875,192.047847,-5.625,293.8010093,1.875,306.032666,1.875,317.2682171,1.875,289.0722863,5.625,143.5669693,5.625,258.6036018,1.875,240.477715,1.875,-63.65111477,-5.625,277.677083,1.875,-60.10237409,5.625,-36.94800947,5.625,216.656904,-5.625,307.1404337,5.625,63.9862843,1.875,-49.94965523,1.875,201.3766492,-1.875,251.7410307,-5.625,170.2916683,1.875,21.51603572,5.625,-9.446208082,5.625,-100,-5.625,-33.12127258,-5.625,-18.02723287,-1.875,273.6878114,-1.875,29.89916477,1.875,121.6104887,5.625
98.61028102,5.625,72.46470532,5.625,153.1903556,-5.625,-78.09686956,5.625,170.1870532,-1.875,-67.97627106,1.875,180.0054837,-5.625,128.1426867,-1.875,-53.91175793,-1.875,121.1433501,1.875,41.01981861,-1.875,166.9309821,-5.625,207.3327879,1.875,80.92980374,1.875,219.3569656,-1.875,108.0316522,1.875,85.53215531,5.625,94.09005094,1.875,54.49273216,-1.875,222.3902649,1.875,181.9485863,5.625,184.256386,-1.875,73.17067504,-1.875,193.0672988,-5.625,292.9896157,1.875,305.1686942,1.875,316.5079219,1.875,287.8580959,5.625,142.7488728,5.625,257.5558313,1.875,239.3953074,1.875,-62.51275345,-5.625,276.6628411,1.875,-60.91493273,5.625,-37.99491653,5.625,217.7100566,-5.625,306.0719461,5.625,62.97288271,1.875,-51.01976983,1.875,202.2019035,-1.875,252.8289982,-5.625,168.9789926,1.875,20.70531089,5.625,-10.45961411,5.625,-98.42490766,-5.625,-31.69832093,-5.625,-15.81175267,-1.875,274.8600478,-1.875,28.8522623,1.875,120.5878681,5.625
97.55385474,5.625,71.43977156,5.625,154.2075065,-5.625,-79.11256787,5.625,171.216293,-1.875,-68.98126223,1.875,181.0909959,-5.625,129.7840009,-1.875,-51.99141451,-1.875,120.0667153,1.875,42.03664564,-1.875,167.9817579,-5.625,206.2826473,1.875,80.11908247,1.875,220.3885336,-1.875,107.0205377,1.875,84.44080585,5.625,93.04551117,1.875,55.5431733,-1.875,221.3737288,1.875,180.4729436,5.625,185.0552323,-1.875,74.48372647,-1.875,194.0867505,-5.625,292.1782222,1.875,304.4546679,1.875,315.8795788,1.875,286.6439054,5.625,141.6599863,5.625,256.5080607,1.875,238.3128998,1.875,-61.37439213,-5.625,275.6485992,1.875,-61.99644829,5.625,-38.86012897,5.625,218.7632093,-5.625,305.0034586,5.625,61.95948113,1.875,-51.82376277,1.875,203.3003171,-1.875,253.9169658,-5.625,167.6663169,1.875,19.62623615,5.625,-11.47302015,5.625,-96.84981533,-5.625,-30.27536928,-5.625,-13.59627248,-1.875,276.0322841,-1.875,27.80535984,1.875,119.5652474,5.625
96.49742845,5.625,70.4148378,5.625,155.2246575,-5.625,-80.12826618,5.625,172.2455329,-1.875,-69.9862534,1.875,181.9065573,-5.625,131.4253152,-1.875,-50.07107109,-1.875,118.9900806,1.875,43.05347267,-1.875,169.0325338,-5.625,205.2325068,1.875,79.04001247,1.875,221.4201016,-1.875,106.0094232,1.875,83.34945638,5.625,92.09592957,1.875,56.59361445,-1.875,220.3571927,1.875,178.997301,5.625,186.1184966,-1.875,75.79677791,-1.875,195.1062023,-5.625,291.3668287,1.875,303.5906961,1.875,315.1192836,1.875,285.429715,5.625,140.5710998,5.625,255.4602901,1.875,237.499671,1.875,-60.23603081,-5.625,274.6343573,1.875,-63.07796385,5.625,-39.90703603,5.625,219.8163619,-5.625,303.934971,5.625,60.94607955,1.875,-52.89387736,1.875,204.3987307,-1.875,255.0049334,-5.625,166.3536412,1.875,18.54716141,5.625,-12.48642618,5.625,-95.27472299,-5.625,-28.85241763,-5.625,-11.38079229,-1.875,277.2045204,-1.875,26.75845738,1.875,118.5426268,5.625
95.44100217,5.625,69.38990404,5.625,156.2418085,-5.625,-81.14396448,5.625,173.2747728,-1.875,-70.99124457,1.875,182.9920696,-5.625,133.0666295,-1.875,-48.15072767,-1.875,118.181189,1.875,44.0702997,-1.875,169.9009435,-5.625,204.1823662,1.875,77.96094246,1.875,222.4516695,-1.875,104.9983087,1.875,82.44751467,5.625,91.0513898,1.875,57.6440556,-1.875,219.3406567,1.875,177.5216583,5.625,187.181761,-1.875,77.10982934,-1.875,196.125654,-5.625,290.5554352,1.875,302.7267242,1.875,314.3589883,1.875,284.2155246,5.625,139.4822134,5.625,254.594364,1.875,236.4172633,1.875,-59.09766949,-5.625,273.6201154,1.875,-64.1594794,5.625,-40.95394309,5.625,220.8695145,-5.625,302.8664835,5.625,59.93267796,1.875,-53.96399196,1.875,205.4971443,-1.875,256.092901,-5.625,165.0409655,1.875,17.46808666,5.625,-13.49983221,5.625,-93.69963066,-5.625,-27.42946599,-5.625,-9.165312096,-1.875,278.3767568,-1.875,25.71155492,1.875,117.5200061,5.625
94.56792259,5.625,68.36497028,5.625,157.2589595,-5.625,-82.15966279,5.625,174.3040127,-1.875,-71.99623574,1.875,184.0775818,-5.625,134.7079438,-1.875,-46.23038425,-1.875,117.1045543,1.875,45.08712673,-1.875,170.9517193,-5.625,203.1322256,1.875,76.88187245,1.875,223.4832375,-1.875,103.9871942,1.875,81.3561652,5.625,90.00685004,1.875,58.69449675,-1.875,218.3241206,1.875,176.0460156,5.625,188.2450253,-1.875,78.42288078,-1.875,197.1451057,-5.625,289.7440416,1.875,302.0126979,1.875,313.7306452,1.875,283.0013342,5.625,138.6641169,5.625,253.5465935,1.875,235.3348557,1.875,-57.95930818,-5.625,272.6058735,1.875,-65.24099496,5.625,-42.00085015,5.625,221.9226671,-5.625,301.7979959,5.625,58.91927638,1.875,-55.03410656,1.875,206.3223986,-1.875,257.1808686,-5.625,163.7282898,1.875,16.65736184,5.625,-14.51323824,5.625,-92.12453832,-5.625,-26.00651434,-5.625,-6.949831904,-1.875,279.5489931,-1.875,24.66465246,1.875,116.4973855,5.625
93.51149631,5.625,67.34003652,5.625,158.2761105,-5.625,-83.17536109,5.625,175.3332526,-1.875,-73.00122691,1.875,185.163094,-5.625,136.3492581,-1.875,-44.31004083,-1.875,116.0279196,1.875,46.10395376,-1.875,172.0024952,-5.625,202.0820851,1.875,76.07115119,1.875,224.5148055,-1.875,102.9760797,1.875,80.45422349,5.625,88.96231027,1.875,59.74493789,-1.875,217.3075845,1.875,174.5703729,5.625,189.3082896,-1.875,79.73593221,-1.875,198.1645575,-5.625,288.9326481,1.875,301.1487261,1.875,312.97035,1.875,281.7871438,5.625,137.5752304,5.625,252.4988229,1.875,234.2524481,1.875,-56.82094686,-5.625,271.5916316,1.875,-66.0535536,5.625,-43.04775721,5.625,222.9758197,-5.625,300.7295083,5.625,57.9058748,1.875,-55.8380995,1.875,207.4208122,-1.875,258.2688362,-5.625,162.4156141,1.875,15.57828709,5.625,-15.52664428,5.625,-90.54944598,-5.625,-24.58356269,-5.625,-4.734351711,-1.875,280.7212294,-1.875,23.61774999,1.875,115.4747649,5.625
92.45507002,5.625,66.31510276,5.625,159.2932615,-5.625,-84.1910594,5.625,176.3624925,-1.875,-74.00621808,1.875,186.2486062,-5.625,137.9905724,-1.875,-42.38969741,-1.875,114.9512849,1.875,47.12078079,-1.875,173.053271,-5.625,201.0319445,1.875,74.99208118,1.875,225.5463735,-1.875,101.9649652,1.875,79.36287403,5.625,88.01272867,1.875,60.79537904,-1.875,216.2910485,1.875,173.0947303,5.625,190.371554,-1.875,81.04898364,-1.875,199.1840092,-5.625,288.1212546,1.875,300.2847543,1.875,312.2100548,1.875,280.5729534,5.625,136.486344,5.625,251.4510524,1.875,233.4392193,1.875,-55.68258554,-5.625,270.5773897,1.875,-67.13506916,5.625,-44.09466426,5.625,224.0289724,-5.625,299.6610208,5.625,56.89247321,1.875,-56.90821409,1.875,208.5192258,-1.875,259.3568038,-5.625,161.1029384,1.875,14.49921235,5.625,-16.54005031,5.625,-88.97435365,-5.625,-23.16061104,-5.625,-2.518871518,-1.875,281.8934657,-1.875,22.57084753,1.875,114.4521442,5.625
91.39864374,5.625,65.290169,5.625,160.3104125,-5.625,-85.20675771,5.625,177.3917323,-1.875,-75.01120925,1.875,187.0641676,-5.625,139.6318867,-1.875,-40.46935399,-1.875,114.1423933,1.875,48.13760782,-1.875,174.1040468,-5.625,199.9818039,1.875,73.91301118,1.875,226.5779414,-1.875,100.9538508,1.875,78.27152456,5.625,86.9681889,1.875,61.84582019,-1.875,215.2745124,1.875,171.6190876,5.625,191.4348183,-1.875,82.36203508,-1.875,200.203461,-5.625,287.3098611,1.875,299.570728,1.875,311.5817117,1.875,279.358763,5.625,135.3974575,5.625,250.4032818,1.875,232.3568117,1.875,-54.54422422,-5.625,269.5631478,1.875,-68.21658472,5.625,-45.14157132,5.625,225.082125,-5.625,298.5925332,5.625,55.87907163,1.875,-57.97832869,1.875,209.6176394,-1.875,260.4447714,-5.625,159.7902627,1.875,13.42013761,5.625,-17.55345634,5.625,-87.39926131,-5.625,-21.7376594,-5.625,-0.303391325,-1.875,283.0657021,-1.875,21.52394507,1.875,113.4295236,5.625
90.34221746,5.625,64.26523524,5.625,161.3275635,-5.625,-86.22245601,5.625,178.4209722,-1.875,-76.01620042,1.875,188.1496798,-5.625,141.273201,-1.875,-38.54901057,-1.875,113.0657586,1.875,49.15443485,-1.875,174.9724566,-5.625,198.9316634,1.875,72.83394117,1.875,227.6095094,-1.875,99.94273626,1.875,77.36958285,5.625,85.92364913,1.875,62.89626134,-1.875,214.2579763,1.875,170.1434449,5.625,192.4980827,-1.875,83.67508651,-1.875,201.2229127,-5.625,286.4984675,1.875,298.7067562,1.875,310.8214164,1.875,278.1445725,5.625,134.579361,5.625,249.3555112,1.875,231.2744041,1.875,-53.40586291,-5.625,268.5489059,1.875,-69.29810027,5.625,-46.18847838,5.625,226.1352776,-5.625,297.5240456,5.625,54.86567005,1.875,-59.04844329,1.875,210.4428937,-1.875,261.5327389,-5.625,158.477587,1.875,12.60941278,5.625,-18.56686237,5.625,-85.82416897,-5.625,-20.31470775,-5.625,1.912088868,-1.875,284.2379384,-1.875,20.47704261,1.875,112.4069029,5.625
89.46913788,5.625,63.24030148,5.625,162.3447145,-5.625,-87.23815432,5.625,179.4502121,-1.875,-77.02119159,1.875,189.235192,-5.625,142.9145153,-1.875,-36.62866715,-1.875,111.9891239,1.875,50.17126188,-1.875,176.0232324,-5.625,197.8815228,1.875,72.0232199,1.875,228.6410774,-1.875,98.93162177,1.875,76.27823338,5.625,84.87910937,1.875,63.94670248,-1.875,213.2414403,1.875,168.6678023,5.625,193.2969289,-1.875,84.98813795,-1.875,202.2423644,-5.625,285.687074,1.875,297.8427843,1.875,310.0611212,1.875,276.9303821,5.625,133.4904745,5.625,248.3077407,1.875,230.1919965,1.875,-52.26750159,-5.625,267.534664,1.875,-70.11065892,5.625,-47.23538544,5.625,227.1884302,-5.625,296.4555581,5.625,53.85226846,1.875,-59.85243622,1.875,211.5413073,-1.875,262.6207065,-5.625,157.1649113,1.875,11.53033804,5.625,-19.58026841,5.625,-84.24907664,-5.625,-18.8917561,-5.625,4.12756906,-1.875,285.4101747,-1.875,19.43014015,1.875,111.3842823,5.625
88.4127116,5.625,62.21536773,5.625,163.3618655,-5.625,-88.25385262,5.625,180.479452,-1.875,-78.02618276,1.875,190.3207042,-5.625,144.5558296,-1.875,-34.70832374,-1.875,110.9124892,1.875,51.18808891,-1.875,177.0740082,-5.625,196.8313822,1.875,70.9441499,1.875,229.6726453,-1.875,97.92050727,1.875,75.18688392,5.625,83.92952776,1.875,64.99714363,-1.875,212.2249042,1.875,167.1921596,5.625,194.3601932,-1.875,86.30118938,-1.875,203.2618162,-5.625,284.6071092,1.875,296.9788125,1.875,309.3699438,1.875,275.7161917,5.625,132.4015881,5.625,247.2599701,1.875,229.3787676,1.875,-51.12914027,-5.625,266.5204221,1.875,-71.19217447,5.625,-48.10059788,5.625,228.2415829,-5.625,295.3870705,5.625,52.83886688,1.875,-60.92255082,1.875,212.6397209,-1.875,263.7086741,-5.625,155.8522356,1.875,10.45126329,5.625,-20.59367444,5.625,-82.6739843,-5.625,-17.46880445,-5.625,6.343049253,-1.875,286.5824111,-1.875,18.38323768,1.875,110.3616616,5.625
87.35628531,5.625,61.19043397,5.625,164.3790165,-5.625,-89.26955093,5.625,181.5086919,-1.875,-79.03117393,1.875,191.1362656,-5.625,146.1971439,-1.875,-32.78798032,-1.875,110.1035976,1.875,52.20491594,-1.875,178.1247841,-5.625,195.7812417,1.875,69.86507989,1.875,230.7042133,-1.875,96.90939278,1.875,74.28494221,5.625,82.97994616,1.875,66.04758478,-1.875,211.2083681,1.875,165.7165169,5.625,195.4234576,-1.875,87.61424081,-1.875,204.2812679,-5.625,283.5271445,1.875,296.1148407,1.875,308.6787663,1.875,274.5020013,5.625,131.3127016,5.625,246.394044,1.875,228.29636,1.875,-49.99077895,-5.625,265.5061802,1.875,-72.27369003,5.625,-49.14750494,5.625,229.2947355,-5.625,294.3185829,5.625,51.8254653,1.875,-61.99266542,1.875,213.7381344,-1.875,264.7966417,-5.625,154.5395598,1.875,9.372188552,5.625,-21.60708047,5.625,-81.09889197,-5.625,-16.04585281,-5.625,8.558529446,-1.875,287.7546474,-1.875,17.33633522,1.875,109.339041,5.625
86.29985903,5.625,60.16550021,5.625,165.3961675,-5.625,-90.28524923,5.625,182.5379317,-1.875,-80.0361651,1.875,192.2217778,-5.625,147.8384582,-1.875,-30.8676369,-1.875,109.0269629,1.875,53.22174297,-1.875,179.1755599,-5.625,194.7311011,1.875,68.78600988,1.875,231.7357813,-1.875,95.89827829,1.875,73.19359274,5.625,81.93540639,1.875,67.09802592,-1.875,210.191832,1.875,164.2408742,5.625,196.4867219,-1.875,88.92729225,-1.875,205.3007197,-5.625,282.4471797,1.875,295.2508689,1.875,307.9875889,1.875,273.2878109,5.625,130.4946051,5.625,245.3462735,1.875,227.2139524,1.875,-48.85241763,-5.625,264.4919383,1.875,-73.35520558,5.625,-50.194412,5.625,230.3478881,-5.625,293.2500954,5.625,50.81206371,1.875,-63.06278002,1.875,214.5633888,-1.875,265.8846093,-5.625,153.2268841,1.875,8.561463726,5.625,-22.6204865,5.625,-79.52379963,-5.625,-14.62290116,-5.625,10.77400964,-1.875,288.9268837,-1.875,16.28943276,1.875,108.3164204,5.625
85.24343274,5.625,59.14056645,5.625,166.4133185,-5.625,-91.30094754,5.625,183.5671716,-1.875,-81.04115627,1.875,193.30729,-5.625,149.4797725,-1.875,-28.94729348,-1.875,107.9503282,1.875,54.23857,-1.875,180.2263357,-5.625,193.6809605,1.875,67.97528862,1.875,232.7673492,-1.875,94.88716379,1.875,72.10224327,5.625,80.89086663,1.875,68.14846707,-1.875,209.175296,1.875,162.7652316,5.625,197.5499862,-1.875,90.24034368,-1.875,206.3201714,-5.625,281.6357862,1.875,294.386897,1.875,307.2964114,1.875,272.0736205,5.625,129.4057186,5.625,244.2985029,1.875,226.1315448,1.875,-47.71405632,-5.625,263.4776964,1.875,-74.16776423,5.625,-51.24131906,5.625,231.4010407,-5.625,292.1816078,5.625,49.79866213,1.875,-63.86677295,1.875,215.6618024,-1.875,266.9725769,-5.625,151.9142084,1.875,7.482388982,5.625,-23.63389254,5.625,-77.94870729,-5.625,-13.19994951,-5.625,12.98948983,-1.875,290.09912,-1.875,15.2425303,1.875,107.2937997,5.625
84.18700646,5.625,58.11563269,5.625,167.4304695,-5.625,-92.31664585,5.625,184.5964115,-1.875,-82.04614744,1.875,194.3928023,-5.625,151.1210867,-1.875,-27.02695006,-1.875,106.8736934,1.875,55.25539703,-1.875,181.2771115,-5.625,192.63082,1.875,66.89621861,1.875,233.7989172,-1.875,93.8760493,1.875,71.20030156,5.625,79.94128502,1.875,69.19890822,-1.875,208.1587599,1.875,161.2895889,5.625,198.6132506,-1.875,91.55339512,-1.875,207.3396231,-5.625,280.5558214,1.875,293.5229252,1.875,306.605234,1.875,270.8594301,5.625,128.3168322,5.625,243.2507324,1.875,225.3183159,1.875,-46.575695,-5.625,262.4634545,1.875,-75.24927978,5.625,-52.1065315,5.625,232.4541934,-5.625,291.1131202,5.625,48.78526055,1.875,-64.93688755,1.875,216.760216,-1.875,268.0605445,-5.625,150.6015327,1.875,6.403314239,5.625,-24.64729857,5.625,-76.37361496,-5.625,-11.77699787,-5.625,15.20497002,-1.875,291.2713564,-1.875,14.19562783,1.875,106.2711791,5.625
83.31392689,5.625,57.09069893,5.625,168.4476205,-5.625,-93.33234415,5.625,185.6256514,-1.875,-83.05113861,1.875,195.2083637,-5.625,152.762401,-1.875,-25.10660664,-1.875,106.0648018,1.875,56.27222406,-1.875,182.3278873,-5.625,191.5806794,1.875,65.81714861,1.875,234.8304852,-1.875,92.86493481,1.875,70.1089521,5.625,78.89674526,1.875,70.24934937,-1.875,207.1422238,1.875,159.8139462,5.625,199.6765149,-1.875,92.86644655,-1.875,208.3590749,-5.625,279.4758566,1.875,292.6589534,1.875,305.593281,1.875,269.6452396,5.625,127.2279457,5.625,242.3848063,1.875,224.2359083,1.875,-45.43733368,-5.625,261.4492126,1.875,-76.33079534,5.625,-53.15343856,5.625,233.507346,-5.625,290.0446327,5.625,47.77185896,1.875,-66.00700215,1.875,217.8586295,-1.875,269.1485121,-5.625,149.288857,1.875,5.324239496,5.625,-25.6607046,5.625,-74.79852262,-5.625,-10.35404622,-5.625,17.42045022,-1.875,292.4435927,-1.875,13.14872537,1.875,105.2485584,5.625
82.2575006,5.625,56.06576517,5.625,169.4647715,-5.625,-94.34804246,5.625,186.6548913,-1.875,-84.05612978,1.875,196.2938759,-5.625,154.4037153,-1.875,-23.18626322,-1.875,104.9881671,1.875,57.28905109,-1.875,183.1962971,-5.625,190.5305388,1.875,64.7380786,1.875,235.8620531,-1.875,91.85382031,1.875,69.01760263,5.625,77.85220549,1.875,71.29979051,-1.875,206.1256878,1.875,158.3383036,5.625,200.7397793,-1.875,94.17949798,-1.875,209.3785266,-5.625,278.3958918,1.875,291.6135475,1.875,304.7569563,1.875,268.4310492,5.625,126.4098492,5.625,241.3370357,1.875,223.1535007,1.875,-44.29897236,-5.625,260.4349706,1.875,-77.4123109,5.625,-54.20034562,5.625,234.5604986,-5.625,288.9761451,5.625,46.75845738,1.875,-67.07711675,1.875,218.9570431,-1.875,270.2364796,-5.625,147.9761813,1.875,4.51351467,5.625,-26.67411063,5.625,-73.22343029,-5.625,-8.931094571,-5.625,19.63593041,-1.875,293.615829,-1.875,12.10182291,1.875,104.2259378,5.625
81.20107432,5.625,55.04083141,5.625,170.4819225,-5.625,-95.36374076,5.625,187.6841311,-1.875,-85.06112095,1.875,197.3793881,-5.625,156.0450296,-1.875,-21.2659198,-1.875,103.9115324,1.875,58.30587812,-1.875,184.2470729,-5.625,189.4803983,1.875,63.92735733,1.875,236.8936211,-1.875,90.84270582,1.875,68.11566092,5.625,76.80766572,1.875,72.35023166,-1.875,205.1091517,1.875,156.8626609,5.625,201.8030436,-1.875,95.49254942,-1.875,210.3979784,-5.625,277.5844983,1.875,290.5681416,1.875,303.7450034,1.875,267.2168588,5.625,125.3209627,5.625,240.2892651,1.875,222.0710931,1.875,-43.16061104,-5.625,259.4207287,1.875,-78.22486954,5.625,-55.24725268,5.625,235.6136512,-5.625,287.9076576,5.625,45.7450558,1.875,-67.88110968,1.875,219.7822975,-1.875,271.3244472,-5.625,146.6635056,1.875,3.434439927,5.625,-27.68751666,5.625,-71.64833795,-5.625,-7.508142924,-5.625,21.8514106,-1.875,294.7880654,-1.875,11.05492045,1.875,103.2033171,5.625
80.14464803,5.625,54.01589765,5.625,171.4990735,-5.625,-96.37943907,5.625,188.713371,-1.875,-86.06611212,1.875,198.4649003,-5.625,157.6863439,-1.875,-19.34557638,-1.875,102.8348977,1.875,59.32270515,-1.875,185.2978488,-5.625,188.4302577,1.875,62.84828733,1.875,237.9251891,-1.875,89.83159133,1.875,67.02431145,5.625,75.85808412,1.875,73.40067281,-1.875,204.0926156,1.875,155.3870182,5.625,202.6018898,-1.875,96.80560085,-1.875,211.4174301,-5.625,276.5045335,1.875,289.7041698,1.875,302.7330505,1.875,266.0026684,5.625,124.2320763,5.625,239.2414946,1.875,221.2578643,1.875,-42.02224973,-5.625,258.4064868,1.875,-79.3063851,5.625,-56.11246512,5.625,236.6668039,-5.625,286.83917,5.625,44.73165421,1.875,-68.95122428,1.875,220.8807111,-1.875,272.4124148,-5.625,145.3508299,1.875,2.355365183,5.625,-28.7009227,5.625,-70.07324561,-5.625,-6.085191276,-5.625,24.0668908,-1.875,295.9603017,-1.875,10.00801799,1.875,102.1806965,5.625
79.08822175,5.625,52.99096389,5.625,172.5162245,-5.625,-97.39513738,5.625,189.7426109,-1.875,-87.07110329,1.875,199.2804617,-5.625,159.3276582,-1.875,-17.42523296,-1.875,101.758263,1.875,60.33953218,-1.875,186.3486246,-5.625,187.3801171,1.875,61.76921732,1.875,238.9567571,-1.875,88.82047683,1.875,65.93296199,5.625,74.81354435,1.875,74.45111395,-1.875,203.0760796,1.875,153.9113755,5.625,203.6651542,-1.875,98.11865229,-1.875,212.4368818,-5.625,275.4245687,1.875,288.6587639,1.875,301.7210976,1.875,264.788478,5.625,123.1431898,5.625,238.3755685,1.875,220.1754567,1.875,-40.88388841,-5.625,257.3922449,1.875,-80.38790065,5.625,-57.15937218,5.625,237.7199565,-5.625,285.7706824,5.625,43.71825263,1.875,-70.02133888,1.875,221.9791246,-1.875,273.5003824,-5.625,144.0381542,1.875,1.27629044,5.625,-29.71432873,5.625,-68.49815328,-5.625,-4.662239629,-5.625,26.28237099,-1.875,297.132538,-1.875,8.961115524,1.875,101.1580759,5.625
78.03179546,5.625,51.96603013,5.625,173.5333755,-5.625,-98.41083568,5.625,190.7718508,-1.875,-88.07609446,1.875,200.3659739,-5.625,160.9689725,-1.875,-15.50488954,-1.875,100.9493714,1.875,61.35635921,-1.875,187.2170344,-5.625,186.3299766,1.875,60.69014732,1.875,239.988325,-1.875,87.80936234,1.875,65.03102028,5.625,73.76900459,1.875,75.5015551,-1.875,202.0595435,1.875,152.4357329,5.625,204.7284185,-1.875,99.43170372,-1.875,213.4563336,-5.625,274.344604,1.875,287.613358,1.875,300.7091446,1.875,263.5742876,5.625,122.3250933,5.625,237.3277979,1.875,219.0930491,1.875,-39.74552709,-5.625,256.378003,1.875,-81.46941621,5.625,-58.20627924,5.625,238.7731091,-5.625,284.7021949,5.625,42.70485105,1.875,-71.09145348,1.875,223.0775382,-1.875,274.58835,-5.625,142.7254785,1.875,0.465565614,5.625,-30.72773476,5.625,-66.92306094,-5.625,-3.239287982,-5.625,28.49785118,-1.875,298.3047743,-1.875,7.914213061,1.875,100.1354552,5.625
76.97536918,5.625,50.94109637,5.625,174.5505265,-5.625,-99.42653399,5.625,191.8010907,-1.875,-89.08108563,1.875,201.4514861,-5.625,162.6102868,-1.875,-13.58454612,-1.875,99.87273669,1.875,62.37318625,-1.875,188.2678102,-5.625,185.279836,1.875,59.87942605,1.875,241.019893,-1.875,86.79824785,1.875,63.93967081,5.625,72.72446482,1.875,76.55199625,-1.875,201.0430074,1.875,150.9600902,5.625,205.7916829,-1.875,100.7447552,-1.875,214.4757853,-5.625,273.5332104,1.875,286.567952,1.875,299.6971917,1.875,262.3600972,5.625,121.2362068,5.625,236.2800274,1.875,218.0106415,1.875,-38.60716577,-5.625,255.3637611,1.875,-82.28197485,5.625,-59.2531863,5.625,239.8262617,-5.625,283.6337073,5.625,41.69144946,1.875,-71.89544641,1.875,223.9027926,-1.875,275.6763176,-5.625,141.4128028,1.875,-0.613509129,5.625,-31.74114079,5.625,-65.34796861,-5.625,-1.816336334,-5.625,30.71333137,-1.875,299.4770107,-1.875,6.867310599,1.875,99.11283457,5.625
75.91894289,5.625,49.91616261,5.625,175.5676775,-5.625,300,5.625,192.8303305,-1.875,-90.0860768,1.875,202.5369983,-5.625,164.2516011,-1.875,-11.6642027,-1.875,98.79610198,1.875,63.39001328,-1.875,189.318586,-5.625,184.2296955,1.875,58.80035604,1.875,242.051461,-1.875,85.78713335,1.875,63.0377291,5.625,71.77488322,1.875,77.6024374,-1.875,200.0264714,1.875,149.4844475,5.625,206.8549472,-1.875,102.0578066,-1.875,215.4952371,-5.625,272.4532457,1.875,285.5225461,1.875,298.6852388,1.875,261.1459067,5.625,120.1473204,5.625,235.2322568,1.875,217.1974126,1.875,-37.46880445,-5.625,254.3495192,1.875,-83.36349041,5.625,-60.30009336,5.625,240.8794144,-5.625,282.5652197,5.625,40.67804788,1.875,-72.96556101,1.875,225.0012062,-1.875,276.7642852,-5.625,140.1001271,1.875,-1.692583872,5.625,-32.75454683,5.625,-64.34621065,-5.625,-0.393384687,-5.625,32.92881157,-1.875,326.6852388,1.875,5.820408137,1.875,98.09021393,5.625
75.04586332,5.625,48.89122885,5.625,176.5848285,-5.625,299.1452099,5.625,193.8595704,-1.875,-91.09106797,1.875,203.3525597,-5.625,165.8929154,-1.875,-9.743859281,-1.875,97.71946726,1.875,64.40684031,-1.875,190.3693618,-5.625,183.1795549,1.875,57.72128604,1.875,243.0830289,-1.875,84.77601886,1.875,61.94637963,5.625,70.82530161,1.875,78.65287854,-1.875,199.0099353,1.875,148.0088049,5.625,207.9182115,-1.875,103.370858,-1.875,216.5146888,-5.625,271.3732809,1.875,284.4771402,1.875,297.6732859,1.875,259.9317163,5.625,119.0584339,5.625,234.1844863,1.875,216.115005,1.875,-36.33044314,-5.625,253.3352773,1.875,-84.44500597,5.625,-61.34700041,5.625,241.932567,-5.625,281.4967322,5.625,39.6646463,1.875,-74.03567561,1.875,226.0996197,-1.875,277.8522528,-5.625,138.7874514,1.875,-2.771658616,5.625,-33.76795286,5.625,-63.34445269,-5.625,1.02956696,-5.625,35.14429176,-1.875,325.60929,1.875,4.773505675,1.875,97.06759328,5.625
73.98943704,5.625,47.86629509,5.625,177.6019795,-5.625,298.2904199,5.625,194.8888103,-1.875,-92.09605914,1.875,204.4380719,-5.625,167.5342297,-1.875,-7.823515861,-1.875,96.91057567,1.875,65.42366734,-1.875,191.2377716,-5.625,182.1294143,1.875,56.64221603,1.875,244.1145969,-1.875,83.76490437,1.875,60.85503017,5.625,69.78076185,1.875,79.70331969,-1.875,197.9933992,1.875,146.5331622,5.625,208.9814759,-1.875,104.6839095,-1.875,217.5341406,-5.625,270.2933161,1.875,283.4317343,1.875,296.661333,1.875,258.7175259,5.625,118.2403374,5.625,233.1367157,1.875,215.0325974,1.875,-35.19208182,-5.625,252.3210354,1.875,-85.52652152,5.625,-62.39390747,5.625,242.9857196,-5.625,280.4282446,5.625,38.65124471,1.875,-75.10579021,1.875,227.1980333,-1.875,278.9402203,-5.625,137.4747757,1.875,-3.582383442,5.625,-34.78135889,5.625,-62.34269473,-5.625,2.452518608,-5.625,37.35977195,-1.875,324.5333411,1.875,3.726603213,1.875,96.04497264,5.625
72.93301075,5.625,46.84136133,5.625,178.6191305,-5.625,297.4356298,5.625,195.9180502,-1.875,-93.10105031,1.875,205.5235841,-5.625,169.175544,-1.875,-5.903172442,-1.875,95.83394096,1.875,66.44049437,-1.875,192.2885474,-5.625,181.0792738,1.875,55.83149476,1.875,245.1461649,-1.875,82.75378987,1.875,59.95308846,5.625,68.73622208,1.875,80.75376084,-1.875,196.9768632,1.875,145.0575195,5.625,210.0447402,-1.875,105.9969609,-1.875,218.5535923,-5.625,269.4819226,1.875,282.3863284,1.875,295.6493801,1.875,257.5033355,5.625,117.1514509,5.625,232.0889451,1.875,213.9501898,1.875,-34.0537205,-5.625,251.3067935,1.875,-86.60803708,5.625,-63.44081453,5.625,244.0388722,-5.625,279.359757,5.625,37.63784313,1.875,-75.90978314,1.875,228.0232877,-1.875,280.0281879,-5.625,136.1621,1.875,-4.661458185,5.625,-35.79476492,5.625,-61.34093677,-5.625,3.875470255,-5.625,39.57525214,-1.875,323.4573923,1.875,2.679700751,1.875,95.022352,5.625
72.05993118,5.625,45.81642757,5.625,179.6362815,-5.625,296.4013339,5.625,196.9472901,-1.875,-94.10604148,1.875,206.6090964,-5.625,170.8168583,-1.875,-3.982829022,-1.875,94.75730624,1.875,67.4573214,-1.875,193.3393232,-5.625,180.0291332,1.875,54.75242476,1.875,246.1777328,-1.875,81.74267538,1.875,58.86173899,5.625,67.78664047,1.875,81.80420198,-1.875,195.9603271,1.875,143.5818768,5.625,210.8435864,-1.875,107.3100123,-1.875,219.573044,-5.625,268.4019578,1.875,281.5223566,1.875,294.6374271,1.875,256.2891451,5.625,116.0625645,5.625,231.0411746,1.875,213.1369609,1.875,-32.91535918,-5.625,250.2925516,1.875,-87.68955263,5.625,-64.48772159,5.625,245.0920249,-5.625,278.2912695,5.625,36.62444155,1.875,-76.97989774,1.875,229.1217013,-1.875,281.1161555,-5.625,134.8494242,1.875,-5.740532928,5.625,-36.80817096,5.625,-60.33917881,-5.625,5.298421902,-5.625,41.79073234,-1.875,322.3814434,1.875,1.632798289,1.875,93.99973135,5.625
71.00350489,5.625,44.79149381,5.625,180.6534325,-5.625,295.3670379,5.625,197.9765299,-1.875,-95.11103265,1.875,207.4246578,-5.625,172.4581726,-1.875,-2.062485603,-1.875,93.68067153,1.875,68.47414843,-1.875,194.3900991,-5.625,178.9789926,1.875,53.67335475,1.875,247.2093008,-1.875,80.73156089,1.875,57.77038952,5.625,66.74210071,1.875,82.85464313,-1.875,194.943791,1.875,142.1062342,5.625,211.9068508,-1.875,108.6230638,-1.875,220.5924958,-5.625,267.321993,1.875,280.4769507,1.875,293.6254742,1.875,255.0749547,5.625,114.973678,5.625,230.1752485,1.875,212.0545533,1.875,-31.77699787,-5.625,249.2783097,1.875,-88.77106819,5.625,-65.53462865,5.625,246.1451775,-5.625,277.2227819,5.625,35.61103996,1.875,-78.05001234,1.875,230.2201148,-1.875,282.2041231,-5.625,133.5367485,1.875,-6.819607671,5.625,-37.82157699,5.625,-59.33742085,-5.625,6.72137355,-5.625,44.00621253,-1.875,321.3054946,1.875,0.585895826,1.875,92.97711071,5.625
69.94707861,5.625,43.76656005,5.625,181.6705835,-5.625,294.332742,5.625,199.0057698,-1.875,-96.11602382,1.875,208.51017,-5.625,174.0994868,-1.875,-0.142142183,-1.875,92.87177994,1.875,69.49097546,-1.875,195.4408749,-5.625,177.9288521,1.875,52.59428475,1.875,248.2408688,-1.875,79.72044639,1.875,56.86844781,5.625,65.69756094,1.875,83.90508428,-1.875,193.927255,1.875,140.6305915,5.625,212.9701151,-1.875,109.9361152,-1.875,221.6119475,-5.625,266.2420283,1.875,279.4315448,1.875,292.6135213,1.875,253.8607643,5.625,114.1555815,5.625,229.1274779,1.875,210.9721457,1.875,-30.63863655,-5.625,248.2640678,1.875,-89.85258375,5.625,-66.58153571,5.625,247.1983301,-5.625,276.1542943,5.625,34.59763838,1.875,-79.12012694,1.875,231.3185284,-1.875,283.2920907,-5.625,132.2240728,1.875,-7.898682415,5.625,-38.83498302,5.625,-58.33566289,-5.625,8.144325197,-5.625,46.22169272,-1.875,320.2295457,1.875,-0.461006636,1.875,91.95449006,5.625
68.89065232,5.625,42.74162629,5.625,182.6877344,-5.625,293.298446,5.625,200.0350097,-1.875,-97.12101499,1.875,209.5956822,-5.625,175.7408011,-1.875,1.778201236,-1.875,91.79514523,1.875,70.50780249,-1.875,196.4916507,-5.625,176.8787115,1.875,51.78356348,1.875,249.2724367,-1.875,78.7093319,1.875,55.77709835,5.625,64.65302118,1.875,84.95552543,-1.875,192.9107189,1.875,139.1549488,5.625,214.0333795,-1.875,111.2491666,-1.875,222.6313993,-5.625,265.4306347,1.875,278.3861389,1.875,291.6015684,1.875,252.6465738,5.625,113.066695,5.625,228.0797074,1.875,209.8897381,1.875,-29.50027523,-5.625,247.2498259,1.875,-90.9340993,5.625,-67.62844276,5.625,248.2514827,-5.625,275.0858068,5.625,33.5842368,1.875,-80.19024153,1.875,232.1437828,-1.875,284.3800583,-5.625,130.9113971,1.875,-8.709407241,5.625,-39.84838905,5.625,-57.33390493,-5.625,9.567276844,-5.625,48.43717292,-1.875,319.1535969,1.875,-1.507909098,1.875,90.93186942,5.625
67.83422604,5.625,41.71669253,5.625,183.7048854,-5.625,292.26415,5.625,201.0642496,-1.875,-98.12600616,1.875,210.6811944,-5.625,177.3821154,-1.875,3.698544656,-1.875,90.71851051,1.875,71.52462952,-1.875,197.5424265,-5.625,175.8285709,1.875,50.70449347,1.875,250.3040047,-1.875,77.69821741,1.875,54.68574888,5.625,63.70343957,1.875,86.00596657,-1.875,191.8941828,1.875,137.6793062,5.625,215.0966438,-1.875,112.5622181,-1.875,223.650851,-5.625,264.35067,1.875,277.5221671,1.875,290.5896155,1.875,251.4323834,5.625,111.9778086,5.625,227.0319368,1.875,209.0765093,1.875,-28.36191391,-5.625,246.235584,1.875,-92.01561486,5.625,-68.67534982,5.625,249.3046354,-5.625,274.0173192,5.625,32.57083521,1.875,-80.99423447,1.875,233.2421964,-1.875,285.4680259,-5.625,129.5987214,1.875,-9.788481984,5.625,-40.86179509,5.625,-56.33214697,-5.625,10.99022849,-5.625,50.65265311,-1.875,318.077648,1.875,-2.55481156,1.875,89.90924878,5.625
66.77779975,5.625,40.69175877,5.625,184.7220364,-5.625,291.2298541,5.625,202.0934895,-1.875,-99.13099733,1.875,211.4967558,-5.625,179.0234297,-1.875,5.618888075,-1.875,89.6418758,1.875,72.54145655,-1.875,198.5932024,-5.625,174.7784304,1.875,49.62542347,1.875,251.3355727,-1.875,76.68710291,1.875,53.78380717,5.625,62.75385797,1.875,87.05640772,-1.875,190.8776468,1.875,136.2036635,5.625,216.1599081,-1.875,113.8752695,-1.875,224.6703027,-5.625,263.2707052,1.875,276.4767612,1.875,289.5776626,1.875,250.218193,5.625,110.8889221,5.625,226.1660107,1.875,207.9941017,1.875,-27.22355259,-5.625,245.2213421,1.875,-93.09713042,5.625,-69.72225688,5.625,250.357788,-5.625,272.9488317,5.625,31.55743363,1.875,-82.06434907,1.875,234.3406099,-1.875,286.5559935,-5.625,128.2860457,1.875,-10.86755673,5.625,-41.87520112,5.625,-55.33038901,-5.625,12.41318014,-5.625,51.46611473,-1.875,317.0016992,1.875,-3.601714022,1.875,88.88662813,5.625
65.90472018,5.625,39.66682501,5.625,185.7391874,-5.625,290.1955581,5.625,203.1227293,-1.875,-100,-1.875,212.582268,-5.625,180.664744,-1.875,7.539231495,-1.875,88.83298421,1.875,73.55828358,-1.875,199.4616121,-5.625,173.7282898,1.875,48.54635346,1.875,252.3671407,-1.875,75.67598842,1.875,52.6924577,5.625,61.7093182,1.875,88.10684887,-1.875,189.8611107,1.875,134.7280208,5.625,217.2231725,-1.875,115.1883209,-1.875,225.6897545,-5.625,262.1907404,1.875,275.4313552,1.875,288.5657096,1.875,249.0040026,5.625,109.8000356,5.625,225.1182402,1.875,206.9116941,1.875,-26.08519128,-5.625,244.2071002,1.875,-94.17864597,5.625,-70.76916394,5.625,251.4109406,-5.625,271.8803441,5.625,30.54403205,1.875,-83.13446367,1.875,235.4390235,-1.875,287.643961,-5.625,126.97337,1.875,-11.94663147,5.625,-42.88860715,5.625,-54.32863105,-5.625,13.83613179,-5.625,52.54883216,-1.875,315.9257503,1.875,-4.648616484,1.875,87.86400749,5.625
64.8482939,5.625,38.64189125,5.625,186.7563384,-5.625,289.1612621,5.625,204.1519692,-1.875,-98.98904497,-1.875,213.6677802,-5.625,182.3060583,-1.875,9.459574915,-1.875,87.75634949,1.875,74.57511061,-1.875,200.5123879,-5.625,172.6781492,1.875,47.46728346,1.875,253.3987086,-1.875,74.66487393,1.875,51.60110824,5.625,60.66477844,1.875,89.15729001,-1.875,188.8445746,1.875,133.2523781,5.625,218.2864368,-1.875,116.5013724,-1.875,226.7092062,-5.625,261.3793469,1.875,274.3859493,1.875,287.5537567,1.875,247.7898122,5.625,108.9819391,5.625,224.0704696,1.875,205.8292865,1.875,-24.94682996,-5.625,243.1928583,1.875,-95.26016153,5.625,-71.816071,5.625,252.4640932,-5.625,270.8118565,5.625,29.53063046,1.875,-84.20457826,1.875,236.2642779,-1.875,288.7319286,-5.625,125.6606943,1.875,-12.7573563,5.625,-43.90201318,5.625,-53.32687309,-5.625,15.25908343,-5.625,53.63154958,-1.875,314.8498015,1.875,-5.695518946,1.875,86.84138685,5.625
63.79186761,5.625,37.61695749,5.625,187.7734894,-5.625,288.1269662,5.625,205.1812091,-1.875,-97.97808994,-1.875,214.7532924,-5.625,183.9473726,-1.875,11.37991833,-1.875,86.67971478,1.875,75.59193764,-1.875,201.5631638,-5.625,171.6280087,1.875,46.65656219,1.875,254.4302766,-1.875,73.65375943,1.875,50.69916653,5.625,59.62023867,1.875,90.20773116,-1.875,187.8280386,1.875,131.7767355,5.625,219.0852831,-1.875,117.8144238,-1.875,227.728658,-5.625,260.2993821,1.875,273.3405434,1.875,286.5418038,1.875,246.5756218,5.625,107.8930527,5.625,223.022699,1.875,204.7468789,1.875,-23.80846864,-5.625,242.1786164,1.875,-96.34167708,5.625,-72.86297806,5.625,253.5172459,-5.625,269.743369,5.625,28.51722888,1.875,-85.27469286,1.875,237.3626914,-1.875,289.8198962,-5.625,124.3480186,1.875,-13.83643104,5.625,-44.91541922,5.625,-52.32511513,-5.625,16.68203508,-5.625,54.4450112,-1.875,313.7738526,1.875,-6.742421409,1.875,85.8187662,5.625
62.73544133,5.625,36.59202373,5.625,188.7906404,-5.625,287.0926702,5.625,206.210449,-1.875,-96.96713491,-1.875,215.5688538,-5.625,185.5886869,-1.875,13.30026175,-1.875,85.60308007,1.875,76.60876467,-1.875,202.6139396,-5.625,170.5778681,1.875,45.57749218,1.875,255.4618446,-1.875,72.64264494,1.875,49.60781706,5.625,58.67065706,1.875,91.25817231,-1.875,186.8115025,1.875,130.3010928,5.625,220.1485474,-1.875,119.1274752,-1.875,228.7481097,-5.625,259.2194173,1.875,272.2951375,1.875,285.5298509,1.875,245.3614314,5.625,106.8041662,5.625,221.9749285,1.875,203.93365,1.875,-22.67010732,-5.625,241.1643745,1.875,-97.42319264,5.625,-73.90988511,5.625,254.5703985,-5.625,268.6748814,5.625,27.5038273,1.875,-86.34480746,1.875,238.461105,-1.875,290.9078638,-5.625,123.0353429,1.875,-14.91550578,5.625,-45.92882525,5.625,-51.32335717,-5.625,18.10498673,-5.625,55.52772862,-1.875,312.6979038,1.875,-7.789323871,1.875,84.79614556,5.625
61.67901504,5.625,35.56708997,5.625,189.8077914,-5.625,286.0583743,5.625,207.2396889,-1.875,-95.95617988,-1.875,216.654366,-5.625,187.2300012,-1.875,15.22060517,-1.875,84.79418847,1.875,77.6255917,-1.875,203.4823494,-5.625,169.5277275,1.875,44.49842218,1.875,256.4934125,-1.875,71.63153045,1.875,48.51646759,5.625,57.6261173,1.875,92.30861346,-1.875,185.7949664,1.875,128.8254501,5.625,221.2118117,-1.875,120.4405267,-1.875,229.7675614,-5.625,258.1394525,1.875,271.2497316,1.875,284.517898,1.875,244.1472409,5.625,105.7152797,5.625,220.9271579,1.875,202.8512424,1.875,-21.531746,-5.625,240.1501326,1.875,-98.5047082,5.625,-74.95679217,5.625,255.6235511,-5.625,267.6063938,5.625,26.49042571,1.875,-87.41492206,1.875,239.5595186,-1.875,291.9958314,-5.625,121.7226672,1.875,-15.99458053,5.625,-46.94223128,5.625,-50.32159921,-5.625,19.52793838,-5.625,56.61044605,-1.875,311.6219549,1.875,-8.836226333,1.875,83.77352492,5.625
60.62258876,5.625,34.54215621,5.625,190.8249424,-5.625,285.0240783,5.625,208.2689287,-1.875,-94.94522485,-1.875,217.7398782,-5.625,188.8713155,-1.875,17.14094859,-1.875,83.71755376,1.875,78.64241873,-1.875,204.5331252,-5.625,168.477587,1.875,43.41935217,1.875,257.5249805,-1.875,70.62041595,1.875,47.61452588,5.625,56.58157753,1.875,93.3590546,-1.875,184.7784304,1.875,127.3498075,5.625,222.2750761,-1.875,121.7535781,-1.875,230.7870132,-5.625,257.328059,1.875,270.2043257,1.875,283.5059451,1.875,242.9330505,5.625,104.8971832,5.625,219.8793874,1.875,201.7688348,1.875,-20.39338469,-5.625,239.1358907,1.875,-99.58622375,5.625,-76.00369923,5.625,256.6767037,-5.625,266.5379063,5.625,25.47702413,1.875,-88.48503666,1.875,240.384773,-1.875,293.083799,-5.625,120.4099915,1.875,-16.80530535,5.625,-47.95563731,5.625,-49.31984125,-5.625,20.95089002,-5.625,57.69316347,-1.875,310.5460061,1.875,-9.883128795,1.875,82.75090427,5.625
59.56616247,5.625,33.51722245,5.625,191.8420934,-5.625,283.9897823,5.625,209.2981686,-1.875,-93.93426983,-1.875,218.8253905,-5.625,190.5126298,-1.875,19.06129201,-1.875,82.64091905,1.875,79.65924576,-1.875,205.583901,-5.625,167.4274464,1.875,42.6086309,1.875,258.5565485,-1.875,69.60930146,1.875,46.52317642,5.625,55.53703777,1.875,94.40949575,-1.875,183.7618943,1.875,125.8741648,5.625,223.3383404,-1.875,123.0666295,-1.875,231.8064649,-5.625,256.2480942,1.875,269.3403539,1.875,282.4939921,1.875,241.7188601,5.625,103.8082968,5.625,218.8316168,1.875,200.6864272,1.875,-19.25502337,-5.625,238.1216488,1.875,-100,-5.625,-77.05060629,5.625,257.7298564,-5.625,265.4694187,5.625,24.46362255,1.875,-89.55515125,1.875,241.4831865,-1.875,294.1717666,-5.625,119.0973158,1.875,-17.8843801,5.625,-48.96904334,5.625,-48.31808329,-5.625,22.37384167,-5.625,58.50662509,-1.875,309.4700572,1.875,-10.93003126,1.875,81.72828363,5.625
58.50973619,5.625,32.49228869,5.625,192.8592444,-5.625,282.9554864,5.625,210.3274085,-1.875,-92.9233148,-1.875,219.6409519,-5.625,192.1539441,-1.875,20.98163543,-1.875,81.56428434,1.875,80.67607279,-1.875,206.6346768,-5.625,166.3773058,1.875,41.5295609,1.875,259.5881164,-1.875,68.59818697,1.875,45.43182695,5.625,54.58745616,1.875,95.4599369,-1.875,182.7453582,1.875,124.3985221,5.625,224.4016048,-1.875,124.379681,-1.875,232.8259167,-5.625,255.1681295,1.875,268.294948,1.875,281.4820392,1.875,240.5046697,5.625,102.7194103,5.625,217.7838462,1.875,199.8731983,1.875,-18.11666205,-5.625,237.1074069,1.875,-98.03214472,-5.625,-78.09751335,5.625,258.783009,-5.625,264.4009311,5.625,23.45022096,1.875,-90.62526585,1.875,242.5816001,-1.875,295.2597342,-5.625,117.7846401,1.875,-18.96345484,5.625,-49.98244938,5.625,-47.31632533,-5.625,23.79679332,-5.625,59.58934251,-1.875,308.3941084,1.875,-11.97693372,1.875,80.70566299,5.625
57.45330991,5.625,31.46735493,5.625,193.8763954,-5.625,281.9211904,5.625,211.3566484,-1.875,-91.91235977,-1.875,220.7264641,-5.625,193.7952584,-1.875,22.90197885,-1.875,80.75539274,1.875,81.69289982,-1.875,207.6854527,-5.625,165.3271653,1.875,40.45049089,1.875,260.6196844,-1.875,67.58707247,1.875,44.52988524,5.625,53.5429164,1.875,96.51037805,-1.875,181.7288222,1.875,122.9228794,5.625,225.4648691,-1.875,125.6927324,-1.875,233.8453684,-5.625,254.0881647,1.875,267.2495421,1.875,280.4700863,1.875,239.2904793,5.625,101.6305238,5.625,216.9179201,1.875,198.7907907,1.875,-16.97830073,-5.625,236.093165,1.875,-96.06428943,-5.625,-79.14442041,5.625,259.8361616,-5.625,263.3324436,5.625,22.43681938,1.875,-91.69538045,1.875,243.6800137,-1.875,296.3477017,-5.625,116.4719643,1.875,-20.04252958,5.625,-50.99585541,5.625,-46.31456737,-5.625,25.21974496,-5.625,60.67205994,-1.875,307.3181595,1.875,-13.02383618,1.875,79.68304234,5.625
56.58023033,5.625,30.44242117,5.625,194.8935464,-5.625,280.8868944,5.625,212.3858883,-1.875,-90.90140474,-1.875,221.8119763,-5.625,195.4365726,-1.875,24.82232227,-1.875,79.67875803,1.875,82.70972685,-1.875,208.7362285,-5.625,164.2770247,1.875,39.37142089,1.875,261.6512524,-1.875,66.57595798,1.875,43.43853577,5.625,52.49837663,1.875,97.56081919,-1.875,180.7122861,1.875,121.4472368,5.625,226.5281334,-1.875,127.0057838,-1.875,234.8648201,-5.625,253.2767712,1.875,266.2041362,1.875,279.4581334,1.875,238.0762889,5.625,100.8124273,5.625,215.8701496,1.875,197.7083831,1.875,-15.83993942,-5.625,235.0789231,1.875,-94.09643415,-5.625,-80.19132746,5.625,260.8893142,-5.625,262.263956,5.625,21.4234178,1.875,-92.76549505,1.875,244.5052681,-1.875,297.4356693,-5.625,115.1592886,1.875,-20.85325441,5.625,-52.00926144,5.625,-45.31280941,-5.625,26.64269661,-5.625,61.75477736,-1.875,306.2422107,1.875,-14.07073864,1.875,78.6604217,5.625
55.52380405,5.625,29.41748741,5.625,195.9106974,-5.625,279.8525985,5.625,213.4151281,-1.875,-89.89044971,-1.875,222.8974885,-5.625,197.0778869,-1.875,26.74266569,-1.875,78.60212332,1.875,83.72655389,-1.875,209.7870043,-5.625,163.2268841,1.875,38.56069962,1.875,262.6828203,-1.875,65.56484349,1.875,42.53659406,5.625,51.45383686,1.875,98.61126034,-1.875,179.69575,1.875,119.9715941,5.625,227.3269797,-1.875,128.3188353,-1.875,235.8842719,-5.625,252.1968064,1.875,265.3401644,1.875,278.4461805,1.875,236.8620985,5.625,99.72354087,5.625,214.822379,1.875,196.6259755,1.875,-14.7015781,-5.625,234.0646812,1.875,-92.12857886,-5.625,-81.23823452,5.625,261.9424669,-5.625,261.1954684,5.625,20.41001621,1.875,-93.83560965,1.875,245.6036816,-1.875,298.5236369,-5.625,113.8466129,1.875,-21.93232915,5.625,-53.02266747,5.625,-44.31105145,-5.625,28.06564826,-5.625,62.56823898,-1.875,305.1662618,1.875,-15.11764111,1.875,77.63780106,5.625
54.65072447,5.625,28.39255365,5.625,196.9278484,-5.625,278.8183025,5.625,214.444368,-1.875,-88.87949468,-1.875,223.7130499,-5.625,198.7192012,-1.875,28.66300911,-1.875,77.52548861,1.875,84.74338092,-1.875,210.8377801,-5.625,162.1767436,1.875,37.48162961,1.875,263.7143883,-1.875,64.55372899,1.875,41.4452446,5.625,50.50425526,1.875,99.66170149,-1.875,178.679214,1.875,118.4959514,5.625,228.390244,-1.875,129.6318867,-1.875,236.9037236,-5.625,251.1168416,1.875,264.2947585,1.875,277.4342276,1.875,235.647908,5.625,98.63465441,5.625,213.7746085,1.875,195.8127467,1.875,-13.56321678,-5.625,233.0504393,1.875,-90.16072358,-5.625,-82.28514158,5.625,262.9956195,-5.625,260.1269809,5.625,19.39661463,1.875,-94.90572424,1.875,246.7020952,-1.875,299.6116045,-5.625,112.5339372,1.875,-23.01140389,5.625,-54.03607351,5.625,-43.30929349,-5.625,29.48859991,-5.625,63.6509564,-1.875,304.090313,1.875,-16.16454357,1.875,76.61518041,5.625
53.59429819,5.625,27.36761989,5.625,197.9449994,-5.625,277.7840066,5.625,215.4736079,-1.875,-87.86853965,-1.875,224.7985621,-5.625,200.3605155,-1.875,30.58335253,-1.875,76.71659701,1.875,85.76020795,-1.875,211.7061899,-5.625,161.126603,1.875,36.40255961,1.875,264.7459563,-1.875,63.5426145,1.875,40.35389513,5.625,49.45971549,1.875,100.7121426,-1.875,177.6626779,1.875,117.0203088,5.625,229.4535083,-1.875,130.9449381,-1.875,237.9231754,-5.625,250.0368768,1.875,263.2493525,1.875,276.4222746,1.875,234.4337176,5.625,97.54576795,5.625,212.9086824,1.875,194.7303391,1.875,-12.42485546,-5.625,232.0361974,1.875,-88.19286829,-5.625,-83.33204864,5.625,264.0487721,-5.625,259.0584933,5.625,18.38321305,1.875,-95.97583884,1.875,247.8005088,-1.875,-115.8685397,-1.875,111.2212615,1.875,-24.09047864,5.625,-55.04947954,5.625,-42.30753553,-5.625,30.91155155,-5.625,64.73367383,-1.875,303.0143641,1.875,-17.21144603,1.875,75.59255977,5.625
52.5378719,5.625,26.34268613,5.625,198.9621504,-5.625,276.7497106,5.625,216.5028478,-1.875,-86.85758462,-1.875,225.8840743,-5.625,202.0018298,-1.875,32.50369595,-1.875,75.6399623,1.875,86.77703498,-1.875,212.7569657,-5.625,160.0764624,1.875,35.3234896,1.875,265.7775242,-1.875,62.53150001,1.875,39.45195342,5.625,48.41517573,1.875,101.7625838,-1.875,176.6461418,1.875,115.5446661,5.625,230.5167727,-1.875,132.2579896,-1.875,238.9426271,-5.625,248.956912,1.875,262.2039466,1.875,275.4103217,1.875,233.2195272,5.625,96.72767143,5.625,211.8609118,1.875,193.6479315,1.875,-11.28649414,-5.625,231.0219554,1.875,-86.22501301,-5.625,-84.3789557,5.625,265.1019247,-5.625,257.9900057,5.625,17.36981146,1.875,-97.04595344,1.875,248.6257632,-1.875,-113.6062012,-1.875,109.9085858,1.875,-24.90120346,5.625,-56.06288557,5.625,-41.30577757,-5.625,32.3345032,-5.625,65.81639125,-1.875,301.9384153,1.875,-18.25834849,1.875,74.56993913,5.625
51.48144562,5.625,25.31775237,5.625,199.9793014,-5.625,275.7154146,5.625,217.5320877,-1.875,-85.84662959,-1.875,226.9695865,-5.625,203.6431441,-1.875,34.42403937,-1.875,74.56332759,1.875,87.79386201,-1.875,213.8077415,-5.625,159.0263219,1.875,34.51276834,1.875,266.8090922,-1.875,61.52038551,1.875,38.36060395,5.625,47.37063596,1.875,102.8130249,-1.875,175.6296058,1.875,114.0690234,5.625,231.580037,-1.875,133.571041,-1.875,239.9620788,-5.625,248.1455185,1.875,261.1585407,1.875,274.3983688,1.875,232.0053368,5.625,95.63878497,5.625,210.8131413,1.875,192.5655239,1.875,-10.14813283,-5.625,230.0077135,1.875,-84.25715772,-5.625,-85.42586275,5.625,266.1550774,-5.625,256.9215182,5.625,16.35640988,1.875,-98.11606804,1.875,249.7241767,-1.875,-111.3438628,-1.875,108.5959101,1.875,-25.98027821,5.625,-57.0762916,5.625,-40.30401961,-5.625,33.75745485,-5.625,66.62985287,-1.875,300.8624664,1.875,-19.30525095,1.875,73.54731848,5.625
50.42501933,5.625,24.29281861,5.625,200.9964524,-5.625,274.6811187,5.625,218.5613275,-1.875,-84.83567456,-1.875,227.7851479,-5.625,205.2844584,-1.875,36.34438279,-1.875,73.48669287,1.875,88.81068904,-1.875,214.8585174,-5.625,157.9761813,1.875,33.43369833,1.875,267.8406602,-1.875,60.50927102,1.875,37.26925448,5.625,46.42105436,1.875,103.8634661,-1.875,174.6130697,1.875,112.5933807,5.625,232.6433014,-1.875,134.8840924,-1.875,240.9815306,-5.625,247.0655537,1.875,260.1131348,1.875,273.3864159,1.875,230.7911464,5.625,94.54989851,5.625,209.7653707,1.875,191.752295,1.875,-9.009771508,-5.625,228.9934716,1.875,-82.28930244,-5.625,-86.47276981,5.625,267.20823,-5.625,255.8530306,5.625,15.3430083,1.875,-99.18618263,1.875,250.8225903,-1.875,-109.0815244,-1.875,107.2832344,1.875,-27.05935295,5.625,-58.08969764,5.625,-39.30226165,-5.625,35.1804065,-5.625,67.7125703,-1.875,299.7865176,1.875,-20.35215342,1.875,72.52469784,5.625
49.36859305,5.625,23.26788485,5.625,202.0136034,-5.625,273.6468227,5.625,219.5905674,-1.875,-83.82471953,-1.875,228.8706601,-5.625,206.9257727,-1.875,38.26472621,-1.875,72.67780128,1.875,89.82751607,-1.875,215.7269271,-5.625,156.9260407,1.875,32.35462832,1.875,268.8722282,-1.875,59.49815653,1.875,36.36731278,5.625,45.47147275,1.875,104.9139072,-1.875,173.5965336,1.875,111.1177381,5.625,233.7065657,-1.875,136.1971439,-1.875,242.0009823,-5.625,245.985589,1.875,259.0677289,1.875,272.374463,1.875,229.576956,5.625,93.46101205,5.625,208.7176001,1.875,190.6698874,1.875,-7.87141019,-5.625,227.9792297,1.875,-80.32144715,-5.625,-87.51967687,5.625,268.2613826,-5.625,254.7845431,5.625,14.32960671,1.875,300,5.625,251.9210039,-1.875,-106.8191859,-1.875,105.9705587,1.875,-28.13842769,5.625,-59.10310367,5.625,-38.30050369,-5.625,36.60335814,-5.625,68.79528772,-1.875,298.7105687,1.875,-21.39905588,1.875,71.5020772,5.625
48.31216677,5.625,22.24295109,5.625,203.0307544,-5.625,272.6125267,5.625,220.6198073,-1.875,-82.8137645,-1.875,229.9561723,-5.625,207.8315038,-1.875,40.18506963,-1.875,71.60116657,1.875,90.8443431,-1.875,216.777703,-5.625,155.8759002,1.875,31.27555832,1.875,269.9037961,-1.875,58.48704204,1.875,35.27596331,5.625,44.42693299,1.875,105.9643484,-1.875,172.5799976,1.875,109.6420954,5.625,234.76983,-1.875,137.5101953,-1.875,243.0204341,-5.625,244.9056242,1.875,258.022323,1.875,271.3625101,1.875,228.3627656,5.625,92.64291553,5.625,207.6698296,1.875,189.5874798,1.875,-6.733048873,-5.625,226.9649878,1.875,-78.35359187,-5.625,-88.56658393,5.625,269.3145352,-5.625,253.7160555,5.625,13.31620513,1.875,298.9322556,5.625,252.7462583,-1.875,-104.5568475,-1.875,104.657883,1.875,-28.94915252,5.625,-60.1165097,5.625,-37.29874573,-5.625,38.02630979,-5.625,69.87800514,-1.875,297.6346199,1.875,-22.44595834,1.875,70.47945655,5.625
47.25574048,5.625,21.21801733,5.625,204.0479054,-5.625,271.5782308,5.625,221.6490472,-1.875,-81.80280948,-1.875,231.0416846,-5.625,208.7372349,-1.875,42.10541305,-1.875,70.52453185,1.875,91.86117013,-1.875,217.8284788,-5.625,154.8257596,1.875,30.46483705,1.875,270.9353641,-1.875,57.47592754,1.875,34.18461384,5.625,43.38239322,1.875,107.0147895,-1.875,171.5634615,1.875,108.1664527,5.625,235.5686763,-1.875,138.8232467,-1.875,244.0398858,-5.625,244.0942307,1.875,256.9769171,1.875,270.3505571,1.875,227.1485752,5.625,91.55402907,5.625,206.622059,1.875,188.5050722,1.875,-5.594687555,-5.625,225.9507459,1.875,-76.38573658,-5.625,-89.61349099,5.625,270.3676879,-5.625,252.6475679,5.625,12.30280355,1.875,297.8645113,5.625,253.8446718,-1.875,-103.4803826,-1.875,103.3452073,1.875,-30.02822726,5.625,-61.12991573,5.625,-36.29698777,-5.625,39.44926144,-5.625,70.69146676,-1.875,296.558671,1.875,-23.4928608,1.875,69.45683591,5.625
46.1993142,5.625,20.19308357,5.625,205.0650564,-5.625,270.5439348,5.625,222.6782871,-1.875,-80.79185445,-1.875,231.857246,-5.625,209.642966,-1.875,44.02575647,-1.875,69.44789714,1.875,92.87799716,-1.875,218.8792546,-5.625,153.7756191,1.875,29.38576704,1.875,271.9669321,-1.875,56.46481305,1.875,33.28267213,5.625,42.43281161,1.875,108.0652307,-1.875,170.5469254,1.875,106.6908101,5.625,236.6319406,-1.875,140.1362982,-1.875,245.0593376,-5.625,243.0142659,1.875,256.1129453,1.875,269.3386042,1.875,225.9343847,5.625,90.46514261,5.625,205.5742885,1.875,187.6918433,1.875,-4.456326237,-5.625,224.936504,1.875,-74.4178813,-5.625,-90.66039805,5.625,271.4208405,-5.625,251.5790804,5.625,11.28940196,1.875,296.7967669,5.625,254.9430854,-1.875,-102.4039177,-1.875,102.0325316,1.875,-31.10730201,5.625,-62.14332177,5.625,-35.29522981,-5.625,40.87221309,-5.625,71.77418419,-1.875,295.4827222,1.875,-24.53976327,1.875,68.43421527,5.625
45.32623462,5.625,19.16814981,5.625,206.0822074,-5.625,269.5096389,5.625,223.7075269,-1.875,-79.78089942,-1.875,232.9427582,-5.625,210.7389006,-1.875,45.94609989,-1.875,68.63900555,1.875,93.89482419,-1.875,219.7476644,-5.625,152.7254785,1.875,28.30669704,1.875,272.9985,-1.875,55.45369856,1.875,32.19132267,5.625,41.38827185,1.875,109.1156718,-1.875,169.5303894,1.875,105.2151674,5.625,237.695205,-1.875,141.4493496,-1.875,246.0787893,-5.625,241.9343011,1.875,255.0675394,1.875,268.3266513,1.875,224.7201943,5.625,89.37625615,5.625,204.7083624,1.875,186.6094357,1.875,-3.317964919,-5.625,223.9222621,1.875,-72.45002601,-5.625,-91.7073051,5.625,272.4739931,-5.625,250.5105928,5.625,10.27600038,1.875,295.7290225,5.625,256.041499,-1.875,-101.3274528,-1.875,100.7198559,1.875,-32.18637675,5.625,-63.1567278,5.625,-34.29347185,-5.625,42.29516473,-5.625,72.85690161,-1.875,294.4067733,1.875,-25.58666573,1.875,67.41159462,5.625
44.26980834,5.625,18.14321605,5.625,207.0993584,-5.625,268.4753429,5.625,224.7367668,-1.875,-78.76994439,-1.875,234.0282704,-5.625,211.6446317,-1.875,47.86644331,-1.875,67.56237083,1.875,94.91165122,-1.875,220.7984402,-5.625,151.6753379,1.875,27.22762703,1.875,274.030068,-1.875,54.44258406,1.875,31.0999732,5.625,40.34373208,1.875,110.166113,-1.875,168.5138533,1.875,103.7395247,5.625,238.7584693,-1.875,142.762401,-1.875,247.098241,-5.625,240.8543363,1.875,254.0221335,1.875,267.3146984,1.875,223.5060039,5.625,88.55815964,5.625,203.6605918,1.875,185.5270281,1.875,-2.179603601,-5.625,222.9080202,1.875,-70.48217073,-5.625,-92.75421216,5.625,273.5271457,-5.625,249.4421052,5.625,9.262598796,1.875,294.6612782,5.625,256.8667534,-1.875,-100.2509879,-1.875,99.40718015,1.875,-32.99710158,5.625,-64.17013383,5.625,-33.29171389,-5.625,43.71811638,-5.625,73.93961903,-1.875,293.3308245,1.875,-26.63356819,1.875,66.38897398,5.625
43.21338205,5.625,17.11828229,5.625,208.1165094,-5.625,267.4410469,5.625,225.7660067,-1.875,-77.75898936,-1.875,235.1137826,-5.625,212.7405663,-1.875,49.78678673,-1.875,66.48573612,1.875,95.92847825,-1.875,221.849216,-5.625,150.6251974,1.875,26.41690577,1.875,275.061636,-1.875,53.43146957,1.875,30.19803149,5.625,39.29919232,1.875,111.2165541,-1.875,167.4973172,1.875,102.263882,5.625,239.8217336,-1.875,144.0754525,-1.875,248.1176928,-5.625,240.0429428,1.875,252.9767276,1.875,266.3027455,1.875,222.2918135,5.625,87.46927318,5.625,202.6128212,1.875,184.4446205,1.875,-1.041242283,-5.625,221.8937783,1.875,-68.51431544,-5.625,-93.80111922,5.625,274.5802984,-5.625,248.3736177,5.625,8.249197212,1.875,293.5935338,5.625,257.9651669,-1.875,-99.17452294,-1.875,98.09450445,1.875,-34.07617632,5.625,-65.18353986,5.625,-32.28995593,-5.625,45.14106803,-5.625,74.75308065,-1.875,292.2548756,1.875,-27.68047065,1.875,65.36635334,5.625
42.15695577,5.625,16.09334853,5.625,209.1336604,-5.625,266.406751,5.625,226.7952466,-1.875,-76.74803433,-1.875,236.1992948,-5.625,213.8365009,-1.875,51.70713014,-1.875,65.40910141,1.875,96.94530528,-1.875,222.8999918,-5.625,149.5750568,1.875,25.33783576,1.875,276.0932039,-1.875,52.42035508,1.875,29.10668202,5.625,38.34961071,1.875,112.2669953,-1.875,166.4807811,1.875,100.7882394,5.625,240.884998,-1.875,145.3885039,-1.875,249.1371445,-5.625,238.962978,1.875,252.1127557,1.875,265.2907926,1.875,221.0776231,5.625,86.38038671,5.625,201.5650507,1.875,183.6313917,1.875,0.097119035,-5.625,220.8795364,1.875,-66.54646016,-5.625,-94.84802628,5.625,275.633451,-5.625,247.3051301,5.625,7.235795629,1.875,292.5257894,5.625,259.0635805,-1.875,-98.09805802,-1.875,96.78182874,1.875,-35.15525106,5.625,-66.1969459,5.625,-31.28819797,-5.625,46.56401967,-5.625,75.83579808,-1.875,291.1789268,1.875,-28.72737311,1.875,64.34373269,5.625
41.10052948,5.625,15.06841477,5.625,210.1508113,-5.625,265.372455,5.625,227.8244865,-1.875,-75.7370793,-1.875,237.0148562,-5.625,214.742232,-1.875,53.62747356,-1.875,64.60020981,1.875,97.96213231,-1.875,223.9507677,-5.625,148.5249162,1.875,24.25876575,1.875,277.1247719,-1.875,51.40924058,1.875,28.01533255,5.625,37.30507095,1.875,113.3174364,-1.875,165.4642451,1.875,99.31259671,5.625,241.9482623,-1.875,146.7015553,-1.875,250.1565963,-5.625,237.8830132,1.875,251.0673498,1.875,264.2788396,1.875,219.8634327,5.625,85.29150025,5.625,200.6991246,1.875,182.5489841,1.875,1.235480352,-5.625,219.8652945,1.875,-64.57860487,-5.625,-95.89493334,5.625,276.6866036,-5.625,246.2366425,5.625,6.222394046,1.875,291.4580451,5.625,260.1619941,-1.875,-97.02159311,-1.875,95.46915303,1.875,-36.23432581,5.625,-67.21035193,5.625,-30.28644001,-5.625,47.98697132,-5.625,76.9185155,-1.875,290.1029779,1.875,-29.77427558,1.875,63.32111205,5.625
40.0441032,5.625,14.04348101,5.625,211.1679623,-5.625,264.338159,5.625,228.8537263,-1.875,-74.72612427,-1.875,238.1003684,-5.625,215.8381667,-1.875,55.54781698,-1.875,63.5235751,1.875,98.97895934,-1.875,225.0015435,-5.625,147.4747757,1.875,23.17969575,1.875,278.1563399,-1.875,50.39812609,1.875,27.11339085,5.625,36.26053118,1.875,114.3678775,-1.875,164.447709,1.875,98.25855461,5.625,243.0115266,-1.875,148.0146068,-1.875,251.176048,-5.625,236.8030485,1.875,250.0219439,1.875,263.2668867,1.875,218.6492423,5.625,84.47340374,5.625,199.651354,1.875,181.4665765,1.875,2.37384167,-5.625,218.8510526,1.875,-62.61074959,-5.625,-96.9418404,5.625,277.7397562,-5.625,245.168155,5.625,5.208992462,1.875,290.3903007,5.625,260.9872485,-1.875,-95.94512819,-1.875,94.15647733,1.875,-37.04505063,5.625,-68.22375796,5.625,-29.28468206,-5.625,49.40992297,-5.625,78.00123292,-1.875,289.0270291,1.875,-30.82117804,1.875,62.29849141,5.625
39.17102363,5.625,13.01854725,5.625,212.1851133,-5.625,263.3038631,5.625,229.8829662,-1.875,-73.71516924,-1.875,239.1858806,-5.625,216.9341013,-1.875,56.59588745,-1.875,62.44694039,1.875,99.99578637,-1.875,226.0523193,-5.625,146.4246351,1.875,22.36897448,1.875,279.1879078,-1.875,49.3870116,1.875,26.02204138,5.625,35.21599141,1.875,115.4183187,-1.875,163.4311729,1.875,97.20451252,5.625,243.8103729,-1.875,149.3276582,-1.875,252.1954997,-5.625,235.9916549,1.875,248.976538,1.875,262.2549338,1.875,217.4350518,5.625,83.38451728,5.625,198.6035835,1.875,180.3841688,1.875,3.512202988,-5.625,217.8368107,1.875,-60.6428943,-5.625,-97.98874745,5.625,278.7929089,-5.625,244.0996674,5.625,4.195590879,1.875,289.3225563,5.625,262.085662,-1.875,-94.86866328,-1.875,92.84380162,1.875,-38.12412537,5.625,-69.23716399,5.625,-28.2829241,-5.625,50.83287462,-5.625,78.81469454,-1.875,287.9510802,1.875,-31.8680805,1.875,61.27587076,5.625
38.11459734,5.625,11.99361349,5.625,213.2022643,-5.625,262.2695671,5.625,230.9122061,-1.875,-72.70421421,-1.875,240.2713928,-5.625,217.8398324,-1.875,57.64395791,-1.875,61.37030568,1.875,101.0126134,-1.875,227.1030951,-5.625,145.3744945,1.875,21.28990448,1.875,280.2194758,-1.875,48.3758971,1.875,24.93069191,5.625,34.26640981,1.875,116.4687598,-1.875,162.4146369,1.875,96.15047042,5.625,244.8736372,-1.875,150.6407096,-1.875,253.2149515,-5.625,234.9116902,1.875,248.1125662,1.875,261.2429809,1.875,216.2208614,5.625,82.29563082,5.625,197.5558129,1.875,179.57094,1.875,4.650564306,-5.625,216.8225688,1.875,-58.67503902,-5.625,-99.03565451,5.625,279.8460615,-5.625,243.0311798,5.625,3.182189296,1.875,288.254812,5.625,263.1840756,-1.875,-93.79219836,-1.875,91.53112591,1.875,-39.20320012,5.625,-70.25057003,5.625,-27.28116614,-5.625,52.25582626,-5.625,79.89741197,-1.875,286.8751314,1.875,-32.91498296,1.875,60.25325012,5.625
37.05817106,5.625,10.96867973,5.625,214.2194153,-5.625,261.2352712,5.625,231.941446,-1.875,-71.69325918,-1.875,241.0869542,-5.625,218.935767,-1.875,58.69202838,-1.875,60.56141408,1.875,102.0294404,-1.875,228.153871,-5.625,144.324354,1.875,20.21083447,1.875,281.2510438,-1.875,47.36478261,1.875,24.0287502,5.625,33.3168282,1.875,117.519201,-1.875,161.3981008,1.875,95.09642833,5.625,245.9369016,-1.875,151.9537611,-1.875,254.2344032,-5.625,233.8317254,1.875,247.0671603,1.875,260.231028,1.875,215.006671,5.625,81.20674436,5.625,196.6898868,1.875,178.4885324,1.875,5.788925624,-5.625,215.8083269,1.875,-56.70718373,-5.625,-112.7157334,-1.875,280.8992141,-5.625,241.9626923,5.625,2.168787712,1.875,287.1870676,5.625,264.2824892,-1.875,-92.71573345,-1.875,90.21845021,1.875,-40.28227486,5.625,-71.26397606,5.625,-26.27940818,-5.625,53.67877791,-5.625,80.98012939,-1.875,285.7991825,1.875,-33.96188542,1.875,59.23062948,5.625
36.00174477,5.625,9.943745975,5.625,215.2365663,-5.625,260.2009752,5.625,232.9706859,-1.875,-70.68230415,-1.875,242.1724664,-5.625,220.0317016,-1.875,59.74009884,-1.875,59.48477937,1.875,103.0462675,-1.875,229.0222807,-5.625,143.2742134,1.875,19.13176446,1.875,282.2826118,-1.875,46.35366812,1.875,22.93740073,5.625,32.27228844,1.875,118.5696421,-1.875,160.3815647,1.875,94.04238623,5.625,247.0001659,-1.875,153.2668125,-1.875,255.253855,-5.625,232.7517606,1.875,246.0217544,1.875,259.2190751,1.875,213.7924806,5.625,80.38864784,5.625,195.6421163,1.875,177.4061248,1.875,6.927286942,-5.625,214.794085,1.875,-54.73932845,-5.625,-111.8545615,-1.875,281.9523667,-5.625,240.8942047,5.625,1.155386129,1.875,286.1193232,5.625,265.3809027,-1.875,-91.63926853,-1.875,88.9057745,1.875,-41.09299969,5.625,-72.27738209,5.625,-25.27765022,-5.625,55.10172956,-5.625,82.06284681,-1.875,284.7232337,1.875,-35.00878789,1.875,58.20800883,5.625
34.94531849,5.625,8.918812215,5.625,216.2537173,-5.625,259.1666792,5.625,233.9999257,-1.875,-69.67134913,-1.875,243.2579787,-5.625,220.9374327,-1.875,60.78816931,-1.875,58.40814466,1.875,104.0630945,-1.875,230.0730565,-5.625,142.2240728,1.875,18.3210432,1.875,283.3141797,-1.875,45.34255362,1.875,22.03545903,5.625,31.22774867,1.875,119.6200833,-1.875,159.3650287,1.875,92.98834414,5.625,248.0634302,-1.875,154.5798639,-1.875,256.2733067,-5.625,231.9403671,1.875,244.9763485,1.875,258.2071221,1.875,212.5782902,5.625,79.29976138,5.625,194.5943457,1.875,176.3237172,1.875,8.06564826,-5.625,213.7798431,1.875,-52.77147317,-5.625,-110.9933896,-1.875,283.0055194,-5.625,239.8257172,5.625,0.141984546,1.875,285.0515789,5.625,266.2061571,-1.875,-90.83050451,-1.875,87.59309879,1.875,-42.17207443,5.625,-73.29078812,5.625,-24.27589226,-5.625,56.52468121,-5.625,83.14556423,-1.875,283.6472848,1.875,-36.05569035,1.875,57.18538819,5.625
34.07223891,5.625,7.893878455,5.625,217.2708683,-5.625,258.1323833,5.625,235.0291656,-1.875,-68.6603941,-1.875,244.3434909,-5.625,222.0333674,-1.875,61.83623977,-1.875,57.33150995,1.875,105.0799215,-1.875,231.1238324,-5.625,141.1739323,1.875,17.24197319,1.875,284.3457477,-1.875,44.33143913,1.875,20.94410956,5.625,30.27816707,1.875,120.6705244,-1.875,158.3484926,1.875,91.93430205,5.625,249.1266946,-1.875,155.8929154,-1.875,257.2927584,-5.625,230.8604023,1.875,243.9309426,1.875,257.1951692,1.875,211.3640998,5.625,78.21087492,5.625,193.5465751,1.875,175.5104883,1.875,9.204009577,-5.625,212.7656012,1.875,-50.80361788,-5.625,-110.1322176,-1.875,284.058672,-5.625,238.7572296,5.625,-0.871417038,1.875,283.9838345,5.625,267.3045707,-1.875,-89.75403959,-1.875,86.28042309,1.875,-43.25114917,5.625,-74.30419415,5.625,-23.2741343,-5.625,57.94763285,-5.625,83.95902586,-1.875,282.571336,1.875,-37.10259281,1.875,56.16276755,5.625
33.01581263,5.625,6.868944696,5.625,218.2880193,-5.625,257.0980873,5.625,236.0584055,-1.875,-67.64943907,-1.875,245.1590523,-5.625,222.9390984,-1.875,62.88431024,-1.875,56.25487523,1.875,106.0967486,-1.875,232.1746082,-5.625,140.1237917,1.875,16.16290319,1.875,285.3773157,-1.875,43.32032464,1.875,19.85276009,5.625,29.2336273,1.875,121.7209656,-1.875,157.3319565,1.875,90.88025995,5.625,250.1899589,-1.875,157.2059668,-1.875,258.3122102,-5.625,229.7804375,1.875,242.8855367,1.875,256.1832163,1.875,210.1499094,5.625,77.12198846,5.625,192.4988046,1.875,174.4280807,1.875,10.3423709,-5.625,211.7513593,1.875,-49.736946,-5.625,-109.2710457,-1.875,285.1118246,-5.625,237.688742,5.625,-1.884818621,1.875,282.9160901,5.625,268.4029843,-1.875,-88.67757468,-1.875,84.96774738,1.875,-44.33022392,5.625,-75.31760019,5.625,-22.27237634,-5.625,59.3705845,-5.625,85.04174328,-1.875,281.4953871,1.875,-38.14949527,1.875,55.1401469,5.625
31.95938635,5.625,5.844010936,5.625,219.3051703,-5.625,256.0637913,5.625,237.0876454,-1.875,-66.63848404,-1.875,246.2445645,-5.625,224.0350331,-1.875,63.9323807,-1.875,55.44598364,1.875,107.1135756,-1.875,233.043018,-5.625,139.0736511,1.875,15.08383318,1.875,286.4088836,-1.875,42.30921014,1.875,18.95081838,5.625,28.18908754,1.875,122.7714067,-1.875,156.3154205,1.875,89.82621786,5.625,251.2532233,-1.875,158.5190182,-1.875,259.3316619,-5.625,228.7004727,1.875,241.8401308,1.875,255.1712634,1.875,208.9357189,5.625,76.30389194,5.625,191.451034,1.875,173.3456731,1.875,11.48073221,-5.625,210.7371174,1.875,-48.67027413,-5.625,-108.4098738,-1.875,286.1649772,-5.625,236.6202545,5.625,-2.898220204,1.875,281.8483458,5.625,269.5013978,-1.875,-87.60110976,-1.875,83.65507167,1.875,-45.14094874,5.625,-76.33100622,5.625,-21.27061838,-5.625,60.79353615,-5.625,86.1244607,-1.875,280.4194383,1.875,-39.19639774,1.875,54.11752626,5.625
30.90296006,5.625,4.819077176,5.625,220.3223213,-5.625,255.0294954,5.625,238.1168853,-1.875,-65.62752901,-1.875,247.3300767,-5.625,225.1309677,-1.875,64.98045116,-1.875,54.36934893,1.875,108.1304026,-1.875,234.0937938,-5.625,138.0235106,1.875,14.27311191,1.875,287.4404516,-1.875,41.29809565,1.875,17.85946892,5.625,27.14454777,1.875,123.8218479,-1.875,155.2988844,1.875,88.77217576,5.625,252.3164876,-1.875,159.8320697,-1.875,260.3511137,-5.625,227.8890792,1.875,240.7947249,1.875,254.1593105,1.875,207.7215285,5.625,75.21500548,5.625,190.4032635,1.875,172.2632655,1.875,12.61909353,-5.625,209.7228755,1.875,-47.60360225,-5.625,-107.5487019,-1.875,287.2181299,-5.625,235.5517669,5.625,-3.911621788,1.875,280.7806014,5.625,270.3266522,-1.875,-86.79234574,-1.875,82.34239596,1.875,-46.22002349,5.625,-77.34441225,5.625,-20.26886042,-5.625,62.2164878,-5.625,87.20717812,-1.875,279.3434894,1.875,-40.2433002,1.875,53.09490562,5.625
29.84653378,5.625,3.794143416,5.625,221.3394723,-5.625,253.9951994,5.625,239.1461252,-1.875,-64.61657398,-1.875,248.4155889,-5.625,226.0366988,-1.875,66.02852163,-1.875,53.29271421,1.875,109.1472296,-1.875,235.1445696,-5.625,136.97337,1.875,13.19404191,1.875,288.4720196,-1.875,40.28698116,1.875,16.76811945,5.625,26.19496617,1.875,124.872289,-1.875,154.2823483,1.875,87.71813367,5.625,253.3797519,-1.875,161.1451211,-1.875,261.3705654,-5.625,226.8091144,1.875,239.930753,1.875,253.1473576,1.875,206.5073381,5.625,74.12611902,5.625,189.3554929,1.875,171.4500367,1.875,13.75745485,-5.625,208.7086336,1.875,-46.53693038,-5.625,-106.6875299,-1.875,288.2712825,-5.625,234.4832793,5.625,-4.925023371,1.875,279.712857,5.625,271.4250658,-1.875,-85.71588082,-1.875,81.02972026,1.875,-47.29909823,5.625,-78.35781828,5.625,-19.26710246,-5.625,63.63943944,-5.625,88.02063975,-1.875,278.2675406,1.875,-41.29020266,1.875,52.07228497,5.625
28.79010749,5.625,2.769209656,5.625,222.3566233,-5.625,252.9609035,5.625,240.175365,-1.875,-63.60561895,-1.875,249.2311503,-5.625,227.1326334,-1.875,66.89469557,-1.875,52.2160795,1.875,110.1640567,-1.875,236.1953454,-5.625,135.9232294,1.875,12.1149719,1.875,289.5035875,-1.875,39.27586666,1.875,15.86617774,5.625,25.1504264,1.875,125.9227302,-1.875,153.2658123,1.875,86.66409157,5.625,254.4430163,-1.875,162.4581726,-1.875,262.3900171,-5.625,225.7291497,1.875,238.8853471,1.875,252.1354046,1.875,205.2931477,5.625,73.03723256,5.625,188.4895668,1.875,170.3676291,1.875,14.89581617,-5.625,207.6943917,1.875,-45.4702585,-5.625,-105.826358,-1.875,289.3244351,-5.625,233.4147918,5.625,-5.938424955,1.875,278.6451127,5.625,272.5234794,-1.875,-84.63941591,-1.875,79.71704455,1.875,-48.37817297,5.625,-79.37122432,5.625,-18.2653445,-5.625,65.06239109,-5.625,89.10335717,-1.875,277.1915917,1.875,-42.33710512,1.875,51.04966433,5.625
27.91702792,5.625,1.744275897,5.625,223.3737743,-5.625,251.9266075,5.625,241.2046049,-1.875,-62.59466392,-1.875,250.3166625,-5.625,228.228568,-1.875,67.94276603,-1.875,51.40718791,1.875,111.1808837,-1.875,237.2461213,-5.625,134.8730889,1.875,11.03590189,1.875,290.5351555,-1.875,38.26475217,1.875,14.77482827,5.625,24.10588663,1.875,126.9731713,-1.875,152.2492762,1.875,85.61004948,5.625,255.5062806,-1.875,163.771224,-1.875,263.4094689,-5.625,224.6491849,1.875,237.8399412,1.875,251.1234517,1.875,204.0789573,5.625,72.21913605,5.625,187.4417963,1.875,169.2852215,1.875,16.03417748,-5.625,206.6801498,1.875,-44.40358663,-5.625,-104.9651861,-1.875,290.3775877,-5.625,232.3463042,5.625,-6.951826538,1.875,277.5773683,5.625,273.6218929,-1.875,-83.56295099,-1.875,78.40436884,1.875,-49.1888978,5.625,-80.38463035,5.625,-17.26358654,-5.625,66.48534274,-5.625,90.18607459,-1.875,276.1156429,1.875,-43.38400758,1.875,50.02704369,5.625
26.86060163,5.625,0.719342137,5.625,224.3909253,-5.625,250.8923115,5.625,242.2338448,-1.875,-61.58370889,-1.875,251.4021747,-5.625,229.1342991,-1.875,68.9908365,-1.875,50.33055319,1.875,112.1977107,-1.875,238.2968971,-5.625,133.8229483,1.875,10.22518063,1.875,291.5667235,-1.875,37.25363768,1.875,13.6834788,5.625,23.06134687,1.875,128.0236125,-1.875,151.2327401,1.875,84.55600739,5.625,256.569545,-1.875,165.0842754,-1.875,264.4289206,-5.625,223.8377914,1.875,236.7945353,1.875,250.1114988,1.875,202.8647669,5.625,71.13024958,5.625,186.3940257,1.875,168.2028138,1.875,17.1725388,-5.625,205.6659079,1.875,-43.33691475,-5.625,-104.1040141,-1.875,291.4307404,-5.625,231.2778166,5.625,-7.965228121,1.875,276.5096239,5.625,274.4471473,-1.875,-82.75418697,-1.875,77.09169314,1.875,-50.26797254,5.625,-81.39803638,5.625,-16.26182858,-5.625,67.90829438,-5.625,91.26879201,-1.875,275.039694,1.875,-44.43091005,1.875,49.00442304,5.625
25.80417535,5.625,-0.305591623,5.625,225.4080763,-5.625,249.8580156,5.625,243.2630847,-1.875,-60.57275386,-1.875,252.4876869,-5.625,230.2302338,-1.875,70.03890696,-1.875,49.25391848,1.875,113.2145378,-1.875,239.3476729,-5.625,132.7728077,1.875,9.146110622,1.875,292.5982914,-1.875,36.24252318,1.875,12.7815371,5.625,22.11176526,1.875,129.0740536,-1.875,150.2162041,1.875,83.50196529,5.625,257.3683912,-1.875,166.3973269,-1.875,265.4483724,-5.625,222.7578266,1.875,235.9305635,1.875,249.0995459,1.875,201.6505765,5.625,70.04136312,5.625,185.3462551,1.875,167.389585,1.875,18.31090012,-5.625,204.651666,1.875,-42.27024288,-5.625,-103.2428422,-1.875,292.483893,-5.625,230.2093291,5.625,-8.978629705,1.875,275.4418796,5.625,275.5455609,-1.875,-81.67772206,-1.875,75.77901743,1.875,-51.34704729,5.625,-82.41144241,5.625,-15.26007062,-5.625,69.33124603,-5.625,92.08225364,-1.875,273.9637452,1.875,-45.47781251,1.875,47.9818024,5.625
24.74774906,5.625,-1.330525383,5.625,226.4252273,-5.625,248.8237196,5.625,244.2923246,-1.875,-59.56179883,-1.875,253.3032483,-5.625,231.3261684,-1.875,71.08697743,-1.875,48.17728377,1.875,114.2313648,-1.875,240.3984487,-5.625,131.7226672,1.875,8.067040616,1.875,293.6298594,-1.875,35.23140869,1.875,11.69018763,5.625,21.16218366,1.875,130.1244948,-1.875,149.199668,1.875,82.4479232,5.625,258.4316555,-1.875,167.7103783,-1.875,266.4678241,-5.625,221.6778618,1.875,234.8851576,1.875,248.087593,1.875,200.436386,5.625,68.95247666,5.625,184.4803291,1.875,166.3071774,1.875,19.44926144,-5.625,203.6374241,1.875,-41.203571,-5.625,-102.3816703,-1.875,293.5370456,-5.625,229.1408415,5.625,-9.992031288,1.875,274.3741352,5.625,276.6439745,-1.875,-80.60125714,-1.875,74.46634172,1.875,-52.42612203,5.625,-83.42484845,5.625,-14.25831266,-5.625,70.75419768,-5.625,93.16497106,-1.875,272.8877963,1.875,-46.52471497,1.875,46.95918176,5.625
23.69132278,5.625,-2.355459143,5.625,227.4423783,-5.625,247.7894237,5.625,245.3215644,-1.875,-58.5508438,-1.875,254.3887605,-5.625,232.2318995,-1.875,72.13504789,-1.875,47.36839217,1.875,115.2481918,-1.875,241.2668585,-5.625,130.6725266,1.875,6.98797061,1.875,294.6614274,-1.875,34.2202942,1.875,10.59883816,5.625,20.11764389,1.875,131.1749359,-1.875,148.1831319,1.875,81.3938811,5.625,259.4949199,-1.875,169.0234297,-1.875,267.4872758,-5.625,220.597897,1.875,233.8397517,1.875,247.0756401,1.875,199.2221956,5.625,68.13438015,5.625,183.4325585,1.875,165.2247698,1.875,20.58762276,-5.625,202.6231822,1.875,-40.40216463,-5.625,-101.5204983,-1.875,294.5901982,-5.625,228.0723539,5.625,-11.00543287,1.875,273.3063908,5.625,277.742388,-1.875,-79.52479223,-1.875,73.15366602,1.875,-53.23684685,5.625,-84.43825448,5.625,-13.2565547,-5.625,72.17714933,-5.625,94.24768848,-1.875,271.8118475,1.875,-47.57161743,1.875,45.93656111,5.625
22.6348965,5.625,-3.380392902,5.625,228.4595293,-5.625,246.7551277,5.625,246.3508043,-1.875,-57.53988878,-1.875,255.4742728,-5.625,233.3278341,-1.875,73.18311835,-1.875,46.29175746,1.875,116.2650189,-1.875,242.3176343,-5.625,129.622386,1.875,6.177249343,1.875,295.6929954,-1.875,33.2091797,1.875,9.696896452,5.625,19.07310413,1.875,132.225377,-1.875,147.1665959,1.875,80.33983901,5.625,260.5581842,-1.875,170.3364812,-1.875,268.5067276,-5.625,219.7865035,1.875,232.7943458,1.875,246.0636871,1.875,198.0080052,5.625,67.04549369,5.625,182.3847879,1.875,164.1423622,1.875,21.72598407,-5.625,201.6089403,1.875,-39.33549276,-5.625,-100.6593264,-1.875,295.6433509,-5.625,227.0038664,5.625,-12.01883445,1.875,272.2386465,5.625,278.5676424,-1.875,-78.7160282,-1.875,71.84099031,1.875,-54.3159216,5.625,-85.45166051,5.625,-12.25479674,-5.625,73.60010097,-5.625,95.3304059,-1.875,270.7358986,1.875,-48.61851989,1.875,44.91394047,5.625
21.76181692,5.625,-4.405326662,5.625,229.4766803,-5.625,245.7208317,5.625,247.3800442,-1.875,-56.52893375,-1.875,256.559785,-5.625,234.4237687,-1.875,74.23118882,-1.875,45.21512275,1.875,117.2818459,-1.875,243.3684101,-5.625,128.5722455,1.875,5.098179338,1.875,296.7245633,-1.875,32.19806521,1.875,8.605546985,5.625,18.12352252,1.875,133.2758182,-1.875,146.1500598,1.875,79.28579691,5.625,261.6214485,-1.875,171.6495326,-1.875,269.5261793,-5.625,218.7065387,1.875,231.7489399,1.875,245.0517342,1.875,196.7938148,5.625,65.95660722,5.625,181.3370174,1.875,163.3291333,1.875,22.86434539,-5.625,200.5946983,1.875,-38.26882088,-5.625,-99.79815446,-1.875,296.6965035,-5.625,225.9353788,5.625,-13.03223604,1.875,271.1709021,5.625,279.666056,-1.875,-77.63956329,-1.875,70.5283146,1.875,-55.39499634,5.625,-86.46506654,5.625,-11.25303878,-5.625,75.02305262,-5.625,96.14386753,-1.875,269.6599498,1.875,-49.66542236,1.875,43.89131983,5.625
20.70539064,5.625,-5.430260422,5.625,230.4938313,-5.625,244.6865358,5.625,248.4092841,-1.875,-55.51797872,-1.875,257.3753464,-5.625,235.3294998,-1.875,75.09736276,-1.875,44.13848804,1.875,118.2986729,-1.875,244.419186,-5.625,127.5221049,1.875,4.019109332,1.875,297.7561313,-1.875,31.18695072,1.875,7.514197517,5.625,17.07898275,1.875,134.3262593,-1.875,145.1335237,1.875,78.23175482,5.625,262.6847129,-1.875,172.962584,-1.875,270.5456311,-5.625,217.6265739,1.875,230.703534,1.875,244.0397813,1.875,195.5796244,5.625,64.86772076,5.625,180.2892468,1.875,162.2467257,1.875,24.00270671,-5.625,199.5804564,1.875,-37.20214901,-5.625,-98.93698253,-1.875,297.7496561,-5.625,224.8668912,5.625,-14.04563762,1.875,270.1031577,5.625,280.7644696,-1.875,-76.56309837,-1.875,69.21563889,1.875,-56.47407108,5.625,-87.47847258,5.625,-10.25128082,-5.625,76.44600427,-5.625,97.22658495,-1.875,268.5840009,1.875,-50.71232482,1.875,42.86869918,5.625
19.64896435,5.625,-6.455194182,5.625,231.5109823,-5.625,243.6522398,5.625,249.438524,-1.875,-54.50702369,-1.875,258.4608586,-5.625,236.4254344,-1.875,76.14543322,-1.875,43.32959644,1.875,119.3155,-1.875,245.2875957,-5.625,126.4719643,1.875,2.940039326,1.875,298.7876993,-1.875,30.17583622,1.875,6.612255809,5.625,16.03444299,1.875,135.3767005,-1.875,144.1169877,1.875,77.17771272,5.625,263.7479772,-1.875,174.2756355,-1.875,271.5650828,-5.625,216.5466092,1.875,229.6581281,1.875,243.0278284,1.875,194.365434,5.625,64.04962425,5.625,179.2414762,1.875,161.1643181,1.875,25.14106803,-5.625,198.5662145,1.875,-36.40074264,-5.625,-98.0758106,-1.875,298.8028087,-5.625,223.7984037,5.625,-15.0590392,1.875,269.0354134,5.625,281.8628831,-1.875,-75.48663346,-1.875,67.90296319,1.875,-57.55314583,5.625,-88.49187861,5.625,-9.249522861,-5.625,77.86895592,-5.625,98.30930237,-1.875,267.5080521,1.875,-51.75922728,1.875,41.84607854,5.625
18.59253807,5.625,-7.480127942,5.625,232.5281333,-5.625,242.6179438,5.625,250.4677638,-1.875,-53.49606866,-1.875,259.5463708,-5.625,237.5213691,-1.875,77.19350369,-1.875,42.25296173,1.875,120.332327,-1.875,246.3383716,-5.625,125.4218238,1.875,2.129318059,1.875,299.8192672,-1.875,29.16472173,1.875,5.520906341,5.625,14.98990322,1.875,136.4271416,-1.875,143.1004516,1.875,76.12367063,5.625,264.8112416,-1.875,175.5886869,-1.875,272.5845345,-5.625,215.7352156,1.875,228.6127222,1.875,242.0158755,1.875,193.1512436,5.625,62.96073779,5.625,178.1937057,1.875,160.0819105,1.875,26.27942935,-5.625,197.5519726,1.875,-35.33407076,-5.625,-97.21463867,-1.875,299.8559614,-5.625,222.7299161,5.625,-16.07244079,1.875,267.967669,5.625,282.6881375,-1.875,-74.67786943,-1.875,66.59028748,1.875,-58.36387065,5.625,-89.50528464,5.625,-8.247764901,-5.625,79.29190756,-5.625,99.39201979,-1.875,266.4321032,1.875,-52.80612974,1.875,40.8234579,5.625
17.53611178,5.625,-8.505061701,5.625,233.5452843,-5.625,241.5836479,5.625,251.4970037,-1.875,-52.48511363,-1.875,260.631883,-5.625,238.4271002,-1.875,78.24157415,-1.875,41.17632702,1.875,121.349154,-1.875,247.3891474,-5.625,124.3716832,1.875,1.050248053,1.875,300,5.625,28.15360724,1.875,4.429556874,5.625,14.04032162,1.875,137.4775828,-1.875,142.0839155,1.875,75.06962854,5.625,265.6100878,-1.875,176.9017383,-1.875,273.6039863,-5.625,214.6552509,1.875,227.7487503,1.875,241.0039226,1.875,191.9370531,5.625,61.87185133,5.625,177.1459351,1.875,159.2686817,1.875,27.41779066,-5.625,196.5377307,1.875,-34.26739889,-5.625,-96.35346674,-1.875,320,5.625,221.6614286,5.625,-17.08584237,1.875,266.8999246,5.625,283.7865511,-1.875,-73.60140452,-1.875,65.27761177,1.875,-59.4429454,5.625,-90.51869067,5.625,-7.246006941,-5.625,80.71485921,-5.625,100.2054814,-1.875,265.3561544,1.875,-53.85303221,1.875,39.80083725,5.625
16.4796855,5.625,-9.529995461,5.625,234.5624353,-5.625,240.5493519,5.625,252.5262436,-1.875,-51.4741586,-1.875,261.4474444,-5.625,239.5230348,-1.875,79.10774809,-1.875,40.09969231,1.875,122.365981,-1.875,248.4399232,-5.625,123.3215426,1.875,-0.028821953,1.875,298.2669825,5.625,27.14249274,1.875,3.437420994,5.625,13.09074001,1.875,138.5280239,-1.875,141.0673795,1.875,74.01558644,5.625,266.6733521,-1.875,178.2147898,-1.875,274.623438,-5.625,213.5752861,1.875,226.7033444,1.875,239.9919696,1.875,190.7228627,5.625,60.78296487,5.625,176.280009,1.875,158.1862741,1.875,28.55615198,-5.625,195.5234888,1.875,-33.20072701,-5.625,-95.4922948,-1.875,317.7826923,5.625,220.592941,5.625,-18.09924395,1.875,265.8321803,5.625,284.8849647,-1.875,-72.5249396,-1.875,63.96493607,1.875,-60.52202014,5.625,-91.53209671,5.625,-6.244248982,-5.625,82.13781086,-5.625,101.2881988,-1.875,264.2802055,1.875,-54.89993467,1.875,38.77821661,5.625
15.42325922,5.625,-10.55492922,5.625,235.5795863,-5.625,239.515056,5.625,253.5554835,-1.875,-50.46320357,-1.875,262.5329566,-5.625,240.6189694,-1.875,80.15581855,-1.875,39.29080071,1.875,123.3828081,-1.875,249.490699,-5.625,122.2714021,1.875,-1.107891959,1.875,296.5339651,5.625,26.13137825,1.875,2.445285115,5.625,12.04620025,1.875,139.5784651,-1.875,140.0508434,1.875,72.96154435,5.625,267.7366165,-1.875,179.5278412,-1.875,275.6428898,-5.625,212.4953213,1.875,225.6579385,1.875,238.9800167,1.875,189.5086723,5.625,59.6940784,5.625,175.2322385,1.875,157.1038664,1.875,29.6945133,-5.625,194.5092469,1.875,-32.39932064,-5.625,-94.63112287,-1.875,315.5653847,5.625,219.5244534,5.625,-19.11264554,1.875,264.7644359,5.625,285.9833782,-1.875,-71.44847469,-1.875,62.65226036,1.875,-61.60109488,5.625,-92.54550274,5.625,-5.242491022,-5.625,83.56076251,-5.625,102.3709163,-1.875,263.2042567,1.875,-55.94683713,1.875,37.75559597,5.625
14.55017964,5.625,-11.57986298,5.625,236.5967373,-5.625,238.48076,5.625,254.5847234,-1.875,-49.45224854,-1.875,263.6184688,-5.625,241.5247005,-1.875,81.20388902,-1.875,38.214166,1.875,124.3996351,-1.875,250.5414748,-5.625,121.2212615,1.875,-2.186961965,1.875,294.8009476,5.625,25.12026376,1.875,1.353935647,5.625,11.00166048,1.875,140.6289062,-1.875,139.0343073,1.875,71.90750225,5.625,268.7998808,-1.875,180.8408926,-1.875,276.6623415,-5.625,211.6839278,1.875,224.6125326,1.875,237.9680638,1.875,188.2944819,5.625,58.87598189,5.625,174.1844679,1.875,156.0214588,1.875,30.83287462,-5.625,193.495005,1.875,-31.33264877,-5.625,-93.76995094,-1.875,313.348077,5.625,218.4559659,5.625,-20.12604712,1.875,263.6966915,5.625,287.0817918,-1.875,-70.63971066,-1.875,61.33958465,1.875,-62.41181971,5.625,-93.55890877,5.625,-4.240733062,-5.625,84.98371415,-5.625,103.4536337,-1.875,262.1283078,1.875,-56.99373959,1.875,36.73297532,5.625
13.49375336,5.625,-12.60479674,5.625,237.6138883,-5.625,237.446464,5.625,255.6139632,-1.875,-48.44129351,-1.875,264.703981,-5.625,242.6206351,-1.875,82.25195948,-1.875,37.13753129,1.875,125.4164621,-1.875,251.5922507,-5.625,120.171121,1.875,-2.997683232,1.875,293.0679301,5.625,24.10914926,1.875,0.361799768,5.625,9.957120715,1.875,141.6793474,-1.875,138.0177713,1.875,70.85346016,5.625,269.8631452,-1.875,182.1539441,-1.875,277.6817933,-5.625,210.603963,1.875,223.7485608,1.875,236.9561109,1.875,187.0802915,5.625,57.78709543,5.625,173.1366974,1.875,154.9390512,1.875,31.97123593,-5.625,192.4807631,1.875,-30.26597689,-5.625,-92.90877901,-1.875,311.1307694,5.625,217.3874783,5.625,-21.1394487,1.875,262.6289472,5.625,288.1802054,-1.875,-69.56324575,-1.875,60.02690895,1.875,-63.49089445,5.625,-94.5723148,5.625,-3.238975102,-5.625,86.4066658,-5.625,104.2670953,-1.875,261.052359,1.875,-58.04064205,1.875,35.71035468,5.625
12.43732707,5.625,-13.6297305,5.625,238.6310392,-5.625,236.4121681,5.625,256.6432031,-1.875,-47.43033848,-1.875,265.5195424,-5.625,243.5263662,-1.875,83.30002995,-1.875,36.06089657,1.875,126.4332892,-1.875,252.6430265,-5.625,119.1209804,1.875,-4.076753238,1.875,291.3349126,5.625,23.09803477,1.875,-0.630336112,5.625,9.00753911,1.875,142.7297885,-1.875,137.0012352,1.875,69.79941806,5.625,270.9264095,-1.875,183.4669955,-1.875,278.701245,-5.625,209.5239982,1.875,222.7031549,1.875,235.944158,1.875,185.8661011,5.625,56.69820897,5.625,172.0889268,1.875,154.1258224,1.875,33.10959725,-5.625,191.4665212,1.875,-29.19930502,-5.625,-92.04760708,-1.875,308.9134617,5.625,216.3189907,5.625,-22.15285029,1.875,261.5612028,5.625,289.2786189,-1.875,-68.48678083,-1.875,58.71423324,1.875,-64.5699692,5.625,-95.58572083,5.625,-2.237217143,-5.625,87.82961745,-5.625,105.3498127,-1.875,259.9764101,1.875,-59.08754452,1.875,34.68773404,5.625
11.38090079,5.625,-14.65466426,5.625,239.6481902,-5.625,235.3778721,5.625,257.672443,-1.875,-46.41938345,-1.875,266.6050546,-5.625,244.6223009,-1.875,84.34810041,-1.875,35.25200498,1.875,127.4501162,-1.875,253.5114363,-5.625,118.0708398,1.875,-5.155823244,1.875,289.6018952,5.625,22.08692028,1.875,-1.622471991,5.625,7.962999344,1.875,143.7802297,-1.875,135.9846991,1.875,68.74537597,5.625,271.9896738,-1.875,184.7800469,-1.875,279.7206967,-5.625,208.4440335,1.875,221.657749,1.875,234.9322051,1.875,184.6519107,5.625,55.60932251,5.625,171.2230007,1.875,153.0434148,1.875,34.24795857,-5.625,190.4522793,1.875,-28.39789865,-5.625,-91.18643514,-1.875,307.5270478,5.625,215.2505032,5.625,-23.16625187,1.875,260.4934584,5.625,290.3770325,-1.875,-67.41031592,-1.875,57.40155753,1.875,-65.64904394,5.625,-96.59912687,5.625,-1.235459183,-5.625,89.25256909,-5.625,106.4325302,-1.875,258.9004613,1.875,-60.13444698,1.875,33.66511339,5.625
10.3244745,5.625,-15.67959802,5.625,240.6653412,-5.625,234.3435761,5.625,258.7016829,-1.875,-45.40842843,-1.875,267.6905669,-5.625,245.7182355,-1.875,85.39617087,-1.875,34.17537027,1.875,128.4669432,-1.875,254.5622121,-5.625,117.0206993,1.875,-6.234893249,1.875,287.8688777,5.625,21.07580578,1.875,-2.713821459,5.625,6.918459579,1.875,144.8306708,-1.875,134.9681631,1.875,67.69133388,5.625,273.0529382,-1.875,186.0930984,-1.875,280.7401485,-5.625,207.6326399,1.875,220.6123431,1.875,233.9202521,1.875,183.4377202,5.625,54.79122599,5.625,170.1752301,1.875,151.9610072,1.875,35.38631989,-5.625,189.4380374,1.875,-27.33122677,-5.625,-90.32526321,-1.875,306.1406338,5.625,214.1820156,5.625,-24.17965345,1.875,259.4257141,5.625,291.4754461,-1.875,-66.333851,-1.875,56.08888182,1.875,-66.45976876,5.625,-97.6125329,5.625,-0.233701223,-5.625,90.67552074,-5.625,107.5152476,-1.875,257.8245124,1.875,-61.18134944,1.875,32.64249275,5.625
9.268048219,5.625,-16.70453178,5.625,241.6824922,-5.625,233.3092802,5.625,259.7309228,-1.875,-44.3974734,-1.875,268.7760791,-5.625,246.6239666,-1.875,86.44424134,-1.875,33.09873555,1.875,129.4837703,-1.875,255.6129879,-5.625,115.9705587,1.875,-7.045614516,1.875,286.1358602,5.625,20.06469129,1.875,-3.705957338,5.625,5.873919813,1.875,145.881112,-1.875,133.951627,1.875,66.82022471,5.625,274.1162025,-1.875,187.4061498,-1.875,281.7596002,-5.625,206.5526752,1.875,219.7483713,1.875,232.9082992,1.875,182.2235298,5.625,53.70233953,5.625,169.1274596,1.875,150.8785996,1.875,36.52468121,-5.625,188.4237955,1.875,-26.2645549,-5.625,-89.46409128,-1.875,304.7542198,5.625,213.113528,5.625,-25.19305504,1.875,258.3579697,5.625,292.5738597,-1.875,-65.52508698,-1.875,55.04669942,1.875,-67.53884351,5.625,-98.62593893,5.625,0.768056736,-5.625,92.09847239,-5.625,108.3287092,-1.875,256.7485636,1.875,-62.2282519,1.875,31.61987211,5.625
8.394968645,5.625,-17.72946554,5.625,242.6996432,-5.625,232.2749842,5.625,260.7601626,-1.875,-43.38651837,-1.875,269.5916405,-5.625,247.7199012,-1.875,87.31041528,-1.875,32.02210084,1.875,130.5005973,-1.875,256.6637637,-5.625,114.9204181,1.875,-8.124684522,1.875,284.4028428,5.625,19.0535768,1.875,-4.698093218,5.625,4.924338208,1.875,146.9315531,-1.875,132.9350909,1.875,65.76618261,5.625,275.1794669,-1.875,188.7192012,-1.875,282.779052,-5.625,205.4727104,1.875,218.7029654,1.875,231.8963463,1.875,181.0093394,5.625,52.61345307,5.625,168.079689,1.875,150.0653707,1.875,37.66304252,-5.625,187.4095536,1.875,-25.19788302,-5.625,-88.60291935,-1.875,303.3678058,5.625,212.0450405,5.625,-26.20645662,1.875,257.2902253,5.625,293.6722732,-1.875,-64.44862207,-1.875,54.00451702,1.875,-68.61791825,5.625,-99.63934496,5.625,1.769814696,-5.625,93.52142404,-5.625,109.4114266,-1.875,255.6726147,1.875,-63.27515436,1.875,30.59725146,5.625
7.33854236,5.625,-18.7543993,5.625,243.7167942,-5.625,231.2406883,5.625,261.7894025,-1.875,-42.37556334,-1.875,270.6771527,-5.625,248.8158358,-1.875,88.35848574,-1.875,31.21320925,1.875,131.5174243,-1.875,257.5321735,-5.625,113.8702776,1.875,-9.203754528,1.875,282.6698253,5.625,18.0424623,1.875,-5.789442685,5.625,3.879798442,1.875,147.9819943,-1.875,131.9185549,1.875,64.71214052,5.625,276.2427312,-1.875,190.0322527,-1.875,283.7985037,-5.625,204.3927456,1.875,217.6575594,1.875,230.8843934,1.875,179.795149,5.625,51.52456661,5.625,167.0319185,1.875,148.9829631,1.875,38.80140384,-5.625,186.3953117,1.875,-24.39647666,-5.625,-87.74174742,-1.875,301.9813919,5.625,210.9765529,5.625,-27.2198582,1.875,256.222481,5.625,294.7706868,-1.875,-63.37215715,-1.875,52.96233462,1.875,-69.69699299,5.625,-100,-5.625,2.771572656,-5.625,94.94437568,-5.625,110.494144,-1.875,254.5966659,1.875,-64.32205683,1.875,29.57463082,5.625
6.282116076,5.625,-19.77933306,5.625,244.7339452,-5.625,230.2063923,5.625,262.8186424,-1.875,-41.36460831,-1.875,271.7626649,-5.625,249.7215669,-1.875,89.40655621,-1.875,30.13657453,1.875,132.5342513,-1.875,258.5829493,-5.625,112.820137,1.875,-10.28282453,1.875,280.9368078,5.625,17.03134781,1.875,-6.781578564,5.625,2.835258676,1.875,149.0324354,-1.875,130.9020188,1.875,63.65809842,5.625,277.3059955,-1.875,191.3453041,-1.875,284.8179554,-5.625,203.5813521,1.875,216.6121535,1.875,229.8724405,1.875,178.5809586,5.625,50.70647009,5.625,165.9841479,1.875,147.9005555,1.875,39.93976516,-5.625,185.3810698,1.875,-23.32980478,-5.625,-86.88057548,-1.875,300.5949779,5.625,209.9080653,5.625,-28.23325979,1.875,255.1547366,5.625,295.8691004,-1.875,-62.29569224,-1.875,51.92015222,1.875,-70.77606774,5.625,-98.81214536,-5.625,3.773330616,-5.625,96.36732733,-5.625,111.5768615,-1.875,253.520717,1.875,-65.36895929,1.875,28.55201018,5.625
5.225689791,5.625,-20.80426682,5.625,245.7510962,-5.625,229.1720963,5.625,263.8478823,-1.875,-40.35365328,-1.875,272.8481771,-5.625,250.8175015,-1.875,90.45462667,-1.875,29.05993982,1.875,133.5510784,-1.875,259.6337251,-5.625,111.7699964,1.875,-11.0935458,1.875,279.2037903,5.625,16.02023332,1.875,-7.773714444,5.625,1.79071891,1.875,150.0828766,-1.875,129.8854827,1.875,62.78698926,5.625,278.3692599,-1.875,192.6583555,-1.875,285.8374072,-5.625,202.5013873,1.875,215.5667476,1.875,228.8604876,1.875,177.3667682,5.625,49.61758363,5.625,164.9363773,1.875,146.8181479,1.875,41.07812648,-5.625,184.3668279,1.875,-22.2631329,-5.625,-86.01940355,-1.875,299.2085639,5.625,208.8395778,5.625,-29.24666137,1.875,254.0869923,5.625,296.967514,-1.875,-61.48692821,-1.875,50.87796982,1.875,-71.85514248,5.625,-97.62429072,-5.625,4.775088575,-5.625,97.79027898,-5.625,112.3903231,-1.875,252.4447682,1.875,-66.41586175,1.875,27.52938953,5.625
4.352610217,5.625,-21.82920058,5.625,246.7682472,-5.625,228.1378004,5.625,264.8771222,-1.875,-39.34269825,-1.875,273.6637385,-5.625,251.9134362,-1.875,91.32080061,-1.875,27.98330511,1.875,134.5679054,-1.875,260.684501,-5.625,110.7198559,1.875,-12.17261581,1.875,277.4707729,5.625,15.00911882,1.875,-8.865063911,5.625,0.841137305,1.875,151.1333177,-1.875,128.8689467,1.875,61.73294716,5.625,279.4325242,-1.875,193.971407,-1.875,286.8568589,-5.625,201.4214225,1.875,214.5213417,1.875,227.8485346,1.875,176.1525778,5.625,48.52869717,5.625,163.8886068,1.875,146.004919,1.875,42.2164878,-5.625,183.352586,1.875,-21.19646103,-5.625,-85.15823162,-1.875,297.8221499,5.625,207.7710902,5.625,-30.26006296,1.875,253.0192479,5.625,298.0659275,-1.875,-60.4104633,-1.875,49.83578741,1.875,-72.93421722,5.625,-96.43643608,-5.625,5.776846535,-5.625,99.21323063,-5.625,113.4730405,-1.875,251.3688193,1.875,-67.46276421,1.875,26.50676889,5.625
3.296183933,5.625,-22.85413434,5.625,247.7853982,-5.625,227.1035044,5.625,265.906362,-1.875,-38.33174322,-1.875,274.7492507,-5.625,252.8191673,-1.875,92.36887107,-1.875,27.17441352,1.875,135.5847324,-1.875,261.5529107,-5.625,109.6697153,1.875,-13.25168581,1.875,275.7377554,5.625,13.99800433,1.875,-9.857199791,5.625,-0.203402461,1.875,152.1837588,-1.875,127.8524106,1.875,60.67890507,5.625,280.4957885,-1.875,195.2844584,-1.875,287.8763107,-5.625,200.3414577,1.875,213.4759358,1.875,226.8365817,1.875,174.9383873,5.625,47.43981071,5.625,163.0226807,1.875,144.9225114,1.875,43.35484911,-5.625,182.3383441,1.875,-20.39505466,-5.625,-84.29705969,-1.875,296.4357359,5.625,206.7026027,5.625,-31.27346454,1.875,251.9515035,5.625,299.1643411,-1.875,-59.33399838,-1.875,48.79360501,1.875,-74.01329197,5.625,-95.24858144,-5.625,6.778604495,-5.625,100.6361823,-5.625,114.5557579,-1.875,250.2928705,1.875,-68.50966668,1.875,25.48414825,5.625
2.239757648,5.625,-23.8790681,5.625,248.8025492,-5.625,226.0692084,5.625,266.9356019,-1.875,-37.32078819,-1.875,275.8347629,-5.625,253.9151019,-1.875,93.41694154,-1.875,26.0977788,1.875,136.6015595,-1.875,262.6036866,-5.625,108.6195747,1.875,-14.33075582,1.875,274.0047379,5.625,12.98688984,1.875,-10.84933567,5.625,-1.247942226,1.875,153.2342,-1.875,126.8358745,1.875,59.62486297,5.625,281.5590529,-1.875,196.5975098,-1.875,288.8957624,-5.625,199.261493,1.875,212.4305299,1.875,225.8246288,1.875,173.7241969,5.625,46.6217142,5.625,161.9749101,1.875,143.8401038,1.875,44.49321043,-5.625,181.3241022,1.875,-19.32838279,-5.625,-83.43588776,-1.875,295.049322,5.625,205.6341151,5.625,-32.28686612,1.875,250.8837592,5.625,-114.0607268,-5.625,-58.25753347,-1.875,47.75142261,1.875,-75.09236671,5.625,-94.0607268,-5.625,7.780362454,-5.625,102.0591339,-5.625,115.6384754,-1.875,249.2169216,1.875,-69.55656914,1.875,24.4615276,5.625
1.183331364,5.625,-24.90400186,5.625,249.8197002,-5.625,225.0349125,5.625,267.9648418,-1.875,-36.30983316,-1.875,276.9202751,-5.625,255.0110365,-1.875,94.465012,-1.875,25.02114409,1.875,137.6183865,-1.875,263.6544624,-5.625,107.5694342,1.875,-15.14147709,1.875,272.2717205,5.625,11.97577534,1.875,-11.94068514,5.625,-2.292481992,1.875,154.2846411,-1.875,125.8193384,1.875,58.57082088,5.625,282.6223172,-1.875,197.9105613,-1.875,289.9152141,-5.625,198.4500994,1.875,211.385124,1.875,224.8126759,1.875,172.5100065,5.625,45.53282774,5.625,160.9271396,1.875,142.7576962,1.875,45.63157175,-5.625,180.3098603,1.875,-18.26171091,-5.625,-82.57471582,-1.875,293.662908,5.625,204.5656275,5.625,-33.30026771,1.875,249.8160148,5.625,-113.1104431,-5.625,-57.44876944,-1.875,46.70924021,1.875,-76.17144145,5.625,-92.87287216,-5.625,8.782120414,-5.625,103.4820856,-5.625,116.451937,-1.875,248.1409728,1.875,-70.6034716,1.875,23.43890696,5.625
0.126905079,5.625,-25.92893562,5.625,250.8368512,-5.625,224.0006165,5.625,268.9940817,-1.875,-35.29887813,-1.875,277.7358365,-5.625,255.9167676,-1.875,95.33118594,-1.875,23.94450938,1.875,138.6352135,-1.875,264.7052382,-5.625,106.5192936,1.875,-16.22054709,1.875,270.538703,5.625,10.96466085,1.875,-12.93282102,5.625,-3.242063597,1.875,155.3350823,-1.875,124.8028024,1.875,57.51677878,5.625,283.6855816,-1.875,199.2236127,-1.875,290.9346659,-5.625,197.3701347,1.875,210.5211522,1.875,223.800723,1.875,171.2958161,5.625,44.44394127,5.625,159.879369,1.875,141.9444674,1.875,46.76993307,-5.625,179.2956184,1.875,-17.19503903,-5.625,-81.71354389,-1.875,292.276494,5.625,203.49714,5.625,-34.31366929,1.875,248.7482704,5.625,-112.1601594,-5.625,-56.37230453,-1.875,45.66705781,1.875,-77.2505162,5.625,-91.68501753,-5.625,9.783878374,-5.625,104.9050372,-5.625,117.5346544,-1.875,247.0650239,1.875,-71.65037406,1.875,22.41628632,5.625
-0.929521205,5.625,-26.95386938,5.625,251.8540022,-5.625,222.9663206,5.625,270.0233216,-1.875,-34.28792311,-1.875,278.8213487,-5.625,257.0127022,-1.875,96.3792564,-1.875,23.13561778,1.875,139.6520406,-1.875,265.756014,-5.625,105.469153,1.875,-17.2996171,1.875,268.8056855,5.625,9.953546358,1.875,-13.9249569,5.625,-4.191645203,1.875,156.3855234,-1.875,123.7862663,1.875,56.46273669,5.625,284.7488459,-1.875,200.5366641,-1.875,291.9541176,-5.625,196.2901699,1.875,209.4757463,1.875,222.7887701,1.875,170.0816257,5.625,43.35505481,5.625,159.0134429,1.875,140.8620598,1.875,47.90829438,-5.625,178.2813765,1.875,-16.39363267,-5.625,-80.85237196,-1.875,290.89008,5.625,202.4286524,5.625,-35.32707087,1.875,247.6805261,5.625,-111.2098757,-5.625,-55.29583961,-1.875,44.62487541,1.875,-78.32959094,5.625,-90.49716289,-5.625,10.78563633,-5.625,106.3279889,-5.625,118.6173718,-1.875,245.9890751,1.875,-72.69727652,1.875,21.39366567,5.625
-1.802600779,5.625,-27.97880314,5.625,252.8711532,-5.625,221.9320246,5.625,271.0525614,-1.875,-33.27696808,-1.875,279.906861,-5.625,258.1086369,-1.875,97.42732687,-1.875,22.05898307,1.875,140.6688676,-1.875,266.8067899,-5.625,104.4190125,1.875,-18.3786871,1.875,267.072668,5.625,8.942431865,1.875,-15.01630636,5.625,-5.236184968,1.875,157.4359646,-1.875,122.7697302,1.875,55.4086946,5.625,285.8121102,-1.875,201.8497156,-1.875,292.9735694,-5.625,195.2102051,1.875,208.4303404,1.875,221.7768171,1.875,168.8674353,5.625,42.5369583,5.625,157.9656724,1.875,139.7796522,1.875,49.0466557,-5.625,177.2671346,1.875,-15.32696079,-5.625,-79.99120003,-1.875,289.5036661,5.625,201.3601648,5.625,-36.34047246,1.875,246.6127817,5.625,-110.259592,-5.625,-54.2193747,-1.875,43.58269301,1.875,-79.40866568,5.625,-89.30930825,-5.625,11.78739429,-5.625,107.7509405,-5.625,119.7000892,-1.875,244.9131262,1.875,-73.74417899,1.875,20.37104503,5.625
-2.859027064,5.625,-29.0037369,5.625,253.8883042,-5.625,220.8977286,5.625,272.0818013,-1.875,-32.26601305,-1.875,280.9923732,-5.625,259.0143679,-1.875,98.47539733,-1.875,20.98234836,1.875,141.6856946,-1.875,267.8575657,-5.625,103.3688719,1.875,-19.18940837,1.875,265.3396506,5.625,7.931317372,1.875,-16.00844224,5.625,-6.280724734,1.875,158.4864057,-1.875,121.7531942,1.875,54.53758543,5.625,286.8753746,-1.875,203.162767,-1.875,293.9930211,-5.625,194.3988116,1.875,207.3849345,1.875,220.7648642,1.875,167.6532449,5.625,41.44807184,5.625,156.9179018,1.875,138.6972446,1.875,50.18501702,-5.625,176.2528927,1.875,-14.26028892,-5.625,-79.1300281,-1.875,288.1172521,5.625,200.2916773,5.625,-37.35387404,1.875,245.5450373,5.625,-109.3093082,-5.625,-53.41061068,-1.875,42.5405106,1.875,-80.48774043,5.625,-88.12145361,-5.625,12.78915225,-5.625,109.1738922,-5.625,120.5135509,-1.875,243.8371774,1.875,-74.79108145,1.875,19.34842439,5.625
-3.915453348,5.625,-30.02867066,5.625,254.9054552,-5.625,219.8634327,5.625,273.1110412,-1.875,-31.25505802,-1.875,282.0778854,-5.625,260.1103026,-1.875,99.5234678,-1.875,19.90571365,1.875,142.7025217,-1.875,268.9083415,-5.625,102.3187313,1.875,-20.26847838,1.875,263.6066331,5.625,6.920202879,1.875,-17.00057812,5.625,-7.230306339,1.875,159.5368469,-1.875,120.7366581,1.875,53.48354333,5.625,287.9386389,-1.875,204.4758184,-1.875,295.0124728,-5.625,193.3188468,1.875,206.5209627,1.875,219.7529113,1.875,166.4390544,5.625,40.35918538,5.625,155.8701312,1.875,137.8840157,1.875,51.32337834,-5.625,175.2386508,1.875,-13.19361704,-5.625,-78.26885616,-1.875,286.7308381,5.625,199.2231897,5.625,-38.36727562,1.875,244.477293,5.625,-108.3590245,-5.625,-52.33414576,-1.875,41.4983282,1.875,-81.56681517,5.625,-86.93359897,-5.625,13.79091021,-5.625,110.5968438,-5.625,121.5962683,-1.875,242.7612285,1.875,-75.83798391,1.875,18.32580374,5.625
-4.971879633,5.625,-31.05360442,5.625,255.9226062,-5.625,218.8291367,5.625,274.1402811,-1.875,-30.24410299,-1.875,282.8934468,-5.625,261.2062372,-1.875,100.5715383,-1.875,19.09682205,1.875,143.7193487,-1.875,269.9591173,-5.625,101.2685908,1.875,-21.34754838,1.875,261.8736156,5.625,5.909088385,1.875,-18.09192759,5.625,-8.274846105,1.875,160.587288,-1.875,119.720122,1.875,52.42950124,5.625,289.0019033,-1.875,205.7888699,-1.875,296.0319246,-5.625,192.238882,1.875,205.4755567,1.875,218.7409584,1.875,165.224864,5.625,39.27029892,5.625,155.0042052,1.875,136.8016081,1.875,52.46173966,-5.625,174.2244089,1.875,-12.39221067,-5.625,-77.40768423,-1.875,285.3444241,5.625,198.1547021,5.625,-39.38067721,1.875,243.4095486,5.625,-107.4087408,-5.625,-51.25768085,-1.875,40.4561458,1.875,-82.64588991,5.625,-85.74574433,-5.625,14.79266817,-5.625,112.0197955,-5.625,122.6789857,-1.875,241.6852797,1.875,-76.88488637,1.875,17.3031831,5.625
-6.028305917,5.625,-32.07853818,5.625,256.9397572,-5.625,217.7948407,5.625,275.169521,-1.875,-29.23314796,-1.875,283.978959,-5.625,262.1119683,-1.875,101.6196087,-1.875,18.02018734,1.875,144.7361757,-1.875,270.8275271,-5.625,100.2184502,1.875,-22.42661839,1.875,260.8400391,5.625,4.897973892,1.875,-19.08406347,5.625,-9.319385871,1.875,161.6377292,-1.875,118.703586,1.875,51.37545914,5.625,290.0651676,-1.875,207.1019213,-1.875,297.0513763,-5.625,191.1589172,1.875,204.4301508,1.875,217.7290055,1.875,164.0106736,5.625,38.4522024,5.625,153.9564346,1.875,135.7192005,1.875,53.60010097,-5.625,173.210167,1.875,-11.3255388,-5.625,-76.5465123,-1.875,283.9580102,5.625,197.0862146,5.625,-40.39407879,1.875,242.3418042,5.625,-106.4584571,-5.625,-50.18121593,-1.875,39.4139634,1.875,-83.72496466,5.625,-84.55788969,-5.625,15.79442613,-5.625,113.4427471,-5.625,123.7617031,-1.875,240.6093308,1.875,-77.93178883,1.875,16.28056245,5.625
-7.084732201,5.625,-33.10347194,5.625,257.9569082,-5.625,216.7605448,5.625,276.1987608,-1.875,-28.22219293,-1.875,285.0644712,-5.625,263.2079029,-1.875,102.6676792,-1.875,16.94355263,1.875,145.7530027,-1.875,271.8783029,-5.625,99.16830964,1.875,-23.23733965,1.875,259.8064625,5.625,3.886859399,1.875,-20.07619935,5.625,-10.36392564,1.875,162.6881703,-1.875,117.6870499,1.875,50.50434997,5.625,291.1284319,-1.875,208.4149727,-1.875,298.0708281,-5.625,190.3475237,1.875,203.3847449,1.875,216.7170526,1.875,162.7964832,5.625,37.36331594,5.625,152.908664,1.875,134.6367929,1.875,54.73846229,-5.625,172.1959251,1.875,-10.25886692,-5.625,-75.68534037,-1.875,282.5715962,5.625,196.017727,5.625,-41.40748037,1.875,241.2740599,5.625,-105.5081734,-5.625,-49.37245191,-1.875,38.371781,1.875,-84.8040394,5.625,-83.37003505,-5.625,16.79618409,-5.625,114.8656987,-5.625,124.5751648,-1.875,239.533382,1.875,-78.9786913,1.875,15.25794181,5.625
-7.957811775,5.625,-34.1284057,5.625,258.9740592,-5.625,215.7262488,5.625,277.2280007,-1.875,-27.2112379,-1.875,286.1499834,-5.625,264.113634,-1.875,103.5338531,-1.875,15.86691791,1.875,146.7698298,-1.875,272.9290787,-5.625,98.11816907,1.875,-24.31640966,1.875,258.772886,5.625,2.875744906,1.875,-21.16754882,5.625,-11.31350724,1.875,163.7386115,-1.875,116.6705138,1.875,49.45030788,5.625,292.1916963,-1.875,209.7280242,-1.875,299.0902798,-5.625,189.2675589,1.875,202.339339,1.875,215.7050996,1.875,161.5822928,5.625,36.27442948,5.625,151.8608935,1.875,133.823564,1.875,55.87682361,-5.625,171.1816832,1.875,-9.192195046,-5.625,-74.82416844,-1.875,281.1851822,5.625,194.9492394,5.625,-42.42088196,1.875,240.2063155,5.625,-104.5578897,-5.625,-48.29598699,-1.875,37.3295986,1.875,-85.88311414,5.625,-82.18218041,-5.625,17.79794205,-5.625,116.2886504,-5.625,125.6578822,-1.875,238.4574331,1.875,-80.02559376,1.875,14.23532117,5.625
-9.01423806,5.625,-35.15333946,5.625,259.9912102,-5.625,214.6919529,5.625,278.2572406,-1.875,-26.20028287,-1.875,286.9655448,-5.625,265.2095686,-1.875,104.5819236,-1.875,15.05802632,1.875,147.7866568,-1.875,273.9798546,-5.625,97.06802851,1.875,-25.39547967,1.875,257.7393094,5.625,1.864630412,1.875,-22.1596847,5.625,-12.35804701,1.875,164.7890526,-1.875,115.6539778,1.875,48.39626579,5.625,293.2549606,-1.875,211.0410756,-1.875,300,1.875,188.1875942,1.875,201.2939331,1.875,214.6931467,1.875,160.3681024,5.625,35.18554302,5.625,150.8131229,1.875,132.7411564,1.875,57.01518493,-5.625,170.1674412,1.875,-8.390788679,-5.625,-73.9629965,-1.875,279.7987682,5.625,193.8807519,5.625,-43.43428354,1.875,239.1385711,5.625,-103.607606,-5.625,-47.21952208,-1.875,36.28741619,1.875,-86.96218889,5.625,-80.99432577,-5.625,18.79970001,-5.625,117.711602,-5.625,126.7405996,-1.875,237.3814843,1.875,-81.07249622,1.875,13.21270052,5.625
-10.07066434,5.625,-36.17827322,5.625,261.0083612,-5.625,213.6576569,5.625,279.2864805,-1.875,-25.18932784,-1.875,288.051057,-5.625,266.3055033,-1.875,105.6299941,-1.875,13.98139161,1.875,148.8034838,-1.875,274.8482643,-5.625,96.01788794,1.875,-26.47454967,1.875,256.7057329,5.625,0.853515919,1.875,-23.15182058,5.625,-13.40258677,1.875,165.8394938,-1.875,114.6374417,1.875,47.34222369,5.625,294.318225,-1.875,212.354127,-1.875,297.1441818,1.875,187.1076294,1.875,200.2485272,1.875,213.6811938,1.875,159.153912,5.625,34.3674465,5.625,149.7653524,1.875,131.6587488,1.875,58.15354625,-5.625,169.1531993,1.875,-7.324116803,-5.625,-73.10182457,-1.875,278.4123542,5.625,192.8122643,5.625,-44.44768512,1.875,238.0708268,5.625,-102.6573223,-5.625,-46.14305716,-1.875,35.24523379,1.875,-88.04126363,5.625,-79.80647113,-5.625,19.80145797,-5.625,119.1345537,-5.625,127.823317,-1.875,236.3055354,1.875,-82.11939868,1.875,12.19007988,5.625
-11.12709063,5.625,-37.20320698,5.625,262.0255122,-5.625,212.6233609,5.625,280.3157204,-1.875,-24.17837281,-1.875,289.1365692,-5.625,267.2112344,-1.875,106.6780645,-1.875,12.90475689,1.875,149.8203109,-1.875,275.8990402,-5.625,94.96774738,1.875,-27.28527094,1.875,255.6721564,5.625,-0.157598574,1.875,-24.24317004,5.625,-14.44712654,1.875,166.8899349,-1.875,113.6209056,1.875,46.47111452,5.625,295.3814893,-1.875,213.6671785,-1.875,294.2883635,1.875,186.2962359,1.875,199.2031213,1.875,212.6692409,1.875,157.9397215,5.625,33.27856004,5.625,148.7175818,1.875,130.5763412,1.875,59.29190756,-5.625,168.1389574,1.875,-6.257444927,-5.625,-72.24065264,-1.875,277.0259403,5.625,191.7437768,5.625,-45.46108671,1.875,237.0030824,5.625,-101.7070386,-5.625,-45.33429314,-1.875,34.20305139,1.875,-89.12033837,5.625,-78.61861649,-5.625,20.80321593,-5.625,120.5575053,-5.625,128.6367787,-1.875,235.2295866,1.875,-83.16630115,1.875,11.16745924,5.625
-12.18351691,5.625,-38.22814074,5.625,263.0426632,-5.625,211.589065,5.625,281.3449602,-1.875,-23.16741778,-1.875,290.2220815,-5.625,268.307169,-1.875,107.5442385,-1.875,11.82812218,1.875,150.8371379,-1.875,276.949816,-5.625,93.91760681,1.875,-28.36434094,1.875,254.6385798,5.625,-1.168713067,1.875,-25.23530592,5.625,-15.39670814,1.875,167.9403761,-1.875,112.6043696,1.875,45.41707243,5.625,296.4447536,-1.875,214.9802299,-1.875,291.4325453,1.875,185.2162711,1.875,198.3391495,1.875,211.657288,1.875,156.7255311,5.625,32.18967358,5.625,147.6698112,1.875,129.7631124,1.875,60.43026888,-5.625,167.1247155,1.875,-5.190773052,-5.625,-71.37948071,-1.875,275.6395263,5.625,190.6752892,5.625,-46.47448829,1.875,235.935338,5.625,-100.7567548,-5.625,-44.25782822,-1.875,33.16086899,1.875,-90.19941312,5.625,-77.43076186,-5.625,21.80497389,-5.625,121.980457,-5.625,129.7194961,-1.875,234.1536377,1.875,-84.21320361,1.875,10.14483859,5.625
-13.2399432,5.625,-39.2530745,5.625,264.0598142,-5.625,210.554769,5.625,282.3742001,-1.875,-22.15646276,-1.875,291.3075937,-5.625,269.4031036,-1.875,108.5923089,-1.875,11.01923059,1.875,151.8539649,-1.875,278.0005918,-5.625,92.86746625,1.875,-29.44341095,1.875,253.6050033,5.625,-2.179827561,1.875,-26.2274418,5.625,-16.34628975,1.875,168.9908172,-1.875,111.5878335,1.875,44.36303033,5.625,297.508018,-1.875,216.2932813,-1.875,288.576727,1.875,184.1363063,1.875,197.2937436,1.875,210.6453351,1.875,155.5113407,5.625,31.10078712,5.625,146.8038851,1.875,128.6807048,1.875,61.5686302,-5.625,166.1104736,1.875,-4.389366684,-5.625,-70.33746267,-1.875,274.2531123,5.625,189.6068016,5.625,-47.48788987,1.875,234.8675937,5.625,-99.80647113,-5.625,-43.18136331,-1.875,32.11868659,1.875,-91.27848786,5.625,-76.24290722,-5.625,22.80673185,-5.625,123.4034086,-5.625,130.8022135,-1.875,233.0776889,1.875,-85.26010607,1.875,9.122217951,5.625
-14.11302277,5.625,-40.27800826,5.625,265.0769652,-5.625,209.520473,5.625,283.40344,-1.875,-21.14550773,-1.875,292.3931059,-5.625,270.3088347,-1.875,109.6403794,-1.875,9.942595875,1.875,152.870792,-1.875,279.0513676,-5.625,91.81732568,1.875,-30.52248096,1.875,252.5714267,5.625,-3.190942054,1.875,-27.31879127,5.625,-17.39082952,1.875,170.0412583,-1.875,110.5712974,1.875,43.30898824,5.625,298.5712823,-1.875,217.6063328,-1.875,285.7209088,1.875,183.0563415,1.875,196.2483377,1.875,209.6333821,1.875,154.2971503,5.625,30.2826906,5.625,145.7561146,1.875,127.5982972,1.875,62.70699152,-5.625,165.0962317,1.875,-3.322694809,-5.625,-69.29544463,-1.875,272.8666983,5.625,188.5383141,5.625,-48.50129146,1.875,233.7998493,5.625,-98.85618742,-5.625,-42.10489839,-1.875,31.07650419,1.875,-92.3575626,5.625,-75.05505258,-5.625,23.80848981,-5.625,124.8263603,-5.625,131.8849309,-1.875,232.00174,1.875,-86.30700853,1.875,8.099597308,5.625
-15.16944906,5.625,-41.30294202,5.625,266.0941161,-5.625,208.4861771,5.625,284.4326799,-1.875,-20.1345527,-1.875,293.4786181,-5.625,271.4047693,-1.875,110.6884499,-1.875,8.865961163,1.875,153.887619,-1.875,280.1021434,-5.625,90.76718512,1.875,-31.33320222,1.875,251.5378502,5.625,-4.202056547,1.875,-28.31092715,5.625,-18.43536928,1.875,171.0916995,-1.875,109.5547614,1.875,42.25494615,5.625,299.6345467,-1.875,218.9193842,-1.875,282.8650905,1.875,182.244948,1.875,195.2029318,1.875,208.6214292,1.875,153.0829599,5.625,29.19380414,5.625,144.708344,1.875,126.5158896,1.875,63.84535283,-5.625,164.0819898,1.875,-2.256022933,-5.625,-68.25342659,-1.875,271.4802844,5.625,187.4698265,5.625,-49.51469304,1.875,232.7321049,5.625,-97.90590371,-5.625,-41.29613437,-1.875,30.03432178,1.875,-93.43663735,5.625,-73.86719794,-5.625,24.81024777,-5.625,126.2493119,-5.625,132.9676483,-1.875,230.9257912,1.875,-87.35391099,1.875,7.076976664,5.625
-16.22587534,5.625,-42.32787578,5.625,267.1112671,-5.625,207.4518811,5.625,285.4619198,-1.875,-19.12359767,-1.875,294.5641303,-5.625,272.5007039,-1.875,111.7365203,-1.875,7.78932645,1.875,154.904446,-1.875,281.1529193,-5.625,89.71704455,1.875,-32.41227223,1.875,250.5042736,5.625,-5.213171041,1.875,-29.30306303,5.625,-19.38495089,1.875,172.1421406,-1.875,108.5382253,1.875,41.20090405,5.625,-100,-1.875,220.2324356,-1.875,280.0092723,1.875,181.1649832,1.875,194.3389599,1.875,207.6094763,1.875,151.8687695,5.625,28.10491768,5.625,143.6605735,1.875,125.7026607,1.875,64.98371415,-5.625,163.0677479,1.875,-1.189351058,-5.625,-67.39225466,-1.875,270.0938704,5.625,186.4013389,5.625,-50.52809462,1.875,231.6643606,5.625,-96.95562,-5.625,-40.21966946,-1.875,28.99213938,1.875,-94.51571209,5.625,-72.6793433,-5.625,25.81200573,-5.625,127.6722636,-5.625,133.78111,-1.875,229.8498423,1.875,-88.40081346,1.875,6.054356021,5.625
-17.28230163,5.625,-43.35280953,5.625,268.1284181,-5.625,206.4175852,5.625,286.4911596,-1.875,-18.11264264,-1.875,295.6496425,-5.625,273.406435,-1.875,112.7845908,-1.875,6.712691738,1.875,155.921273,-1.875,282.2036951,-5.625,88.66690398,1.875,-33.49134224,1.875,249.4706971,5.625,-6.224285534,1.875,-30.3944125,5.625,-20.42949065,1.875,173.1925818,-1.875,107.5216892,1.875,40.14686196,5.625,-97.5578594,-1.875,221.5454871,-1.875,277.153454,1.875,180.0850184,1.875,193.293554,1.875,206.5975234,1.875,150.6545791,5.625,27.01603122,5.625,142.7946474,1.875,124.6202531,1.875,66.12207547,-5.625,162.053506,1.875,-0.122679182,-5.625,-66.35023662,-1.875,268.7074564,5.625,185.3328514,5.625,-51.54149621,1.875,230.5966162,5.625,-96.00533629,-5.625,-39.14320454,-1.875,27.94995698,1.875,-95.59478683,5.625,-71.49148866,-5.625,26.81376369,-5.625,129.0952152,-5.625,134.8638274,-1.875,228.7738935,1.875,-89.44771592,1.875,5.031735378,5.625
-18.33872791,5.625,-44.37774329,5.625,269.1455691,-5.625,205.3832892,5.625,287.5203995,-1.875,-17.10168761,-1.875,296.7351547,-5.625,274.5023697,-1.875,113.8326612,-1.875,5.903800143,1.875,156.9381001,-1.875,283.2544709,-5.625,87.61676342,1.875,-34.57041224,1.875,248.4371205,5.625,-7.235400027,1.875,-31.38654838,5.625,-21.47403042,1.875,174.2430229,-1.875,106.5051532,1.875,39.09281986,5.625,-95.1157188,-1.875,222.8585385,-1.875,274.2976358,1.875,179.0050537,1.875,192.2481481,1.875,205.5855705,1.875,149.4403886,5.625,26.19793471,5.625,141.7468768,1.875,123.5378455,1.875,67.26043679,-5.625,161.0392641,1.875,0.678727186,-5.625,-65.30821859,-1.875,267.3210424,5.625,184.2643638,5.625,-52.55489779,1.875,229.5288718,5.625,-95.05505258,-5.625,-38.06673963,-1.875,26.90777458,1.875,-96.67386158,5.625,-70.30363402,-5.625,27.81552165,-5.625,130.5181669,-5.625,135.9465448,-1.875,227.6979446,1.875,-90.49461838,1.875,4.009114734,5.625
-19.39515419,5.625,-45.40267705,5.625,270.1627201,-5.625,204.3489932,5.625,288.5496394,-1.875,-16.09073258,-1.875,297.8206669,-5.625,275.5983043,-1.875,114.8807317,-1.875,4.827165431,1.875,157.9549271,-1.875,284.3052467,-5.625,86.56662285,1.875,-35.38113351,1.875,247.403544,5.625,-8.24651452,1.875,-32.37868426,5.625,-22.51857018,1.875,175.2934641,-1.875,105.4886171,1.875,38.22171069,5.625,-92.6735782,-1.875,224.1715899,-1.875,271.4418175,1.875,178.1936601,1.875,191.2027422,1.875,204.5736176,1.875,148.2261982,5.625,25.10904825,5.625,140.6991063,1.875,122.4554379,1.875,68.39879811,-5.625,160.0250222,1.875,1.745399061,-5.625,-64.26620055,-1.875,265.9346285,5.625,183.1958762,5.625,-53.56829937,1.875,228.4611275,5.625,-94.10476887,-5.625,-37.2579756,-1.875,25.86559218,1.875,-97.75293632,5.625,-69.11577938,-5.625,28.81727961,-5.625,131.9411185,-5.625,137.0292622,-1.875,226.6219958,1.875,-91.54152084,1.875,2.986494091,5.625
-20.26823377,5.625,-46.42761081,5.625,271.1798711,-5.625,203.3146973,5.625,289.5788793,-1.875,-15.07977755,-1.875,298.9061792,-5.625,276.5040354,-1.875,115.9288022,-1.875,3.750530719,1.875,158.9717541,-1.875,285.3560226,-5.625,85.51648229,1.875,-36.46020351,1.875,246.3699674,5.625,-9.257629014,1.875,-33.47003372,5.625,-23.46815179,1.875,176.3439052,-1.875,104.472081,1.875,37.1676686,5.625,-90.2314376,-1.875,225.4846414,-1.875,268.5859993,1.875,177.1136954,1.875,190.1573363,1.875,203.5616646,1.875,147.0120078,5.625,24.02016178,5.625,139.6513357,1.875,121.642209,1.875,69.53715942,-5.625,159.0107803,1.875,2.812070937,-5.625,-63.22418251,-1.875,264.5482145,5.625,182.1273887,5.625,-54.58170096,1.875,227.3933831,5.625,-93.15448515,-5.625,-36.18151069,-1.875,24.82340978,1.875,-98.83201106,5.625,-67.92792474,-5.625,29.81903757,-5.625,133.3640702,-5.625,137.8427239,-1.875,225.5460469,1.875,-92.5884233,1.875,1.963873448,5.625
-21.32466005,5.625,-47.45254457,5.625,272.1970221,-5.625,202.2804013,5.625,290.6081192,-1.875,-14.06882252,-1.875,299.9916914,-5.625,277.59997,-1.875,116.7949761,-1.875,2.673896006,1.875,159.9885812,-1.875,286.4067984,-5.625,84.46634172,1.875,-37.53927352,1.875,245.3363909,5.625,-10.26874351,1.875,-34.4621696,5.625,-24.41773339,1.875,177.3943464,-1.875,103.455545,1.875,36.11362651,5.625,-87.789297,-1.875,226.7976928,-1.875,265.730181,1.875,176.0337306,1.875,189.1119304,1.875,202.5497117,1.875,145.7978174,5.625,22.93127532,5.625,138.6035651,1.875,120.5598014,1.875,70.67552074,-5.625,157.9965384,1.875,3.878742812,-5.625,-62.18216447,-1.875,263.1618005,5.625,181.0589011,5.625,-55.59510254,1.875,226.3256387,5.625,-92.20420144,-5.625,-35.10504577,-1.875,23.78122737,1.875,-99.91108581,5.625,-66.7400701,-5.625,30.82079553,-5.625,134.7870218,-5.625,138.9254413,-1.875,224.4685195,1.875,-93.63532577,1.875,0.941252804,5.625
-22.38108634,5.625,-48.47747833,5.625,273.2141731,-5.625,201.2461053,5.625,291.637359,-1.875,-13.05786749,-1.875,-100,-1.875,278.6959046,-1.875,117.8430466,-1.875,1.865004412,1.875,161.0054082,-1.875,287.4575742,-5.625,83.41620116,1.875,-38.61834353,1.875,244.3028143,5.625,-11.279858,1.875,-35.45430548,5.625,-25.46227316,1.875,178.4447875,-1.875,102.4390089,1.875,35.05958441,5.625,-85.3471564,-1.875,228.1107442,-1.875,262.8743628,1.875,174.9537658,1.875,188.0665245,1.875,201.5377588,1.875,144.583627,5.625,22.11317881,5.625,137.5557946,1.875,119.4773938,1.875,71.81388206,-5.625,156.9822965,1.875,4.68014918,-5.625,-61.14014644,-1.875,262.1612984,5.625,179.9904135,5.625,-56.60850412,1.875,225.2578944,5.625,-91.25391773,-5.625,-34.02858086,-1.875,22.9199196,1.875,300,5.625,-65.55221546,-5.625,31.82255349,-5.625,136.2099735,-5.625,140.0081587,-1.875,223.390992,1.875,-94.68222823,1.875,-0.081367839,5.625
-23.43751262,5.625,-49.50241209,5.625,274.2313241,-5.625,200.2118094,5.625,292.6665989,-1.875,-12.04691246,-1.875,-97.30311367,-1.875,279.6922088,-1.875,118.891117,-1.875,0.788369699,1.875,162.0222352,-1.875,288.50835,-5.625,82.36606059,1.875,-39.42906479,1.875,243.2692378,5.625,-12.29097249,1.875,-36.54565495,5.625,-26.50681293,1.875,179.4952287,-1.875,101.4224728,1.875,34.18847524,5.625,-82.90501581,-1.875,229.4237957,-1.875,260.0185446,1.875,174.1423723,1.875,187.0211186,1.875,200.5258059,1.875,143.3694366,5.625,21.02429235,5.625,136.508024,1.875,118.3949862,1.875,72.95224338,-5.625,155.9680546,1.875,5.746821055,-5.625,-60.0981284,-1.875,261.1607963,5.625,178.921926,5.625,-57.62190571,1.875,224.19015,5.625,-90.30363402,-5.625,-33.21981683,-1.875,21.8777372,1.875,298.5999336,5.625,-64.36436082,-5.625,32.82431145,-5.625,137.6329251,-5.625,141.0908761,-1.875,222.3134645,1.875,-95.72913069,1.875,-1.103988483,5.625
-24.49393891,5.625,-50.52734585,5.625,275.2484751,-5.625,199.1775134,5.625,293.6958388,-1.875,-11.03595743,-1.875,-95.34940119,-1.875,280.688513,-1.875,119.9391875,-1.875,-0.288265013,1.875,163.0390623,-1.875,289.5591258,-5.625,81.31592003,1.875,-40.5081348,1.875,242.2356613,5.625,-13.30208699,1.875,-37.53779083,5.625,-27.45639453,1.875,180.5456698,-1.875,100.4059368,1.875,33.13443315,5.625,-80.46287521,-1.875,230.7368471,-1.875,257.1627263,1.875,173.0624075,1.875,186.1571468,1.875,199.513853,1.875,142.1552462,5.625,19.93540589,5.625,135.4602535,1.875,117.5817574,1.875,74.0906047,-5.625,154.9538127,1.875,6.813492931,-5.625,-59.23695647,-1.875,260.1602942,5.625,177.8534384,5.625,-58.63530729,1.875,223.1224056,5.625,-89.35335031,-5.625,-32.14335192,-1.875,20.8355548,1.875,297.1998672,5.625,-63.17650618,-5.625,33.82606941,-5.625,139.0558768,-5.625,141.9043377,-1.875,221.2359371,1.875,-96.77603315,1.875,-2.126609126,5.625
-25.55036519,5.625,-51.55227961,5.625,276.2656261,-5.625,198.1432175,5.625,294.7250787,-1.875,-10.02500241,-1.875,-93.39568871,-1.875,281.7844477,-1.875,120.8053614,-1.875,-1.364899726,1.875,164.0558893,-1.875,290.6099017,-5.625,80.26577946,1.875,-41.5872048,1.875,241.2020847,5.625,-14.31320148,1.875,-38.52992671,5.625,-28.5009343,1.875,181.596111,-1.875,99.38940069,1.875,32.08039105,5.625,-78.02073461,-1.875,232.0498986,-1.875,254.3069081,1.875,171.9824427,1.875,185.1117409,1.875,198.5019,1.875,140.9410557,5.625,18.84651943,5.625,134.5943274,1.875,116.4993498,1.875,75.22896601,-5.625,153.9395708,1.875,7.880164806,-5.625,-58.19493843,-1.875,259.1597921,5.625,176.7849508,5.625,-59.64870887,1.875,222.0546613,5.625,-88.4030666,-5.625,-31.066887,-1.875,19.7933724,1.875,295.7998008,5.625,-61.98865155,-5.625,34.82782737,-5.625,140.4788284,-5.625,142.9870552,-1.875,220.1584096,1.875,-97.82293562,1.875,-3.149229769,5.625
-26.42344476,5.625,-52.57721337,5.625,277.2827771,-5.625,197.1089215,5.625,295.7543186,-1.875,-9.014047376,-1.875,-91.44197623,-1.875,282.7807519,-1.875,121.8534319,-1.875,-2.17379132,1.875,165.0727163,-1.875,291.6606775,-5.625,79.21563889,1.875,-42.66627481,1.875,240.1685082,5.625,-15.32431597,1.875,-39.62127618,5.625,-29.54547406,1.875,182.6465521,-1.875,98.37286463,1.875,31.02634896,5.625,-75.57859401,-1.875,233.36295,-1.875,251.4510898,1.875,170.9024779,1.875,184.066335,1.875,197.4899471,1.875,139.7268653,5.625,18.02842291,5.625,133.5465568,1.875,115.4169422,1.875,76.36732733,-5.625,152.9253289,1.875,8.681571174,-5.625,-57.15292039,-1.875,258.15929,5.625,175.7164633,5.625,-60.66211046,1.875,220.9869169,5.625,-87.45278289,-5.625,-29.99042209,-1.875,18.93206463,1.875,294.3997344,5.625,-60.80079691,-5.625,35.82958533,-5.625,141.90178,-5.625,144.0697726,-1.875,219.0808821,1.875,-98.86983808,1.875,-4.171850413,5.625
-27.47987105,5.625,-53.60214713,5.625,278.2999281,-5.625,196.0746255,5.625,296.7835584,-1.875,-8.003092347,-1.875,-89.48826375,-1.875,283.7770561,-1.875,122.9015024,-1.875,-3.250426033,1.875,166.0895434,-1.875,292.7114533,-5.625,78.16549833,1.875,-43.47699608,1.875,239.1349316,5.625,-16.33543047,1.875,-40.61341206,5.625,-30.59001383,1.875,183.6969933,-1.875,97.35632856,1.875,30.15523979,5.625,-74.56992055,-1.875,234.6760014,-1.875,248.5952716,1.875,170.0910844,1.875,183.0209291,1.875,196.4779942,1.875,138.5126749,5.625,16.93953645,5.625,132.4987862,1.875,114.3345346,1.875,77.50568865,-5.625,151.911087,1.875,9.74824305,-5.625,-56.11090235,-1.875,257.1587879,5.625,174.6479757,5.625,-61.67551204,1.875,219.9191725,5.625,-86.50249917,-5.625,-29.18165807,-1.875,17.88988223,1.875,292.999668,5.625,-59.61294227,-5.625,36.83134329,-5.625,143.3247317,-5.625,145.15249,-1.875,218.0033547,1.875,-99.91674054,1.875,-5.194471056,5.625
-28.53629733,5.625,-54.62708089,5.625,279.3170791,-5.625,195.0403296,5.625,297.8127983,-1.875,-6.992137318,-1.875,-87.53455127,-1.875,284.8729907,-1.875,123.9495728,-1.875,-4.327060745,1.875,167.1063704,-1.875,293.7622291,-5.625,77.11535776,1.875,-44.55606608,1.875,238.1013551,5.625,-17.34654496,1.875,-41.60554793,5.625,-31.53959543,1.875,184.7474344,-1.875,96.33979249,1.875,29.1011977,5.625,-73.56124709,-1.875,235.9890529,-1.875,245.7394533,1.875,169.0111196,1.875,182.1569572,1.875,195.4660413,1.875,137.2984845,5.625,15.85064999,5.625,131.4510157,1.875,113.5213057,1.875,78.64404997,-5.625,150.8968451,1.875,10.81491493,-5.625,-55.24973042,-1.875,256.1582858,5.625,173.5794882,5.625,-62.68891362,1.875,218.8514282,5.625,-85.55221546,-5.625,-28.10519315,-1.875,16.84769983,1.875,291.5996016,5.625,-58.42508763,-5.625,37.83310125,-5.625,144.7476833,-5.625,145.9659516,-1.875,216.9258272,1.875,-113.5522155,-5.625,-6.217091699,5.625
-29.59272362,5.625,-55.65201465,5.625,280.3342301,-5.625,194.0060336,5.625,298.8420382,-1.875,-5.981182289,-1.875,-86.46051577,-1.875,285.8692949,-1.875,124.9976433,-1.875,-5.403695458,1.875,168.1231974,-1.875,294.813005,-5.625,76.0652172,1.875,-45.63513609,1.875,237.0677785,5.625,-18.35765945,1.875,-42.6968974,5.625,-32.5841352,1.875,185.7978756,-1.875,95.32325642,1.875,28.0471556,5.625,-72.55257363,-1.875,237.3021043,-1.875,242.8836351,1.875,167.9311549,1.875,181.1115513,1.875,194.4540884,1.875,136.0842941,5.625,14.76176353,5.625,130.5850896,1.875,112.4388981,1.875,79.78241128,-5.625,149.8826032,1.875,11.8815868,-5.625,-54.20771238,-1.875,255.1577837,5.625,172.5110006,5.625,-63.70231521,1.875,217.7836838,5.625,-84.50690338,-5.625,-27.02872824,-1.875,15.80551742,1.875,290.1995352,5.625,-57.23723299,-5.625,38.83485921,-5.625,146.170635,-5.625,147.0486691,-1.875,215.8482997,1.875,-111.1135075,-5.625,-7.239712343,5.625
-30.6491499,5.625,-56.67694841,5.625,281.3513811,-5.625,192.9717376,5.625,299.8712781,-1.875,-4.97022726,-1.875,-85.38648027,-1.875,286.8655991,-1.875,126.0457138,-1.875,-6.212587052,1.875,169.1400244,-1.875,295.8637808,-5.625,75.01507663,1.875,-46.7142061,1.875,236.034202,5.625,-19.36877395,1.875,-43.68903328,5.625,-33.62867497,1.875,186.8483167,-1.875,94.30672036,1.875,26.99311351,5.625,-71.54390017,-1.875,238.6151557,-1.875,240.0278168,1.875,166.8511901,1.875,180.0661454,1.875,193.4421355,1.875,134.8701037,5.625,13.67287707,5.625,129.537319,1.875,111.3564905,1.875,80.9207726,-5.625,148.8683613,1.875,12.68299317,-5.625,-53.16569435,-1.875,254.1572816,5.625,171.442513,5.625,-64.71571679,1.875,216.7159394,5.625,-83.4615913,-5.625,-25.95226332,-1.875,14.76333502,1.875,288.7994688,5.625,-56.04937835,-5.625,39.83661717,-5.625,147.5935866,-5.625,148.1313865,-1.875,214.7707723,1.875,-110.1016454,-5.625,-8.262332986,5.625
-31.70557619,5.625,-57.70188217,5.625,282.3685321,-5.625,191.9374417,5.625,-100,-1.875,-3.95927223,-1.875,-84.31244477,-1.875,287.9615337,-1.875,127.0937842,-1.875,-7.289221765,1.875,170.1568515,-1.875,296.9145566,-5.625,73.96493607,1.875,-47.7932761,1.875,235.0006254,5.625,-20.37988844,1.875,-44.68116916,5.625,-34.67321473,1.875,187.8987578,-1.875,93.29018429,1.875,25.93907141,5.625,-70.53522671,-1.875,239.9282072,-1.875,237.1719986,1.875,166.0397966,1.875,179.0207395,1.875,192.4301825,1.875,133.6559133,5.625,12.85478055,5.625,128.4895485,1.875,110.2740829,1.875,82.05913392,-5.625,147.8541194,1.875,13.74966504,-5.625,-52.12367631,-1.875,253.1567795,5.625,170.3740255,5.625,-65.72911837,1.875,215.6481951,5.625,-82.41627922,-5.625,-25.1434993,-1.875,13.72115262,1.875,287.3994024,5.625,-54.86152371,-5.625,40.83837513,-5.625,149.0165383,-5.625,149.2141039,-1.875,213.6932448,1.875,-109.0897833,-5.625,-9.28495363,5.625
-32.57865576,5.625,-58.72681593,5.625,283.3856831,-5.625,190.9031457,5.625,-97.82891095,-1.875,-2.948317201,-1.875,-83.23840927,-1.875,289.0574684,-1.875,128.1418547,-1.875,-8.365856477,1.875,171.1736785,-1.875,297.9653324,-5.625,72.9147955,1.875,-48.60399737,1.875,233.9670489,5.625,-21.39100293,1.875,-45.77251863,5.625,-35.7177545,1.875,188.949199,-1.875,92.27364822,1.875,24.88502932,5.625,-69.52655324,-1.875,241.2412586,-1.875,234.3161803,1.875,164.9598318,1.875,178.1567677,1.875,191.4182296,1.875,132.4417228,5.625,11.76589409,5.625,127.4417779,1.875,109.1916753,1.875,83.19749524,-5.625,146.8398775,1.875,14.81633692,-5.625,-51.26250438,-1.875,252.1562774,5.625,169.3055379,5.625,-66.74251996,1.875,214.5804507,5.625,-81.37096713,-5.625,-24.06703438,-1.875,12.67897022,1.875,285.999336,5.625,-53.67366907,-5.625,41.84013308,-5.625,150.4394899,-5.625,150.0275655,-1.875,212.6157173,1.875,-108.0779212,-5.625,-10.30757427,5.625
-33.63508205,5.625,-59.75174969,5.625,284.4028341,-5.625,189.8688498,5.625,-95.65782191,-1.875,-1.937362172,-1.875,-82.16437377,-1.875,290.153403,-1.875,129.0080286,-1.875,-9.44249119,1.875,172.1905055,-1.875,299.0161082,-5.625,71.86465494,1.875,-49.68306737,1.875,232.9334723,5.625,-22.40211743,1.875,-46.76465451,5.625,-36.6673361,1.875,189.9996401,-1.875,91.25711215,1.875,23.83098722,5.625,-68.51787978,-1.875,242.55431,-1.875,233.4541584,1.875,163.879867,1.875,177.1113618,1.875,190.4062767,1.875,131.2275324,5.625,10.67700763,5.625,126.3940074,1.875,108.3784464,1.875,84.33585656,-5.625,145.8256356,1.875,15.8830088,-5.625,-50.22048634,-1.875,251.1557753,5.625,168.2370503,5.625,-67.75592154,1.875,213.5127063,5.625,-80.32565505,-5.625,-22.99056947,-1.875,11.63678782,1.875,284.5992696,5.625,-52.48581443,-5.625,42.84189104,-5.625,151.8624416,-5.625,151.1102829,-1.875,211.5381899,1.875,-107.0660591,-5.625,-11.33019492,5.625
-34.69150833,5.625,-60.77668345,5.625,285.4199851,-5.625,188.8345538,5.625,-94.61815554,-1.875,-0.926407143,-1.875,-81.09033827,-1.875,291.2493376,-1.875,130.0560991,-1.875,-10.25138278,1.875,173.2073326,-1.875,-116.054197,-5.625,70.81451437,1.875,-50.76213738,1.875,231.8998958,5.625,-23.41323192,1.875,-47.75679039,5.625,-37.71187587,1.875,191.0500813,-1.875,90.24057609,1.875,22.77694513,5.625,-67.50920632,-1.875,243.8673615,-1.875,232.5921364,1.875,162.7999022,1.875,176.0659559,1.875,189.3943238,1.875,130.013342,5.625,9.588121169,5.625,125.3462368,1.875,107.2960388,1.875,85.47421787,-5.625,144.8113937,1.875,16.68441516,-5.625,-49.1784683,-1.875,250.1552732,5.625,167.1685628,5.625,-68.76932312,1.875,212.444962,5.625,-79.28034297,-5.625,-21.91410455,-1.875,10.77548005,1.875,283.1992032,5.625,-51.29795979,-5.625,43.843649,-5.625,153.2853932,-5.625,152.1930004,-1.875,210.4606624,1.875,-106.054197,-5.625,-12.35281556,5.625
-35.74793461,5.625,-61.80161721,5.625,286.4371361,-5.625,187.8002578,5.625,-93.57848918,-1.875,0.084547886,-1.875,-80.01630277,-1.875,292.3452722,-1.875,131.1041696,-1.875,-11.3280175,1.875,174.2241596,-1.875,-115.2447074,-5.625,69.7643738,1.875,-51.84120739,1.875,230.8663192,5.625,-24.42434641,1.875,-48.84813985,5.625,-38.75641563,1.875,192.1005224,-1.875,89.22404002,1.875,21.72290304,5.625,-66.50053286,-1.875,245.1804129,-1.875,231.5490898,1.875,161.9885087,1.875,175.02055,1.875,188.3823709,1.875,128.7991516,5.625,8.770024654,5.625,124.2984662,1.875,106.2136312,1.875,86.61257919,-5.625,143.7971518,1.875,17.75108704,-5.625,-48.13645026,-1.875,249.1547711,5.625,166.1000752,5.625,-69.78272471,1.875,211.3772176,5.625,-78.23503089,-5.625,-21.10534053,-1.875,9.733297646,1.875,281.7991368,5.625,-50.11010515,-5.625,44.84540696,-5.625,154.7083449,-5.625,153.2757178,-1.875,209.3831349,1.875,-105.0423349,-5.625,-13.3754362,5.625
-36.8043609,5.625,-62.82655097,5.625,287.4542871,-5.625,186.7659619,5.625,-92.53882281,-1.875,1.095502915,-1.875,-78.94226727,-1.875,293.4412069,-1.875,132.15224,-1.875,-12.40465221,1.875,175.2409866,-1.875,-114.4352177,-5.625,68.71423324,1.875,-52.65192865,1.875,229.8327427,5.625,-25.43546091,1.875,-49.84027573,5.625,-39.8009554,1.875,193.1509636,-1.875,88.20750395,1.875,20.85179387,5.625,-65.4918594,-1.875,246.4934643,-1.875,230.5060432,1.875,160.9085439,1.875,173.9751441,1.875,187.370418,1.875,127.5849612,5.625,7.681138193,5.625,123.2506957,1.875,105.1312236,1.875,87.75094051,-5.625,142.7829099,1.875,18.81775891,-5.625,-47.09443222,-1.875,248.154269,5.625,165.0315876,5.625,-70.79612629,1.875,210.3094732,5.625,-77.1897188,-5.625,-20.02887561,-1.875,8.691115245,1.875,280.3990704,5.625,-48.92225051,-5.625,45.84716492,-5.625,156.1312965,-5.625,154.0891794,-1.875,208.3056075,1.875,-104.0304728,-5.625,-14.39805685,5.625
-37.86078718,5.625,-63.85148473,5.625,288.4714381,-5.625,185.7316659,5.625,-91.49915645,-1.875,2.106457944,-1.875,-77.86823176,-1.875,294.5371415,-1.875,133.018414,-1.875,-13.48128692,1.875,176.2578137,-1.875,-113.625728,-5.625,67.66409267,1.875,-53.73099866,1.875,228.7991661,5.625,-26.4465754,1.875,-50.83241161,5.625,-40.750537,1.875,194.2014047,-1.875,87.19096788,1.875,19.79775177,5.625,-64.48318594,-1.875,247.8065158,-1.875,229.4629966,1.875,159.8285791,1.875,172.9297382,1.875,186.358465,1.875,126.3707708,5.625,6.592251732,5.625,122.2029251,1.875,104.3179948,1.875,88.88930183,-5.625,141.768668,1.875,19.88443079,-5.625,-46.05241419,-1.875,247.1537669,5.625,163.9631001,5.625,-71.80952787,1.875,209.2417289,5.625,-76.14440672,-5.625,-18.9524107,-1.875,7.648932843,1.875,278.999004,5.625,-47.73439587,-5.625,46.84892288,-5.625,157.5542482,-5.625,155.1718968,-1.875,207.4960451,1.875,-103.0186108,-5.625,-15.42067749,5.625
-38.73386676,5.625,-64.87641849,5.625,289.4885891,-5.625,184.6973699,5.625,-90.45949008,-1.875,3.117412974,-1.875,-76.79419626,-1.875,295.6330761,-1.875,134.0664844,-1.875,-14.29017852,1.875,177.2746407,-1.875,-112.8162383,-5.625,66.61395211,1.875,-54.81006866,1.875,227.7655896,5.625,-27.45768989,1.875,-51.92376108,5.625,-41.70011861,1.875,195.2518459,-1.875,86.17443182,1.875,18.74370968,5.625,-63.47451248,-1.875,249.1195672,-1.875,228.6009747,1.875,158.7486144,1.875,171.8843323,1.875,185.3465121,1.875,125.1565804,5.625,5.503365271,5.625,121.336999,1.875,103.2355872,1.875,90.02766315,-5.625,140.7544261,1.875,20.68583716,-5.625,-45.01039615,-1.875,246.1532648,5.625,162.8946125,5.625,-72.82292946,1.875,208.1739845,5.625,-75.09909464,-5.625,-17.87594578,-1.875,6.787625073,1.875,277.5989376,5.625,-46.54654124,-5.625,47.85068084,-5.625,158.9771998,-5.625,156.2546143,-1.875,206.4185177,1.875,-102.0067487,-5.625,-16.44329813,5.625
-39.79029304,5.625,-65.90135225,5.625,290.5057401,-5.625,183.663074,5.625,-89.41982372,-1.875,4.128368003,-1.875,-75.72016076,-1.875,296.7290107,-1.875,135.1145549,-1.875,-15.36681323,1.875,178.2914677,-1.875,-112.0067487,-5.625,65.56381154,1.875,-55.88913867,1.875,226.7320131,5.625,-28.46880439,1.875,-52.91589696,5.625,-42.74465838,1.875,196.302287,-1.875,85.15789575,1.875,17.68966758,5.625,-62.46583902,-1.875,250.4326186,-1.875,227.5579281,1.875,157.9372208,1.875,170.8389264,1.875,184.3345592,1.875,123.9423899,5.625,4.685268756,5.625,120.2892285,1.875,102.1531796,1.875,91.16602446,-5.625,139.7401841,1.875,21.75250903,-5.625,-43.96837811,-1.875,245.1527627,5.625,161.8261249,5.625,-73.83633104,1.875,207.1062401,5.625,-74.05378256,-5.625,-16.79948087,-1.875,5.745442672,1.875,276.1988712,5.625,-45.3586866,-5.625,48.8524388,-5.625,160.4001515,-5.625,157.3373317,-1.875,205.3409902,1.875,-100.9948866,-5.625,-17.46591878,5.625
-40.84671933,5.625,-66.92628601,5.625,291.5228911,-5.625,182.628778,5.625,-88.38015735,-1.875,5.139323032,-1.875,-74.64612526,-1.875,297.8249454,-1.875,136.1626254,-1.875,-16.44344794,1.875,179.3082947,-1.875,-111.197259,-5.625,64.51367098,1.875,-56.69985994,1.875,225.6984365,5.625,-29.47991888,1.875,-53.90803284,5.625,-43.78919814,1.875,197.3527282,-1.875,84.14135968,1.875,16.63562549,5.625,-61.45716556,-1.875,251.7456701,-1.875,226.5148815,1.875,156.8572561,1.875,169.9749545,1.875,183.3226063,1.875,122.7281995,5.625,3.596382295,5.625,119.2414579,1.875,101.0707719,1.875,92.30438578,-5.625,138.7259422,1.875,22.81918091,-5.625,-42.92636007,-1.875,244.1522607,5.625,160.7576374,5.625,-74.84973262,1.875,206.0384958,5.625,-73.00847047,-5.625,-15.99071684,-1.875,4.70326027,1.875,274.7988048,5.625,-44.17083196,-5.625,49.85419676,-5.625,161.8231031,-5.625,158.1507933,-1.875,204.2634627,1.875,-99.98302447,-5.625,-18.48853942,5.625
-41.90314561,5.625,-67.95121977,5.625,292.5400421,-5.625,181.5944821,5.625,-87.34049099,-1.875,6.150278061,-1.875,-73.57208976,-1.875,298.92088,-1.875,137.0287993,-1.875,-17.52008265,1.875,180.3251218,-1.875,-110.3877693,-5.625,63.46353041,1.875,-57.77892994,1.875,224.66486,5.625,-30.49103337,1.875,-54.99938231,5.625,-44.73877975,1.875,198.4031693,-1.875,83.12482361,1.875,15.5815834,5.625,-60.4484921,-1.875,253.0587215,-1.875,225.4718349,1.875,155.7772913,1.875,168.9295486,1.875,182.3106534,1.875,121.5140091,5.625,2.507495834,5.625,118.1936873,1.875,100.2575431,1.875,93.4427471,-5.625,137.7117003,1.875,23.88585278,-5.625,-42.06518814,-1.875,243.1517586,5.625,159.6891498,5.625,-75.86313421,1.875,204.9707514,5.625,-71.96315839,-5.625,-14.91425193,-1.875,3.661077868,1.875,273.3987384,5.625,-42.98297732,-5.625,50.85595472,-5.625,163.2460548,-5.625,159.2335107,-1.875,203.4539004,1.875,-98.97116237,-5.625,-19.51116006,5.625
-42.9595719,5.625,-68.97615353,5.625,293.5571931,-5.625,180.5601861,5.625,-86.30082462,-1.875,7.16123309,-1.875,-72.49805426,-1.875,300,5.625,138.0768698,-1.875,-18.32897425,1.875,181.3419488,-1.875,-109.5782796,-5.625,62.41338985,1.875,-58.85799995,1.875,223.6312834,5.625,-31.50214787,1.875,-55.99151819,5.625,-45.78331951,1.875,199.4536105,-1.875,82.10828755,1.875,14.5275413,5.625,-59.43981864,-1.875,254.3717729,-1.875,224.4287883,1.875,154.6973265,1.875,167.8841427,1.875,181.2987005,1.875,120.2998187,5.625,1.418609373,5.625,117.3277613,1.875,99.17513549,1.875,94.58110842,-5.625,136.6974584,1.875,24.68725915,-5.625,-41.0231701,-1.875,242.1512565,5.625,158.6206623,5.625,-76.87653579,1.875,203.903007,5.625,-70.91784631,-5.625,-13.83778701,-1.875,2.799770098,1.875,271.998672,5.625,-41.79512268,-5.625,51.85771268,-5.625,164.6690064,-5.625,160.3162282,-1.875,202.3763729,1.875,-97.95930027,-5.625,-20.53378071,5.625
-44.01599818,5.625,-70.00108729,5.625,294.574344,-5.625,179.5258901,5.625,-85.26115826,-1.875,8.172188119,-1.875,-71.42401876,-1.875,298.8250374,5.625,139.1249402,-1.875,-19.40560896,1.875,182.3587758,-1.875,-108.76879,-5.625,61.36324928,1.875,-59.93706995,1.875,222.5977069,5.625,-32.51326236,1.875,-57.08286765,5.625,-46.82785928,1.875,200.5040516,-1.875,81.09175148,1.875,13.47349921,5.625,-58.43114518,-1.875,255.6848244,-1.875,223.3857417,1.875,153.885933,1.875,166.8387368,1.875,180.2867475,1.875,119.0856283,5.625,0.600512858,5.625,116.2799907,1.875,98.09272789,1.875,95.71946974,-5.625,135.6832165,1.875,25.75393103,-5.625,-39.98115207,-1.875,241.1507544,5.625,157.5521747,5.625,-77.88993737,1.875,202.8352627,5.625,-69.87253423,-5.625,-12.7613221,-1.875,1.757587697,1.875,270.5986056,5.625,-40.60726804,-5.625,52.85947064,-5.625,166.0919581,-5.625,161.3989456,-1.875,201.2988455,1.875,-96.94743818,-5.625,-21.55640135,5.625
-45.07242446,5.625,-71.02602105,5.625,295.591495,-5.625,178.4915942,5.625,-84.22149189,-1.875,9.183143148,-1.875,-70.61707999,-1.875,297.6500747,5.625,140.1730107,-1.875,-20.48224367,1.875,183.3756029,-1.875,-107.9593003,-5.625,60.31310871,1.875,-60.74779122,1.875,221.5641303,5.625,-33.52437685,1.875,-58.17421712,5.625,-47.87239904,1.875,201.5544928,-1.875,80.07521541,1.875,12.60239004,5.625,-57.42247172,-1.875,256.9978758,-1.875,222.3426951,1.875,152.8059682,1.875,165.974765,1.875,179.2747946,1.875,117.8714379,5.625,-0.488373603,5.625,115.2322201,1.875,97.01032028,1.875,96.85783105,-5.625,134.6689746,1.875,26.8206029,-5.625,-38.93913403,-1.875,240.1502523,5.625,156.4836871,5.625,-78.90333896,1.875,201.7675183,5.625,-68.82722214,-5.625,-11.95255808,-1.875,0.715405295,1.875,269.1985392,5.625,-39.4194134,-5.625,53.8612286,-5.625,167.5149097,-5.625,162.2124072,-1.875,200.221318,1.875,-95.93557608,-5.625,-22.57902199,5.625
-46.12885075,5.625,-72.05095481,5.625,296.608646,-5.625,177.4572982,5.625,-83.18182553,-1.875,10.19409818,-1.875,-69.54304449,-1.875,296.4751121,5.625,141.2210812,-1.875,-21.55887839,1.875,184.3924299,-1.875,-107.1498106,-5.625,59.26296815,1.875,-61.82686123,1.875,220.5305538,5.625,-34.53549135,1.875,-59.26556659,5.625,-48.82198065,1.875,202.6049339,-1.875,79.05867934,1.875,11.54834794,5.625,-56.41379826,-1.875,258.3109272,-1.875,221.2996486,1.875,151.7260034,1.875,164.9293591,1.875,178.2628417,1.875,116.6572475,5.625,-1.577260064,5.625,114.1844496,1.875,96.19709143,1.875,97.99619237,-5.625,133.6547327,1.875,27.88727478,-5.625,-38.0779621,-1.875,239.1497502,5.625,155.4151996,5.625,-79.91674054,1.875,200.6997739,5.625,-67.78191006,-5.625,-10.87609316,-1.875,-0.326777107,1.875,267.7984728,5.625,-38.23155876,-5.625,54.86298656,-5.625,168.9378613,-5.625,163.2951246,-1.875,199.4117557,1.875,-94.92371399,-5.625,-23.60164264,5.625
-47.18527703,5.625,-73.07588857,5.625,297.625797,-5.625,176.4230022,5.625,-82.14215916,-1.875,11.20505321,-1.875,-68.46900899,-1.875,295.3001495,5.625,142.2691516,-1.875,-22.36776998,1.875,185.4092569,-1.875,-106.3403209,-5.625,58.21282758,1.875,-62.90593123,1.875,219.4969772,5.625,-35.54660584,1.875,-60.35691606,5.625,-49.86652041,1.875,203.6553751,-1.875,78.04214328,1.875,10.49430585,5.625,-55.4051248,-1.875,259.6239787,-1.875,220.4376266,1.875,150.6460387,1.875,163.8839532,1.875,177.2508888,1.875,115.443057,5.625,-2.666146525,5.625,113.3185235,1.875,95.11468382,1.875,99.13455369,-5.625,132.6404908,1.875,28.68868115,-5.625,-37.03594406,-1.875,238.1492481,5.625,154.346712,5.625,-80.93014212,1.875,199.6320296,5.625,-66.73659798,-5.625,-9.799628246,-1.875,-1.368959508,1.875,266.3984064,5.625,-37.04370412,-5.625,55.86474452,-5.625,170.360813,-5.625,164.377842,-1.875,198.3342282,1.875,-93.91185189,-5.625,-24.62426328,5.625
-48.24170332,5.625,-74.10082233,5.625,298.642948,-5.625,175.3887063,5.625,-81.1024928,-1.875,12.21600824,-1.875,-67.39497349,-1.875,294.1251868,5.625,143.3172221,-1.875,-23.44440469,1.875,186.426084,-1.875,-105.5308312,-5.625,57.16268702,1.875,-63.98500124,1.875,218.4634007,5.625,-36.55772033,1.875,-61.44826552,5.625,-50.91106018,1.875,204.7058162,-1.875,77.02560721,1.875,9.440263755,5.625,-54.39645134,-1.875,260.9370301,-1.875,219.39458,1.875,149.5660739,1.875,162.8385473,1.875,176.2389359,1.875,114.2288666,5.625,-3.48424304,5.625,112.2707529,1.875,94.03227622,1.875,100.272915,-5.625,131.6262489,1.875,29.75535302,-5.625,-35.99392602,-1.875,237.148746,5.625,153.2782244,5.625,-81.94354371,1.875,198.5642852,5.625,-65.6912859,-5.625,-8.723163331,-1.875,-2.41114191,1.875,264.99834,5.625,-35.85584948,-5.625,56.86650248,-5.625,171.7837646,-5.625,165.4605595,-1.875,197.2567008,1.875,-92.8999898,-5.625,-25.64688392,5.625
-49.2981296,5.625,-75.12575609,5.625,299.660099,-5.625,174.3544103,5.625,-80.06282643,-1.875,13.22696327,-1.875,-66.58803472,-1.875,292.9502242,5.625,144.3652925,-1.875,-24.5210394,1.875,187.442911,-1.875,-104.7213416,-5.625,56.11254645,1.875,-64.79572251,1.875,217.4298241,5.625,-37.56883482,1.875,-62.53961499,5.625,-51.95559995,1.875,205.7562574,-1.875,76.00907114,1.875,8.569154586,5.625,-53.38777788,-1.875,262.2500815,-1.875,218.3515334,1.875,148.7546804,1.875,161.7931414,1.875,175.226983,1.875,113.0146762,5.625,-4.573129501,5.625,111.2229824,1.875,92.94986861,1.875,101.4112763,-5.625,130.612007,1.875,30.8220249,-5.625,-34.95190798,-1.875,236.1482439,5.625,152.2097369,5.625,-82.95694529,1.875,197.4965408,5.625,-64.64597381,-5.625,-7.914399308,-1.875,-3.453324311,1.875,263.5982736,5.625,-34.66799484,-5.625,57.86826044,-5.625,173.2067163,-5.625,166.2740211,-1.875,196.1791733,1.875,-91.8881277,-5.625,-26.66950457,5.625
-50.35455589,5.625,-76.15068985,5.625,-100,-1.875,173.3201144,5.625,-79.02316007,-1.875,14.23791829,-1.875,-65.51399922,-1.875,291.7752616,5.625,145.2314665,-1.875,-25.59767412,1.875,188.459738,-1.875,-103.9118519,-5.625,55.06240589,1.875,-65.87479251,1.875,216.3962476,5.625,-38.57994932,1.875,-63.63096446,5.625,-52.90518155,1.875,206.8066985,-1.875,74.99253507,1.875,7.515112492,5.625,-52.37910442,-1.875,263.563133,-1.875,217.3084868,1.875,147.6747156,1.875,160.7477355,1.875,174.21503,1.875,111.8004858,5.625,-5.662015962,5.625,110.1752118,1.875,92.13663976,1.875,102.5496376,-5.625,129.5977651,1.875,31.88869677,-5.625,-33.90988995,-1.875,235.1477418,5.625,151.1412493,5.625,-83.97034687,1.875,196.4287965,5.625,-63.60066173,-5.625,-6.837934393,-1.875,-4.495506713,1.875,262.1982072,5.625,-33.4801402,-5.625,58.8700184,-5.625,174.6296679,-5.625,167.3567385,-1.875,195.369611,1.875,-90.8762656,-5.625,-27.69212521,5.625
-51.41098217,5.625,-77.17562361,5.625,-98.23234401,-1.875,172.2858184,5.625,-77.9834937,-1.875,15.24887332,-1.875,-64.43996372,-1.875,290.6002989,5.625,146.279537,-1.875,-26.40656571,1.875,189.4765651,-1.875,-103.1023622,-5.625,54.01226532,1.875,-66.95386252,1.875,215.362671,5.625,-39.59106381,1.875,-64.72231393,5.625,-53.85476316,1.875,207.8571396,-1.875,73.97599901,1.875,6.461070397,5.625,-51.37043095,-1.875,264.8761844,-1.875,216.4464648,1.875,146.5947508,1.875,159.7023296,1.875,173.2030771,1.875,110.5862954,5.625,-6.750902423,5.625,109.1274412,1.875,91.05423215,1.875,103.687999,-5.625,128.5835232,1.875,32.69010314,-5.625,-32.86787191,-1.875,234.1472397,5.625,150.0727617,5.625,-84.98374846,1.875,195.3610521,5.625,-62.55534965,-5.625,-5.761469478,-1.875,-5.356814483,1.875,260.7981408,5.625,-32.29228557,-5.625,59.87177636,-5.625,176.0526196,-5.625,168.4394559,-1.875,194.2920835,1.875,-89.86440351,-5.625,-28.71474585,5.625
-52.46740846,5.625,-78.20055737,5.625,-96.46468803,-1.875,171.2515224,5.625,-76.94382734,-1.875,16.25982835,-1.875,-63.36592822,-1.875,289.4253363,5.625,147.3276074,-1.875,-27.48320042,1.875,190.4933921,-1.875,-102.2928725,-5.625,52.96212475,1.875,-68.03293252,1.875,214.3290945,5.625,-40.6021783,1.875,-65.81366339,5.625,-54.89930292,1.875,208.9075808,-1.875,72.95946294,1.875,5.407028303,5.625,-50.36175749,-1.875,266.1892358,-1.875,215.4034183,1.875,145.514786,1.875,158.6569237,1.875,172.1911242,1.875,109.372105,5.625,-7.568998937,5.625,108.0796707,1.875,89.97182455,1.875,104.8263603,-5.625,127.5692813,1.875,33.75677502,-5.625,-31.82585387,-1.875,233.1467376,5.625,149.0042742,5.625,-85.99715004,1.875,194.2933077,5.625,-61.51003757,-5.625,-4.685004563,-1.875,-6.398996885,1.875,259.8296548,5.625,-31.10443093,-5.625,60.87353432,-5.625,177.4755712,-5.625,169.5221734,-1.875,193.214556,1.875,-88.85254141,-5.625,-29.7373665,5.625
-53.52383474,5.625,-79.22549113,5.625,-94.69703204,-1.875,170.2172265,5.625,-75.90416098,-1.875,17.27078338,-1.875,-62.29189272,-1.875,288.2503737,5.625,148.3756779,-1.875,-28.55983514,1.875,191.5102191,-1.875,-101.4833829,-5.625,51.91198419,1.875,-68.84365379,1.875,213.2955179,5.625,-41.6132928,1.875,-66.90501286,5.625,-55.94384269,1.875,209.9580219,-1.875,71.94292687,1.875,4.535919134,5.625,-49.35308403,-1.875,267.5022873,-1.875,214.3603717,1.875,144.7033925,1.875,157.6115178,1.875,171.1791713,1.875,108.1579146,5.625,-8.657885399,5.625,107.0319001,1.875,88.88941695,1.875,105.9647216,-5.625,126.5550394,1.875,34.82344689,-5.625,-30.78383583,-1.875,232.1462355,5.625,147.9357866,5.625,-87.01055162,1.875,193.2255634,5.625,-60.46472548,-5.625,-3.87624054,-1.875,-7.441179286,1.875,258.8611687,5.625,-29.91657629,-5.625,61.87529228,-5.625,178.8985229,-5.625,170.335635,-1.875,192.1370286,1.875,-87.84067932,-5.625,-30.75998714,5.625
-54.58026102,5.625,-80.25042489,5.625,-92.92937605,-1.875,169.1829305,5.625,-74.86449461,-1.875,18.28173841,-1.875,-61.48495395,-1.875,287.075411,5.625,149.2418518,-1.875,-29.63646985,1.875,192.5270461,-1.875,-100.6738932,-5.625,50.86184362,1.875,-69.9227238,1.875,212.2619414,5.625,-42.62440729,1.875,-67.99636233,5.625,-56.89342429,1.875,211.0084631,-1.875,70.9263908,1.875,3.48187704,5.625,-48.34441057,-1.875,268.8153387,-1.875,213.3173251,1.875,143.6234277,1.875,156.7475459,1.875,170.1672184,1.875,106.9437241,5.625,-9.74677186,5.625,105.9841296,1.875,88.07618809,1.875,107.1030829,-5.625,125.5407975,1.875,35.89011877,-5.625,-29.9226639,-1.875,231.1457334,5.625,146.867299,5.625,-88.02395321,1.875,192.157819,5.625,-59.4194134,-5.625,-2.799775625,-1.875,-8.483361688,1.875,257.8926827,5.625,-28.72872165,-5.625,62.87705024,-5.625,180.3214745,-5.625,171.4183524,-1.875,191.3274662,1.875,-86.82881722,-5.625,-31.78260778,5.625
-55.63668731,5.625,-81.27535865,5.625,-91.16172007,-1.875,168.1486345,5.625,-73.82482825,-1.875,19.29269344,-1.875,-60.41091845,-1.875,285.9004484,5.625,150.2899223,-1.875,-30.44536144,1.875,193.5438732,-1.875,-99.86440351,-5.625,49.81170306,1.875,-71.0017938,1.875,211.2283649,5.625,-43.63552178,1.875,-69.0877118,5.625,-57.93796406,1.875,212.0589042,-1.875,69.90985474,1.875,2.427834945,5.625,-47.33573711,-1.875,270.1283901,-1.875,212.4553031,1.875,142.5434629,1.875,155.70214,1.875,169.1552655,1.875,105.7295337,5.625,-10.83565832,5.625,105.1182035,1.875,86.99378049,1.875,108.2414442,-5.625,124.5265556,1.875,36.69152513,-5.625,-28.88064586,-1.875,230.1452313,5.625,145.7988115,5.625,-89.03735479,1.875,191.0900746,5.625,-58.37410132,-5.625,-1.72331071,-1.875,-9.344669458,1.875,256.9241967,5.625,-27.54086701,-5.625,63.8788082,-5.625,181.7444262,-5.625,172.5010698,-1.875,190.2499388,1.875,-85.81695512,-5.625,-32.80522843,5.625
-56.69311359,5.625,-82.30029241,5.625,-89.39406408,-1.875,167.1143386,5.625,-72.78516188,-1.875,20.30364847,-1.875,-59.33688295,-1.875,284.7254858,5.625,151.3379927,-1.875,-31.52199616,1.875,194.5607002,-1.875,-99.05491383,-5.625,48.76156249,1.875,-72.08086381,1.875,210.1947883,5.625,-44.64663628,1.875,-70.17906126,5.625,-58.98250383,1.875,213.1093454,-1.875,68.89331867,1.875,1.373792851,5.625,-46.32706365,-1.875,271.4414416,-1.875,211.4122565,1.875,141.4634982,1.875,154.6567341,1.875,168.1433125,1.875,104.5153433,5.625,-11.65375484,5.625,104.0704329,1.875,85.91137288,1.875,109.3798055,-5.625,123.5123137,1.875,37.75819701,-5.625,-27.83862782,-1.875,229.1447292,5.625,144.7303239,5.625,-90.05075637,1.875,190.0223303,5.625,-57.32878924,-5.625,-0.646845794,-1.875,-10.38685186,1.875,255.9557106,5.625,-26.35301237,-5.625,64.88056616,-5.625,183.1673778,-5.625,173.5837872,-1.875,189.1724113,1.875,-84.80509303,-5.625,-33.82784907,5.625
-57.74953988,5.625,-83.32522617,5.625,-87.62640809,-1.875,166.0800426,5.625,-71.74549552,-1.875,21.3146035,-1.875,-58.26284745,-1.875,283.5505231,5.625,152.3860632,-1.875,-32.59863087,1.875,195.5775272,-1.875,-98.24542415,-5.625,47.71142193,1.875,-72.89158508,1.875,209.1612118,5.625,-45.65775077,1.875,-71.27041073,5.625,-60.02704359,1.875,214.1597865,-1.875,67.8767826,1.875,0.319750757,5.625,-45.31839019,-1.875,272.754493,-1.875,210.3692099,1.875,140.6521046,1.875,153.6113282,1.875,167.1313596,1.875,103.3011529,5.625,-12.7426413,5.625,103.0226624,1.875,84.82896528,1.875,110.5181669,-5.625,122.4980718,1.875,38.82486889,-5.625,-26.79660979,-1.875,228.1442271,5.625,143.6618364,5.625,-91.06415796,1.875,188.9545859,5.625,-56.28347715,-5.625,0.161918229,-1.875,-11.42903426,1.875,254.9872246,5.625,-25.16515773,-5.625,65.88232412,-5.625,184.5903295,-5.625,174.3972489,-1.875,188.0948838,1.875,-83.79323093,-5.625,-34.85046971,5.625
-58.80596616,5.625,-84.35015993,5.625,-85.85875211,-1.875,165.0457467,5.625,-70.70582915,-1.875,22.32555853,-1.875,-57.45590868,-1.875,282.3755605,5.625,153.4341337,-1.875,-33.67526558,1.875,196.5943543,-1.875,-97.43593448,-5.625,46.66128136,1.875,-73.97065508,1.875,208.1276352,5.625,-46.66886526,1.875,-72.3617602,5.625,-60.9766252,1.875,215.2102277,-1.875,66.86024653,1.875,-0.734291338,5.625,-44.30971673,-1.875,274.0675444,-1.875,209.3261634,1.875,139.5721399,1.875,152.7473564,1.875,166.1194067,1.875,102.0869625,5.625,-13.83152776,5.625,101.9748918,1.875,84.01573642,1.875,111.6565282,-5.625,121.4838299,1.875,39.89154076,-5.625,-25.93543785,-1.875,227.143725,5.625,142.5933488,5.625,-92.07755954,1.875,187.8868415,5.625,-55.23816507,-5.625,1.238383144,-1.875,-12.47121666,1.875,254.0187386,5.625,-23.97730309,-5.625,66.88408208,-5.625,186.0132811,-5.625,175.4799663,-1.875,187.2853215,1.875,-82.78136884,-5.625,-35.87309036,5.625
-59.86239245,5.625,-85.37509369,5.625,-84.09109612,-1.875,164.0114507,5.625,-69.66616279,-1.875,23.33651356,-1.875,-56.38187318,-1.875,281.2005978,5.625,154.4822041,-1.875,-34.48415718,1.875,197.6111813,-1.875,-96.6264448,-5.625,45.6111408,1.875,-75.04972509,1.875,207.0940587,5.625,-47.67997976,1.875,-73.45310967,5.625,-61.9262068,1.875,216.2606688,-1.875,65.84371047,1.875,-1.788333432,5.625,-43.30104327,-1.875,275.3805959,-1.875,208.2831168,1.875,138.4921751,1.875,151.7019505,1.875,165.1074538,1.875,100.8727721,5.625,-14.92041422,5.625,101.1089657,1.875,82.93332882,1.875,112.7948895,-5.625,120.469588,1.875,40.69294713,-5.625,-24.89341982,-1.875,226.1432229,5.625,141.5248612,5.625,-93.09096112,1.875,186.8190972,5.625,-54.19285299,-5.625,2.314848059,-1.875,-13.51339906,1.875,253.0502525,5.625,-22.78944845,-5.625,67.88584004,-5.625,187.4362328,-5.625,176.5626837,-1.875,186.207794,1.875,-81.76950674,-5.625,-36.895711,5.625
-60.91881873,5.625,-86.40002745,5.625,-82.32344013,-1.875,162.9771547,5.625,-68.62649642,-1.875,24.34746859,-1.875,-55.30783768,-1.875,280.0256352,5.625,155.5302746,-1.875,-35.56079189,1.875,198.6280083,-1.875,-95.81695512,-5.625,44.56100023,1.875,-76.12879509,1.875,206.0604821,5.625,-48.69109425,1.875,-74.27305667,5.625,-62.97074657,1.875,217.31111,-1.875,64.8271744,1.875,-2.842375526,5.625,-42.29236981,-1.875,276.6936473,-1.875,207.2400702,1.875,137.4122103,1.875,150.6565446,1.875,164.0955009,1.875,99.65858166,5.625,-15.73851073,5.625,100.0611951,1.875,81.85092121,1.875,113.9332508,-5.625,119.4553461,1.875,41.759619,-5.625,-23.85140178,-1.875,225.1427208,5.625,140.4563737,5.625,-94.10436271,1.875,185.7513528,5.625,-53.14754091,-5.625,3.391312974,-1.875,-14.55558147,1.875,252.0817665,5.625,-21.60159381,-5.625,68.887598,-5.625,188.8591844,-5.625,177.6454011,-1.875,185.1302666,1.875,-80.75764465,-5.625,-37.91833164,5.625
-61.97524502,5.625,-87.42496121,5.625,-81.31704309,-1.875,161.9428588,5.625,-67.58683006,-1.875,25.35842361,-1.875,-54.23380218,-1.875,278.8506726,5.625,156.5783451,-1.875,-36.6374266,1.875,199.6448354,-1.875,-95.00746545,-5.625,43.51085966,1.875,-76.93951636,1.875,205.0269056,5.625,-49.70220874,1.875,-75.36440614,5.625,-64.01528633,1.875,218.3615511,-1.875,63.81063833,1.875,-3.713484695,5.625,-41.28369635,-1.875,278.0066987,-1.875,206.1970236,1.875,136.6008168,1.875,149.6111387,1.875,163.083548,1.875,98.44439125,5.625,-16.82739719,5.625,99.01342459,1.875,80.76851361,1.875,115.0716121,-5.625,118.4411042,1.875,42.82629088,-5.625,-22.80938374,-1.875,224.1422187,5.625,139.3878861,5.625,-95.11776429,1.875,184.6836084,5.625,-52.10222882,-5.625,4.200076997,-1.875,-15.59776387,1.875,251.1132805,5.625,-20.41373917,-5.625,69.88935596,-5.625,190.2821361,-5.625,178.4588628,-1.875,184.0527391,1.875,-79.74578255,-5.625,-38.94095229,5.625
-63.0316713,5.625,-88.44989497,5.625,-80.31064605,-1.875,160.9085628,5.625,-66.54716369,-1.875,26.36937864,-1.875,-53.42686341,-1.875,277.6757099,5.625,157.444519,-1.875,-37.71406131,1.875,200.6616624,-1.875,-94.19797577,-5.625,42.4607191,1.875,-78.01858637,1.875,203.993329,5.625,-50.71332324,1.875,-76.45575561,5.625,-64.96486794,1.875,219.4119923,-1.875,62.79410226,1.875,-4.767526789,5.625,-40.27502289,-1.875,279.3197502,-1.875,205.153977,1.875,135.520852,1.875,148.5657328,1.875,162.071595,1.875,97.23020084,5.625,-17.91628366,5.625,97.96565403,1.875,79.95528476,1.875,116.2099735,-5.625,117.4268623,1.875,43.89296276,-5.625,-21.7673657,-1.875,223.1417166,5.625,138.3193985,5.625,-96.13116587,1.875,183.6158641,5.625,-51.05691674,-5.625,5.276541912,-1.875,-16.63994627,1.875,250.1447945,5.625,-19.22588453,-5.625,70.89111392,-5.625,191.7050877,-5.625,179.5415802,-1.875,183.2431768,1.875,-78.73392045,-5.625,-39.96357293,5.625
-64.08809758,5.625,-89.47482873,5.625,-79.30424901,-1.875,159.8742668,5.625,-65.50749733,-1.875,27.38033367,-1.875,-52.35282791,-1.875,276.5007473,5.625,158.4925895,-1.875,-38.52295291,1.875,201.6784894,-1.875,-93.38848609,-5.625,41.41057853,1.875,-79.09765637,1.875,202.9597525,5.625,-51.72443773,1.875,-77.54710508,5.625,-66.0094077,1.875,220.4624334,-1.875,61.7775662,1.875,-5.821568884,5.625,-39.26634943,-1.875,280.6328016,-1.875,204.291955,1.875,134.4408872,1.875,147.5203269,1.875,161.0596421,1.875,96.01601042,5.625,-19.00517012,5.625,96.91788346,1.875,78.87287715,1.875,117.3483348,-5.625,116.4126204,1.875,44.69436912,-5.625,-20.72534767,-1.875,222.1412145,5.625,137.250911,5.625,-97.14456746,1.875,182.5481197,5.625,-50.01160466,-5.625,6.353006827,-1.875,-17.50125404,1.875,249.0794598,5.625,-18.03802989,-5.625,71.89287188,-5.625,193.1280393,-5.625,180.6242976,-1.875,182.1656493,1.875,-77.72205836,-5.625,-40.98619357,5.625
-65.14452387,5.625,-90.49976249,5.625,-78.29785197,-1.875,158.8399709,5.625,-64.46783096,-1.875,28.3912887,-1.875,-51.27879241,-1.875,275.3257847,5.625,159.5406599,-1.875,-39.59958762,1.875,202.6953165,-1.875,-92.57899642,-5.625,40.36043797,1.875,-80.17672638,1.875,201.9261759,5.625,-52.73555222,1.875,-78.36705208,5.625,-67.05394747,1.875,221.5128746,-1.875,60.76103013,1.875,-6.875610978,5.625,-38.25767597,-1.875,281.945853,-1.875,203.2489084,1.875,133.3609224,1.875,146.474921,1.875,160.0476892,1.875,94.80182001,5.625,-19.82326663,5.625,95.8701129,1.875,77.79046955,1.875,118.4866961,-5.625,115.3983785,1.875,45.761041,-5.625,-19.68332963,-1.875,221.1407124,5.625,136.1824234,5.625,-98.15796904,1.875,181.4803753,5.625,-48.96629258,-5.625,7.429471742,-1.875,-18.54343644,1.875,248.1109738,5.625,-16.85017526,-5.625,72.89462984,-5.625,194.550991,-5.625,181.707015,-1.875,181.0881218,1.875,-76.71019626,-5.625,-42.00881422,5.625
-66.20095015,5.625,-91.52469625,5.625,-77.29145493,-1.875,157.8056749,5.625,-63.4281646,-1.875,29.40224373,-1.875,-50.2047569,-1.875,274.150822,5.625,160.5887304,-1.875,-40.67622233,1.875,203.7121435,-1.875,-91.76950674,-5.625,39.3102974,1.875,-80.98744764,1.875,200.8925994,5.625,-53.74666672,1.875,-79.45840155,5.625,-68.09848724,1.875,222.5633157,-1.875,59.74449406,1.875,-7.746720147,5.625,-37.24900251,-1.875,283.2589045,-1.875,202.2058619,1.875,132.5495289,1.875,145.429515,1.875,159.0357363,1.875,93.58762959,5.625,-20.91215309,5.625,94.82234234,1.875,76.70806194,1.875,119.6250574,-5.625,114.3841366,1.875,46.82771287,-5.625,-18.64131159,-1.875,220.1402103,5.625,135.1139358,5.625,-99.17137062,1.875,180.412631,5.625,-47.92098049,-5.625,8.238235766,-1.875,-19.58561884,1.875,247.1424878,5.625,-15.66232062,-5.625,73.8963878,-5.625,195.9739426,-5.625,182.7897324,-1.875,180.0105944,1.875,-75.69833417,-5.625,-43.03143486,5.625
-67.25737644,5.625,-92.54963001,5.625,-76.28505789,-1.875,156.771379,5.625,-62.38849823,-1.875,30.41319876,-1.875,-49.39781814,-1.875,272.9758594,5.625,161.6368009,-1.875,-41.75285704,1.875,204.7289705,-1.875,-90.96001706,-5.625,38.26015684,1.875,-82.06651765,1.875,199.8590228,5.625,-54.75778121,1.875,-80.54975102,5.625,-69.04806884,1.875,223.6137569,-1.875,58.72795799,1.875,-8.800762241,5.625,-36.24032905,-1.875,284.5719559,-1.875,201.1628153,1.875,131.4695641,1.875,144.5655432,1.875,158.0237834,1.875,92.37343918,5.625,-22.00103955,5.625,93.77457178,1.875,75.89483309,1.875,120.7634187,-5.625,113.3698947,1.875,47.89438475,-5.625,-17.78013966,-1.875,219.1397082,5.625,134.0454483,5.625,300,5.625,179.3448866,5.625,-46.87566841,-5.625,9.314700681,-1.875,-20.62780124,1.875,246.0771531,5.625,-14.47446598,-5.625,74.89814576,-5.625,197.3968943,-5.625,183.6031941,-1.875,179.201032,1.875,-74.68647207,-5.625,-44.0540555,5.625
-68.31380272,5.625,-93.57456377,5.625,-75.27866085,-1.875,155.737083,5.625,-61.52926983,-1.875,31.42415379,-1.875,-48.32378264,-1.875,271.8008968,5.625,162.5029748,-1.875,-42.82949176,1.875,205.7457975,-1.875,-90.15052739,-5.625,37.21001627,1.875,-83.14558766,1.875,198.8254463,5.625,-55.7688957,1.875,-81.64110049,5.625,-70.09260861,1.875,224.664198,-1.875,57.71142193,1.875,-9.854804335,5.625,-35.23165559,-1.875,285.8850073,-1.875,200.3007933,1.875,130.3895994,1.875,143.5201373,1.875,157.0118305,1.875,91.15924877,5.625,-23.08992601,5.625,92.9086457,1.875,74.81242548,1.875,121.90178,-5.625,112.3556528,1.875,48.96105662,-5.625,-16.73812162,-1.875,218.1392061,5.625,132.9769607,5.625,298.9915643,5.625,178.2771422,5.625,-45.83035633,-5.625,10.3911656,-1.875,-21.66998365,1.875,245.0118185,5.625,-13.28661134,-5.625,75.89990372,-5.625,198.8198459,-5.625,184.6859115,-1.875,178.1235046,1.875,-73.67460997,-5.625,-45.07667615,5.625
-69.37022901,5.625,-94.59949753,5.625,-74.27226381,-1.875,154.702787,5.625,-60.48960347,-1.875,32.43510882,-1.875,-47.24974713,-1.875,270.6259341,5.625,163.5510453,-1.875,-43.63838335,1.875,206.7626246,-1.875,-89.34103771,-5.625,36.15987571,1.875,-84.22465766,1.875,197.7918697,5.625,-56.7800102,1.875,-82.46104749,5.625,-71.13714837,1.875,225.7146391,-1.875,56.69488586,1.875,-10.90884643,5.625,-34.22298213,-1.875,287.1980588,-1.875,199.2577467,1.875,129.3096346,1.875,142.4747314,1.875,155.9998775,1.875,89.94505835,5.625,-23.90802253,5.625,91.86087514,1.875,73.73001788,1.875,123.0401414,-5.625,111.3414109,1.875,49.76246299,-5.625,-15.69610358,-1.875,217.138704,5.625,131.9084731,5.625,297.9831286,5.625,177.2093979,5.625,-44.78504425,-5.625,11.46763051,-1.875,-22.53129142,1.875,243.9464839,5.625,-12.0987567,-5.625,76.90166168,-5.625,200.2427976,-5.625,185.7686289,-1.875,177.0459771,1.875,-72.66274788,-5.625,-46.09929679,5.625
-70.42665529,5.625,-95.62443128,5.625,-73.26586677,-1.875,153.6684911,5.625,-59.4499371,-1.875,33.44606385,-1.875,-46.17571163,-1.875,269.4509715,5.625,164.5991157,-1.875,-44.71501806,1.875,207.7794516,-1.875,-88.53154803,-5.625,35.10973514,1.875,-85.30372767,1.875,196.7582932,5.625,-57.79112469,1.875,-83.55239696,5.625,-72.18168814,1.875,226.7650803,-1.875,55.67834979,1.875,-11.7799556,5.625,-33.21430866,-1.875,288.5111102,-1.875,198.2147001,1.875,128.4982411,1.875,141.4293255,1.875,154.9879246,1.875,88.73086794,5.625,-24.99690899,5.625,90.81310457,1.875,72.64761027,1.875,124.1785027,-5.625,110.327169,1.875,50.82913487,-5.625,-14.65408554,-1.875,216.1382019,5.625,130.8399856,5.625,296.9746929,5.625,176.1416535,5.625,-43.73973216,-5.625,12.27639453,-1.875,-23.57347382,1.875,242.8811492,5.625,-10.91090206,-5.625,77.90341963,-5.625,201.6657492,-5.625,186.8513463,-1.875,175.9684496,1.875,-71.65088578,-5.625,-47.12191743,5.625
-71.48308158,5.625,-96.64936504,5.625,-72.25946972,-1.875,152.6341951,5.625,-58.41027074,-1.875,34.45701888,-1.875,-45.36877287,-1.875,268.2760089,5.625,165.6471862,-1.875,-45.79165278,1.875,208.7962786,-1.875,-87.72205836,-5.625,34.05959457,1.875,-86.38279767,1.875,195.7247167,5.625,-58.80223918,1.875,-84.64374643,5.625,-73.2262279,1.875,227.8155214,-1.875,54.66181372,1.875,-12.83399769,5.625,-32.2056352,-1.875,289.8241616,-1.875,197.1716535,1.875,127.4182763,1.875,140.5653537,1.875,153.9759717,1.875,87.51667752,5.625,-26.08579545,5.625,89.76533401,1.875,71.83438142,1.875,125.316864,-5.625,109.312927,1.875,51.89580674,-5.625,-13.79291361,-1.875,215.1376998,5.625,129.771498,5.625,295.9662571,5.625,175.0739091,5.625,-42.69442008,-5.625,13.35285945,-1.875,-24.61565622,1.875,241.8158146,5.625,-9.72304742,-5.625,78.90517759,-5.625,203.0887009,-5.625,187.664808,-1.875,175.1588873,1.875,-70.63902369,-5.625,-48.14453808,5.625
-72.53950786,5.625,-97.6742988,5.625,-71.25307268,-1.875,151.5998991,5.625,-57.37060437,-1.875,35.46797391,-1.875,-44.29473736,-1.875,267.1010462,5.625,166.6952567,-1.875,-46.86828749,1.875,209.8131057,-1.875,-86.91256868,-5.625,33.00945401,1.875,-87.46186768,1.875,194.6911401,5.625,-59.81335368,1.875,-85.7350959,5.625,-74.27076767,1.875,228.8659626,-1.875,53.64527766,1.875,-13.88803979,5.625,-31.19696174,-1.875,291.1372131,-1.875,196.128607,1.875,126.3383115,1.875,139.5199478,1.875,152.9640188,1.875,86.30248711,5.625,-27.17468191,5.625,88.89940793,1.875,70.75197382,1.875,126.4552253,-5.625,108.2986851,1.875,52.96247862,-5.625,-12.75089558,-1.875,214.1371977,5.625,128.7030104,5.625,294.9578214,5.625,174.0061648,5.625,-41.649108,-5.625,14.42932436,-1.875,-25.65783862,1.875,240.75048,5.625,-8.535192781,-5.625,79.90693555,-5.625,204.5116525,-5.625,188.7475254,-1.875,174.0813598,1.875,-69.62716159,-5.625,-49.16715872,5.625
-73.59593415,5.625,-98.69923256,5.625,-70.24667564,-1.875,150.5656032,5.625,-56.33093801,-1.875,36.47892894,-1.875,-43.22070186,-1.875,265.9260836,5.625,167.7433271,-1.875,-47.67717908,1.875,210.8299327,-1.875,-86.103079,-5.625,31.95931344,1.875,-88.54093769,1.875,193.6575636,5.625,-60.82446817,1.875,-86.5550429,5.625,-75.31530744,1.875,229.9164037,-1.875,52.62874159,1.875,-14.94208188,5.625,-30.18828828,-1.875,292.4502645,-1.875,195.0855604,1.875,125.2583467,1.875,138.4745419,1.875,151.9520659,1.875,85.08829669,5.625,-27.99277843,5.625,87.85163737,1.875,69.66956621,1.875,127.5935866,-5.625,107.2844432,1.875,53.76388499,-5.625,-11.70887754,-1.875,213.1366956,5.625,127.6345229,5.625,293.9493857,5.625,172.9384204,5.625,-40.60379592,-5.625,15.50578928,-1.875,-26.70002102,1.875,239.6851453,5.625,-7.347338142,-5.625,80.90869351,-5.625,205.9346042,-5.625,189.8302428,-1.875,173.0038324,1.875,-68.61529949,-5.625,-50.18977936,5.625
-74.46901372,5.625,-99.72416632,5.625,-69.2402786,-1.875,149.5313072,5.625,-55.29127164,-1.875,37.48988396,-1.875,-42.14666636,-1.875,264.751121,5.625,168.7913976,-1.875,-48.7538138,1.875,211.8467597,-1.875,-85.29358933,-5.625,30.90917288,1.875,-89.62000769,1.875,192.623987,5.625,-61.83558266,1.875,-87.64639237,5.625,-76.3598472,1.875,230.9668449,-1.875,51.61220552,1.875,-15.99612398,5.625,-29.17961482,-1.875,293.7633159,-1.875,194.0425138,1.875,124.4469532,1.875,137.429136,1.875,150.940113,1.875,83.87410628,5.625,-29.08166489,5.625,86.80386681,1.875,68.58715861,1.875,128.731948,-5.625,106.2702013,1.875,54.83055686,-5.625,-10.6668595,-1.875,212.1361935,5.625,126.5660353,5.625,292.94095,5.625,171.870676,5.625,-39.55848383,-5.625,16.3145533,-1.875,-27.74220342,1.875,238.6198107,5.625,-6.159483503,-5.625,81.91045147,-5.625,207.3575558,-5.625,190.9129602,-1.875,171.9263049,1.875,-67.6034374,-5.625,-51.21240001,5.625
-75.52544,5.625,301.9325143,5.625,-68.23388156,-1.875,148.4970113,5.625,-54.25160528,-1.875,38.50083899,-1.875,-41.33972759,-1.875,263.5761583,5.625,169.8394681,-1.875,-49.83044851,1.875,212.8635868,-1.875,-84.48409965,-5.625,29.85903231,1.875,-90.6990777,1.875,191.5904105,5.625,-62.84669716,1.875,-88.73774184,5.625,-77.40438697,1.875,232.017286,-1.875,50.59566945,1.875,-17.05016607,5.625,-28.17094136,-1.875,295.0763674,-1.875,192.9994672,1.875,123.3669884,1.875,136.5651641,1.875,149.92816,1.875,82.65991587,5.625,-30.17055135,5.625,85.75609625,1.875,67.77392975,1.875,129.8703093,-5.625,105.2559594,1.875,55.89722874,-5.625,-9.805687567,-1.875,211.1356914,5.625,125.4975478,5.625,291.9325143,5.625,170.8029317,5.625,-38.51317175,-5.625,17.39101822,-1.875,-28.78438583,1.875,237.5544761,5.625,-4.971628864,-5.625,82.91220943,-5.625,208.7805075,-5.625,191.7264219,-1.875,171.1167426,1.875,-66.5915753,-5.625,-52.23502065,5.625
-76.58186629,5.625,301.1257657,5.625,-67.22748452,-1.875,147.4627153,5.625,-53.39237688,-1.875,39.51179402,-1.875,-40.26569209,-1.875,262.4011957,5.625,170.705642,-1.875,-50.90708322,1.875,213.8804138,-1.875,-83.67460997,-5.625,28.80889175,1.875,-91.7781477,1.875,190.5568339,5.625,-63.85781165,1.875,-89.82909131,5.625,-78.44892673,1.875,233.0677272,-1.875,49.57913339,1.875,-18.10420816,5.625,-27.1622679,-1.875,296.3894188,-1.875,192.1374452,1.875,122.2870236,1.875,135.5197582,1.875,148.9162071,1.875,81.44572545,5.625,-31.25943781,5.625,84.89017016,1.875,66.69152215,1.875,131.0086706,-5.625,104.2417175,1.875,56.96390061,-5.625,-8.76366953,-1.875,210.1351894,5.625,124.4290602,5.625,290.9240786,5.625,169.7351873,5.625,-37.46785967,-5.625,18.46748313,-1.875,-29.82656823,1.875,236.4891414,5.625,-3.783774224,-5.625,83.91396739,-5.625,210.2034591,-5.625,192.8091393,-1.875,170.0392151,1.875,-65.57971321,-5.625,-53.25764129,5.625
-77.63829257,5.625,300.3190171,5.625,-66.22108748,-1.875,146.4284193,5.625,-52.35271051,-1.875,40.52274905,-1.875,-39.19165659,-1.875,261.2262331,5.625,171.7537125,-1.875,-51.71597482,1.875,214.8972408,-1.875,-82.8651203,-5.625,27.75875118,1.875,-92.85721771,1.875,189.5232574,5.625,-64.86892614,1.875,-90.92044077,5.625,-79.4934665,1.875,234.1181683,-1.875,48.56259732,1.875,-19.15825026,5.625,-26.15359444,-1.875,297.7024703,-1.875,191.0943986,1.875,121.2070589,1.875,134.4743523,1.875,147.9042542,1.875,80.23153504,5.625,-32.07753432,5.625,83.8423996,1.875,65.60911454,1.875,132.1470319,-5.625,103.2274756,1.875,57.76530698,-5.625,-7.721651492,-1.875,209.1346873,5.625,123.3605726,5.625,289.9156428,5.625,168.6674429,5.625,-36.42254759,-5.625,19.54394805,-1.875,-30.687876,1.875,235.4238068,5.625,-2.595919585,-5.625,84.91572535,-5.625,211.6264108,-5.625,193.8918567,-1.875,168.9616876,1.875,-64.56785111,-5.625,-54.28026194,5.625
-78.69471886,5.625,299.5122686,5.625,-65.21469044,-1.875,145.3941234,5.625,-51.31304415,-1.875,41.53370408,-1.875,-38.11762109,-1.875,260.0512704,5.625,172.8017829,-1.875,-52.79260953,1.875,215.9140678,-1.875,-82.05563062,-5.625,26.70861062,1.875,-93.93628772,1.875,188.4896808,5.625,-65.88004064,1.875,-92.01179024,5.625,-80.53800626,1.875,235.1686095,-1.875,47.54606125,1.875,-20.02935943,5.625,-25.14492098,-1.875,299.0155217,-1.875,190.051352,1.875,120.3956653,1.875,133.4289464,1.875,146.8923013,1.875,79.01734462,5.625,-33.16642079,5.625,82.79462904,1.875,64.52670694,1.875,133.2853932,-5.625,102.2132337,1.875,58.83197886,-5.625,-6.679633454,-1.875,208.1341852,5.625,122.2920851,5.625,288.9072071,5.625,167.5996986,5.625,-35.3772355,-5.625,20.35271207,-1.875,-31.7300584,1.875,234.3584722,5.625,-1.408064946,-5.625,85.91748331,-5.625,213.0493624,-5.625,194.9745741,-1.875,167.8841602,1.875,-63.55598902,-5.625,-55.30288258,5.625
-79.75114514,5.625,298.70552,5.625,-64.2082934,-1.875,144.3598274,5.625,-50.27337778,-1.875,42.54465911,-1.875,-37.31068232,-1.875,258.8763078,5.625,173.8498534,-1.875,-53.86924424,1.875,216.9308949,-1.875,-81.24614094,-5.625,25.65847005,1.875,-95.01535772,1.875,187.4561043,5.625,-66.89115513,1.875,-93.10313971,5.625,-81.58254603,1.875,236.2190506,-1.875,46.52952518,1.875,-21.08340152,5.625,-24.13624752,-1.875,300,1.875,189.0083055,1.875,119.3157006,1.875,132.3835405,1.875,145.8803484,1.875,77.80315421,5.625,-34.25530725,5.625,81.74685848,1.875,63.71347808,1.875,134.4237545,-5.625,101.1989918,1.875,59.89865073,-5.625,-5.637615416,-1.875,207.1336831,5.625,121.2235975,5.625,287.8987714,5.625,166.5319542,5.625,-34.33192342,-5.625,21.42917699,-1.875,-32.7722408,1.875,233.2931375,5.625,-0.220210307,-5.625,86.91924127,-5.625,214.4723141,-5.625,195.7880357,-1.875,166.8066327,1.875,-62.54412692,-5.625,-56.32550323,5.625
-80.80757143,5.625,297.8987714,5.625,-63.20189635,-1.875,143.3255314,5.625,-49.41414938,-1.875,43.55561414,-1.875,-36.23664682,-1.875,257.7013452,5.625,174.7160273,-1.875,-54.94587895,1.875,217.9477219,-1.875,-80.43665127,-5.625,24.60832948,1.875,-96.09442773,1.875,186.4225277,5.625,-67.90226962,1.875,-94.19448918,5.625,-82.6270858,1.875,237.2694918,-1.875,45.51298912,1.875,-22.13744362,5.625,-23.12757406,-1.875,297.6774608,1.875,187.9652589,1.875,118.2357358,1.875,131.3381346,1.875,144.8683955,1.875,76.5889638,5.625,-35.34419371,5.625,80.69908792,1.875,62.63107048,1.875,135.5621159,-5.625,100.1847499,1.875,60.96532261,-5.625,-4.595597379,-1.875,206.133181,5.625,120.1551099,5.625,286.8903357,5.625,165.4642098,5.625,-33.28661134,-5.625,22.5056419,-1.875,-33.8144232,1.875,232.2278029,5.625,0.967644332,-5.625,87.92099923,-5.625,215.8952657,-5.625,196.8707532,-1.875,165.9970704,1.875,-61.53226482,-5.625,-57.34812387,5.625
-81.86399771,5.625,297.0920228,5.625,-62.19549931,-1.875,142.2912355,5.625,-48.37448302,-1.875,44.56656917,-1.875,-35.16261132,-1.875,256.5263825,5.625,175.7640978,-1.875,-55.75477055,1.875,218.9645489,-1.875,-79.62716159,-5.625,23.55818892,1.875,-97.17349773,1.875,185.3889512,5.625,-68.91338412,1.875,-95.28583864,5.625,-83.67162556,1.875,238.3199329,-1.875,44.49645305,1.875,-23.19148571,5.625,-22.1189006,-1.875,295.3549215,1.875,187.1032369,1.875,117.155771,1.875,130.2927287,1.875,143.8564425,1.875,75.37477338,5.625,-36.43308017,5.625,79.65131735,1.875,61.54866287,1.875,136.7004772,-5.625,99.17050801,1.875,61.76672898,-5.625,-3.553579341,-1.875,205.1326789,5.625,119.0866224,5.625,285.8819,5.625,164.3964655,5.625,-32.24129926,-5.625,23.58210682,-1.875,-34.67573097,1.875,231.1624683,5.625,2.155498972,-5.625,88.92275719,-5.625,217.3182174,-5.625,197.9534706,-1.875,164.9195429,1.875,-60.52040273,-5.625,-58.37074451,5.625
-82.920424,5.625,296.2852743,5.625,-61.18910227,-1.875,141.2569395,5.625,-47.33481665,-1.875,45.5775242,-1.875,-34.08857582,-1.875,255.3514199,5.625,176.8121683,-1.875,-56.83140526,1.875,219.981376,-1.875,-78.81767191,-5.625,22.50804835,1.875,-98.25256774,1.875,184.3553746,5.625,-69.92449861,1.875,-96.37718811,5.625,-84.71616533,1.875,239.3703741,-1.875,43.47991698,1.875,-24.2455278,5.625,-21.11022714,-1.875,293.0323823,1.875,186.0601903,1.875,116.3443775,1.875,129.2473228,1.875,142.8444896,1.875,74.16058297,5.625,-37.25117668,5.625,78.60354679,1.875,60.46625527,1.875,137.8388385,-5.625,98.15626611,1.875,62.83340085,-5.625,-2.511561303,-1.875,204.1321768,5.625,118.0181348,5.625,284.8734643,5.625,163.3287211,5.625,-31.19598717,-5.625,24.39087084,-1.875,-35.71791337,1.875,230.0971336,5.625,3.343353611,-5.625,89.92451515,-5.625,218.741169,-5.625,199.036188,-1.875,163.8420154,1.875,-59.50854063,-5.625,-59.39336516,5.625
-83.97685028,5.625,295.4785257,5.625,-60.18270523,-1.875,140.2226436,5.625,-46.29515029,-1.875,46.58847923,-1.875,-33.28163705,-1.875,254.1764573,5.625,177.8602387,-1.875,-57.90803997,1.875,220.998203,-1.875,-78.00818224,-5.625,21.45790779,1.875,-99.33163775,1.875,183.3217981,5.625,-70.9356131,1.875,-97.46853758,5.625,-85.76070509,1.875,240.4208152,-1.875,42.46338091,1.875,-25.2995699,5.625,-20.10155368,-1.875,290.709843,1.875,185.0171437,1.875,115.2644127,1.875,128.383351,1.875,141.8325367,1.875,72.94639255,5.625,-38.34006315,5.625,77.55577623,1.875,59.38384767,1.875,138.9771998,-5.625,97.14202421,1.875,63.90007273,-5.625,-1.650389371,-1.875,203.1316747,5.625,116.9496472,5.625,283.8650286,5.625,162.2609768,5.625,-30.15067509,-5.625,25.46733575,-1.875,-36.76009578,1.875,229.296732,5.625,4.53120825,-5.625,90.92627311,-5.625,220.1641206,-5.625,199.8496496,-1.875,162.764488,1.875,-58.49667854,-5.625,-60.4159858,5.625
-85.03327656,5.625,294.6717771,5.625,-59.17630819,-1.875,139.1883476,5.625,-45.25548392,-1.875,47.59943426,-1.875,-32.20760155,-1.875,253.0014946,5.625,178.7264127,-1.875,-58.98467468,1.875,222.01503,-1.875,-77.19869256,-5.625,20.40776722,1.875,300,1.875,182.2882216,5.625,-71.9467276,1.875,-98.55988705,5.625,-86.80524486,1.875,241.4712564,-1.875,41.44684485,1.875,-26.35361199,5.625,-19.09288022,-1.875,288.3873038,1.875,183.9740971,1.875,114.1844479,1.875,127.3379451,1.875,140.8205838,1.875,71.73220214,5.625,-39.42894961,5.625,76.50800567,1.875,58.57061881,1.875,140.1155611,-5.625,96.1277823,1.875,64.9667446,-5.625,-0.608371333,-1.875,202.1311726,5.625,115.8811597,5.625,282.8565928,5.625,161.1932324,5.625,-29.10536301,-5.625,26.54380067,-1.875,-37.80227818,1.875,228.2313973,5.625,5.719062889,-5.625,91.92803107,-5.625,221.5870723,-5.625,200.9323671,-1.875,161.9549256,1.875,-57.48481644,-5.625,-61.43860644,5.625
-86.08970285,5.625,293.8650286,5.625,-58.16991115,-1.875,138.1540516,5.625,-44.21581756,-1.875,48.61038929,-1.875,-31.13356605,-1.875,251.826532,5.625,179.7744831,-1.875,-59.79356628,1.875,223.0318571,-1.875,-76.38920288,-5.625,19.35762666,1.875,298.1419686,1.875,181.254645,5.625,-72.95784209,1.875,-99.65123651,5.625,-87.84978462,1.875,242.5216975,-1.875,40.43030878,1.875,-27.40765409,5.625,-18.08420676,-1.875,286.0647645,1.875,182.9310506,1.875,113.1044831,1.875,126.2925392,1.875,139.8086309,1.875,70.51801172,5.625,-40.51783607,5.625,75.64207959,1.875,57.48821121,1.875,141.2539224,-5.625,95.1135404,1.875,65.76815097,-5.625,0.433646704,-1.875,201.1306705,5.625,114.8126721,5.625,281.8481571,5.625,160.125488,5.625,-28.06005093,-5.625,27.62026558,-1.875,-38.66358595,1.875,227.1660627,5.625,6.906917528,-5.625,92.92978903,-5.625,223.0100239,-5.625,202.0150845,-1.875,160.8773982,1.875,-56.47295434,-5.625,-62.46122709,5.625
-87.14612913,5.625,293.05828,5.625,-57.16351411,-1.875,137.1197557,5.625,-43.1761512,-1.875,49.62134431,-1.875,-30.05953055,-1.875,250.6515694,5.625,180.8225536,-1.875,-60.87020099,1.875,224.0486841,-1.875,-75.57971321,-5.625,18.30748609,1.875,296.2839372,1.875,180.2210685,5.625,-73.96895658,1.875,-100,-1.875,-88.89432439,1.875,243.5721387,-1.875,39.41377271,1.875,-28.46169618,5.625,-17.0755333,-1.875,283.7422253,1.875,181.888004,1.875,112.2930896,1.875,125.2471333,1.875,138.796678,1.875,69.30382131,5.625,-41.33593258,5.625,74.59430903,1.875,56.4058036,1.875,142.3922838,-5.625,94.0992985,1.875,66.83482285,-5.625,1.475664742,-1.875,200.1301684,5.625,113.7441845,5.625,280.8397214,5.625,159.0577437,5.625,-27.01473884,-5.625,28.6967305,-1.875,-39.70576835,1.875,226.1007281,5.625,8.094772168,-5.625,93.93154699,-5.625,224.4329756,-5.625,203.0978019,-1.875,159.7998707,1.875,-55.46109225,-5.625,-63.48384773,5.625
-88.20255542,5.625,292.2515314,5.625,-56.15711707,-1.875,136.0854597,5.625,-42.13648483,-1.875,50.63229934,-1.875,-29.25259178,-1.875,249.4766067,5.625,181.870624,-1.875,-61.9468357,1.875,225.0655111,-1.875,-74.77022353,-5.625,17.25734553,1.875,294.4259058,1.875,179.1874919,5.625,-74.98007108,1.875,-97.95271731,-1.875,-89.93886416,1.875,244.6225798,-1.875,38.39723664,1.875,-29.33280535,5.625,-16.06685984,-1.875,281.419686,1.875,180.8449574,1.875,111.2131248,1.875,124.3831614,1.875,137.784725,1.875,68.0896309,5.625,-42.42481904,5.625,73.54653846,1.875,55.323396,1.875,143.5306451,-5.625,93.08505659,1.875,67.90149472,-5.625,2.51768278,-1.875,199.1296663,5.625,112.675697,5.625,279.8312857,5.625,157.9899993,5.625,-25.96942676,-5.625,29.50549452,-1.875,-40.74795075,1.875,225.3003264,5.625,9.282626807,-5.625,94.93330495,-5.625,225.8559272,-5.625,203.9112635,-1.875,158.7223432,1.875,-54.44923015,-5.625,-64.50646837,5.625
-89.2589817,5.625,291.4447828,5.625,-55.15072003,-1.875,135.0511637,5.625,-41.27725643,-1.875,51.64325437,-1.875,-28.17855628,-1.875,248.3016441,5.625,182.9186945,-1.875,-63.02347042,1.875,226.0823382,-1.875,-73.96073385,-5.625,16.20720496,1.875,292.5678744,1.875,178.1539154,5.625,-75.99118557,1.875,-95.90543462,-1.875,-90.98340392,1.875,245.6730209,-1.875,37.38070058,1.875,-30.38684745,5.625,-15.05818637,-1.875,279.0971468,1.875,179.8019108,1.875,110.1331601,1.875,123.3377555,1.875,136.7727721,1.875,66.87544048,5.625,-43.5137055,5.625,72.4987679,1.875,54.51016714,1.875,144.6690064,-5.625,92.07081469,1.875,68.9681666,-5.625,3.378854712,-1.875,198.1291642,5.625,111.6072094,5.625,278.82285,5.625,156.9222549,5.625,-24.92411468,-5.625,30.58195944,-1.875,-41.79013315,1.875,224.2349918,5.625,10.47048145,-5.625,95.93506291,-5.625,227.2788789,-5.625,204.9939809,-1.875,157.9127809,1.875,-53.43736806,-5.625,-65.52908902,5.625
-90.31540799,5.625,290.6380343,5.625,-54.14432298,-1.875,134.0168678,5.625,-40.23759006,-1.875,52.6542094,-1.875,-27.10452078,-1.875,247.1266815,5.625,183.966765,-1.875,-63.83236201,1.875,227.0991652,-1.875,-73.15124418,-5.625,15.15706439,1.875,290.709843,1.875,177.1203388,5.625,-77.00230006,1.875,-93.85815194,-1.875,-92.02794369,1.875,246.7234621,-1.875,36.36416451,1.875,-31.44088954,5.625,-14.04951291,-1.875,276.7746075,1.875,178.9398888,1.875,109.0531953,1.875,122.2923496,1.875,135.7608192,1.875,65.66125007,5.625,-44.60259197,5.625,71.63284182,1.875,53.42775954,1.875,145.8073677,-5.625,91.05657279,1.875,69.76957296,-5.625,4.42087275,-1.875,197.1286621,5.625,110.5387219,5.625,277.8144143,5.625,155.8545106,5.625,-23.8788026,-5.625,31.65842435,-1.875,-42.83231555,1.875,223.1696571,5.625,11.65833609,-5.625,96.93682087,-5.625,228.7018305,-5.625,206.0766984,-1.875,156.8352534,1.875,-52.42550596,-5.625,-66.55170966,5.625
-91.37183427,5.625,289.8312857,5.625,-53.13792594,-1.875,132.9825718,5.625,-39.1979237,-1.875,53.66516443,-1.875,-26.03048528,-1.875,245.9517188,5.625,185.0148354,-1.875,-64.90899672,1.875,228.1159922,-1.875,-72.3417545,-5.625,14.10692383,1.875,288.8518116,1.875,176.0867623,5.625,-78.01341456,1.875,-91.81086925,-1.875,-93.07248345,1.875,247.7739032,-1.875,35.34762844,1.875,-32.49493163,5.625,-13.04083945,-1.875,274.4520683,1.875,177.8968422,1.875,108.2418018,1.875,121.2469437,1.875,134.7488663,1.875,64.44705965,5.625,-45.42068848,5.625,70.58507126,1.875,52.34535193,1.875,146.945729,-5.625,90.04233088,1.875,70.83624484,-5.625,5.462890788,-1.875,196.12816,5.625,109.4702343,5.625,276.8059785,5.625,154.7867662,5.625,-22.83349051,-5.625,32.73488927,-1.875,-43.87449795,1.875,222.1043225,5.625,12.84619072,-5.625,97.93857883,-5.625,230.1247822,-5.625,207.1594158,-1.875,155.757726,1.875,-51.41364387,-5.625,-67.5743303,5.625
-92.42826056,5.625,289.0245371,5.625,-52.1315289,-1.875,131.9482759,5.625,-38.15825734,-1.875,54.67611946,-1.875,-25.22354651,-1.875,244.7767562,5.625,186.0629059,-1.875,-65.98563144,1.875,229.1328192,-1.875,-71.53226482,-5.625,13.05678326,1.875,286.9937802,1.875,175.0531857,5.625,-79.02452905,1.875,-89.76358656,-1.875,-94.11702322,1.875,248.8243444,-1.875,34.33109237,1.875,-33.3660408,5.625,-12.03216599,-1.875,272.129529,1.875,176.8537956,1.875,107.161837,1.875,120.2015378,1.875,133.7369134,1.875,63.23286924,5.625,-46.50957494,5.625,69.5373007,1.875,51.26294433,1.875,148.0840904,-5.625,89.02808898,1.875,71.90291672,-5.625,6.504908825,-1.875,195.1276579,5.625,108.4017467,5.625,275.7975428,5.625,153.7190218,5.625,-21.78817843,-5.625,33.54365329,-1.875,-44.91668036,1.875,221.3039208,5.625,14.03404536,-5.625,98.94033679,-5.625,231.5477338,-5.625,207.9728774,-1.875,154.6801985,1.875,-50.40178177,-5.625,-68.59695095,5.625
-93.48468684,5.625,288.2177885,5.625,-51.12513186,-1.875,130.9139799,5.625,-37.29902893,-1.875,55.68707449,-1.875,-24.14951101,-1.875,243.6017935,5.625,186.9290798,-1.875,-67.06226615,1.875,230.1496463,-1.875,-70.72277515,-5.625,12.0066427,1.875,285.1357488,1.875,174.0196092,5.625,-80.03564354,1.875,-87.71630387,-1.875,-95.16156298,1.875,249.8747855,-1.875,33.31455631,1.875,-34.4200829,5.625,-11.02349253,-1.875,269.8069898,1.875,175.8107491,1.875,106.0818722,1.875,119.1561319,1.875,132.7249605,1.875,62.01867883,5.625,-47.5984614,5.625,68.48953014,1.875,50.44971548,1.875,149.2224517,-5.625,88.01384708,1.875,72.96958859,-5.625,7.546926863,-1.875,194.1271558,5.625,107.3332592,5.625,274.7891071,5.625,152.6512775,5.625,-20.74286635,-5.625,34.62011821,-1.875,-45.95886276,1.875,220.2385862,5.625,15.2219,-5.625,99.94209475,-5.625,232.9706855,-5.625,209.0555948,-1.875,153.8706362,1.875,-49.38991967,-5.625,-69.61957159,5.625
-94.54111312,5.625,287.41104,5.625,-50.11873482,-1.875,129.8796839,5.625,-36.25936257,-1.875,56.69802952,-1.875,-23.07547551,-1.875,242.4268309,5.625,187.9771503,-1.875,-67.87115774,1.875,231.1664733,-1.875,-69.91328547,-5.625,10.95650213,1.875,283.2777174,1.875,172.9860326,5.625,-81.04675804,1.875,-85.66902118,-1.875,-96.20610275,1.875,250.9252267,-1.875,32.29802024,1.875,-35.47412499,5.625,-10.01481907,-1.875,267.4844505,1.875,174.9487271,1.875,105.0019074,1.875,118.110726,1.875,131.7130075,1.875,60.80448841,5.625,-48.68734786,5.625,67.44175957,1.875,49.36730787,1.875,150.360813,-5.625,86.99960517,1.875,73.77099496,-5.625,8.588944901,-1.875,193.1266537,5.625,106.2647716,5.625,273.7806714,5.625,151.5835331,5.625,-19.69755427,-5.625,35.69658312,-1.875,-46.82017053,1.875,219.1732515,5.625,16.40975464,-5.625,100.9438527,-5.625,234.3936371,-5.625,210.1383123,-1.875,152.7931087,1.875,-48.37805758,-5.625,-70.64219223,5.625
-95.59753941,5.625,286.6042914,5.625,-49.11233778,-1.875,128.845388,5.625,-35.21969621,-1.875,57.70898455,-1.875,-22.00144001,-1.875,241.2518683,5.625,189.0252208,-1.875,-68.94779246,1.875,232.1833003,-1.875,-69.10379579,-5.625,9.906361566,1.875,281.419686,1.875,171.9524561,5.625,-82.05787253,1.875,-83.62173849,-1.875,-97.25064252,1.875,251.9756678,-1.875,31.28148417,1.875,-36.52816709,5.625,-9.006145611,-1.875,265.1619113,1.875,173.9056805,1.875,103.9219426,1.875,117.0653201,1.875,130.7010546,1.875,59.590298,5.625,-49.50544438,5.625,66.39398901,1.875,48.28490027,1.875,151.4991743,-5.625,85.98536327,1.875,74.83766683,-5.625,9.630962939,-1.875,192.1261516,5.625,105.196284,5.625,272.7722357,5.625,150.5157887,5.625,-18.65224218,-5.625,36.77304804,-1.875,-47.86235293,1.875,218.1079169,5.625,17.59760928,-5.625,101.9456107,-5.625,235.8165888,-5.625,211.2210297,-1.875,151.7155812,1.875,-47.36619548,-5.625,-71.66481288,5.625
-96.65396569,5.625,285.7975428,5.625,-48.10594074,-1.875,127.811092,5.625,-34.18002984,-1.875,58.71993958,-1.875,-21.19450124,-1.875,240.0769056,5.625,190.0732912,-1.875,-70.02442717,1.875,233.2001274,-1.875,-68.29430612,-5.625,8.856221,1.875,279.5616546,1.875,170.9188795,5.625,-83.06898702,1.875,-81.57445581,-1.875,-98.29518228,1.875,253.026109,-1.875,30.2649481,1.875,-37.39927625,5.625,-7.997472151,-1.875,262.8393721,1.875,172.8626339,1.875,103.1105491,1.875,116.0199142,1.875,129.6891017,1.875,58.37610758,5.625,-50.59433084,5.625,65.34621845,1.875,47.20249266,1.875,152.6375356,-5.625,84.97112137,1.875,75.90433871,-5.625,10.67298098,-1.875,191.1256495,5.625,104.1277965,5.625,271.7638,5.625,149.4480444,5.625,-17.6069301,-5.625,37.58181206,-1.875,-48.90453533,1.875,217.3075152,5.625,18.78546392,-5.625,102.9473686,-5.625,237.2395404,-5.625,212.0344913,-1.875,150.6380538,1.875,-46.35433339,-5.625,-72.68743352,5.625
-97.71039198,5.625,284.9907943,5.625,-47.0995437,-1.875,126.7767961,5.625,-33.32080144,-1.875,59.73089461,-1.875,-20.12046574,-1.875,239.0456617,5.625,190.9394652,-1.875,-71.10106188,1.875,234.2169544,-1.875,-67.48481644,-5.625,7.806080435,1.875,277.7036232,1.875,169.885303,5.625,-84.08010152,1.875,-79.52717312,-1.875,-99.33972205,1.875,254.0765501,-1.875,29.24841204,1.875,-38.45331835,5.625,-6.98879869,-1.875,260.5168328,1.875,171.8195873,1.875,102.0305843,1.875,115.1559424,1.875,128.6771488,1.875,57.16191717,5.625,-51.6832173,5.625,64.29844789,1.875,46.38926381,1.875,153.7758969,-5.625,83.95687946,1.875,76.97101059,-5.625,11.53415291,-1.875,190.1251474,5.625,103.0593089,5.625,270.7553643,5.625,148.3803,5.625,-16.56161802,-5.625,38.65827697,-1.875,-49.94671773,1.875,216.2421806,5.625,19.97331856,-5.625,103.9491266,-5.625,238.6624921,-5.625,213.1172087,-1.875,149.8284914,1.875,-45.34247129,-5.625,-73.71005416,5.625
-98.76681826,5.625,284.1840457,5.625,-46.09314666,-1.875,125.7425001,5.625,-32.28113508,-1.875,60.74184964,-1.875,-19.04643024,-1.875,238.0144178,5.625,191.9875356,-1.875,-71.90995347,1.875,235.2337814,-1.875,-66.67532676,-5.625,6.755939869,1.875,275.8455918,1.875,168.8517264,5.625,-85.09121601,1.875,-77.47989043,-1.875,300,5.625,255.1269913,-1.875,28.23187597,1.875,-39.50736044,5.625,-5.98012523,-1.875,258.1942936,1.875,170.9575654,1.875,100.9506196,1.875,114.1105365,1.875,127.6651959,1.875,55.94772675,5.625,-52.77210376,5.625,63.43252181,1.875,45.3068562,1.875,154.9142583,-5.625,82.94263756,1.875,77.77241695,-5.625,12.57617095,-1.875,189.1246453,5.625,101.9908213,5.625,269.7469285,5.625,147.3125556,5.625,-15.51630594,-5.625,39.73474189,-1.875,-50.8080255,1.875,215.176846,5.625,21.1611732,-5.625,104.9508845,-5.625,240.0854437,-5.625,214.1999262,-1.875,148.750964,1.875,-44.33060919,-5.625,-74.73267481,5.625
-99.82324455,5.625,283.3772971,5.625,-45.08674961,-1.875,124.7082041,5.625,-31.24146871,-1.875,61.75280466,-1.875,-17.97239474,-1.875,236.9831739,5.625,193.0356061,-1.875,-72.98658819,1.875,236.2506085,-1.875,-65.86583709,-5.625,5.705799304,1.875,273.9875604,1.875,167.8181499,5.625,-86.1023305,1.875,-75.43260774,-1.875,297.4889395,5.625,256.1774324,-1.875,27.2153399,1.875,-40.56140254,5.625,-4.971451769,-1.875,255.8717543,1.875,169.9145188,1.875,99.87065479,1.875,113.0651306,1.875,126.653243,1.875,54.73353634,5.625,-53.59020028,5.625,62.38475125,1.875,44.2244486,1.875,156.0526196,-5.625,81.92839566,1.875,78.83908883,-5.625,13.61818898,-1.875,188.1241432,5.625,100.9223338,5.625,268.7384928,5.625,146.2448113,5.625,-14.47099385,-5.625,40.81120681,-1.875,-51.8502079,1.875,214.1115113,5.625,22.34902784,-5.625,105.9526425,-5.625,241.5083954,-5.625,215.2826436,-1.875,147.6734365,1.875,-43.3187471,-5.625,-75.75529545,5.625
304.977879,5.625,282.5705485,5.625,-44.08035257,-1.875,123.6739082,5.625,-30.20180235,-1.875,62.76375969,-1.875,-16.89835924,-1.875,235.9519299,5.625,194.0836766,-1.875,-74.0632229,1.875,237.2674355,-1.875,-65.05634741,-5.625,4.655658738,1.875,272.129529,1.875,166.7845734,5.625,-87.11344499,1.875,-73.38532505,-1.875,294.977879,5.625,257.2278736,-1.875,26.19880383,1.875,-41.61544463,5.625,-3.962778309,-1.875,253.5492151,1.875,168.8714722,1.875,99.05926127,1.875,112.0197247,1.875,125.64129,1.875,53.51934593,5.625,-54.67908674,5.625,61.33698068,1.875,43.14204099,1.875,157.1909809,-5.625,80.91415375,1.875,79.9057607,-5.625,14.66020702,-1.875,187.1236411,5.625,99.85384621,5.625,267.7300571,5.625,145.1770669,5.625,-13.42568177,-5.625,41.61997083,-1.875,-52.89239031,1.875,213.3111097,5.625,23.53688248,-5.625,106.9544005,-5.625,242.931347,-5.625,216.0961052,-1.875,146.5959091,1.875,-42.306885,-5.625,-76.77791609,5.625
302.9690305,5.625,281.7638,5.625,-43.07395553,-1.875,122.6396122,5.625,-29.16213598,-1.875,63.77471472,-1.875,-16.09142047,-1.875,234.920686,5.625,195.131747,-1.875,-75.13985761,1.875,238.2842625,-1.875,-64.24685773,-5.625,3.605518172,1.875,270.2714976,1.875,165.7509968,5.625,-88.12455949,1.875,-71.33804237,-1.875,293.9384576,5.625,258.2783147,-1.875,25.18226777,1.875,-42.66948673,5.625,-2.954104848,-1.875,251.2266758,1.875,167.8284256,1.875,97.97929649,1.875,111.1557528,1.875,124.6293371,1.875,52.30515551,5.625,-55.7679732,5.625,60.28921012,1.875,42.32881214,1.875,158.3293422,-5.625,79.89991185,1.875,80.97243258,-5.625,15.52137895,-1.875,186.123139,5.625,98.78535864,5.625,266.7216214,5.625,144.1093225,5.625,-12.38036969,-5.625,42.69643574,-1.875,-53.93457271,1.875,212.245775,5.625,24.72473712,-5.625,107.9561584,-5.625,244.3542987,-5.625,217.1788226,-1.875,145.7863467,1.875,-41.29502291,-5.625,-77.80053674,5.625
302.1374935,5.625,280.9570514,5.625,-42.06755849,-1.875,121.6053162,5.625,-28.12246962,-1.875,64.78566975,-1.875,-15.01738497,-1.875,233.8894421,5.625,196.1798175,-1.875,-75.94874921,1.875,239.3010895,-1.875,-63.43736806,-5.625,2.555377607,1.875,268.4134662,1.875,164.7174203,5.625,-89.13567398,1.875,-69.29075968,-1.875,293.0794318,5.625,259.3287559,-1.875,24.1657317,1.875,-43.72352882,5.625,-1.945431387,-1.875,248.9041366,1.875,166.785379,1.875,96.89933171,1.875,110.1103469,1.875,123.6173842,1.875,51.0909651,5.625,-56.85685966,5.625,59.42328404,1.875,41.24640453,1.875,159.4677035,-5.625,78.88566995,1.875,81.77383895,-5.625,16.56339699,-1.875,185.1226369,5.625,97.71687108,5.625,265.7131857,5.625,143.0415782,5.625,-11.33505761,-5.625,43.77290066,-1.875,-54.97675511,1.875,211.1804404,5.625,25.91259176,-5.625,108.9579164,-5.625,245.7772503,-5.625,218.26154,-1.875,144.7088193,1.875,-40.28316081,-5.625,-78.82315738,5.625
301.3059564,5.625,280.1503028,5.625,-41.06116145,-1.875,120.5710203,5.625,-27.08280325,-1.875,65.79662478,-1.875,-13.94334947,-1.875,232.8581982,5.625,197.227888,-1.875,-77.02538392,1.875,240.3179166,-1.875,-62.3599373,-5.625,1.505237041,1.875,266.5554348,1.875,163.6838437,5.625,-90.14678847,1.875,-67.24347699,-1.875,292.2204059,5.625,260.379197,-1.875,23.14919563,1.875,-44.77757091,5.625,-0.936757927,-1.875,246.5815973,1.875,165.7423324,1.875,95.81936693,1.875,109.064941,1.875,122.6054313,1.875,49.87677468,5.625,-57.67495617,5.625,58.37551348,1.875,40.16399693,1.875,160.6060649,-5.625,77.87142804,1.875,82.84051082,-5.625,17.60541503,-1.875,184.1221348,5.625,96.64838351,5.625,264.70475,5.625,141.9738338,5.625,-10.28974552,-5.625,44.84936557,-1.875,-56.01893751,1.875,210.1151058,5.625,27.10044639,-5.625,109.9596743,-5.625,247.2002019,-5.625,219.3442575,-1.875,143.6312918,1.875,-39.27129871,-5.625,-79.84577802,5.625
300.4744194,5.625,279.3435543,5.625,-40.05476441,-1.875,119.5367243,5.625,-26.04313689,-1.875,66.80757981,-1.875,-12.86931397,-1.875,231.8269542,5.625,198.2759584,-1.875,-78.10201863,1.875,241.3347436,-1.875,-61.28250654,-5.625,0.455096476,1.875,264.6974034,1.875,162.6502672,5.625,-91.15790297,1.875,-65.1961943,-1.875,291.36138,5.625,261.4296382,-1.875,22.13265956,1.875,-45.64868008,5.625,0.071915534,-1.875,244.2590581,1.875,164.6992858,1.875,95.00797341,1.875,108.0195351,1.875,121.5934784,1.875,48.66258427,5.625,-58.76384263,5.625,57.32774292,1.875,39.08158933,1.875,161.7444262,-5.625,76.85718614,1.875,83.9071827,-5.625,18.64743307,-1.875,183.1216327,5.625,95.57989595,5.625,263.6963142,5.625,140.9060894,5.625,-9.24443344,-5.625,45.6581296,-1.875,-57.06111991,1.875,209.3147041,5.625,28.28830103,-5.625,110.9614323,-5.625,248.6231536,-5.625,220.1577191,-1.875,142.5537643,1.875,-38.25943662,-5.625,-80.86839867,5.625
299.6428823,5.625,278.5368057,5.625,-39.04836737,-1.875,118.5024284,5.625,-25.00347052,-1.875,67.81853484,-1.875,-12.0623752,-1.875,230.7957103,5.625,199.1421324,-1.875,-79.17865334,1.875,242.3515706,-1.875,-60.20507578,-5.625,-0.59504409,1.875,262.8393721,1.875,161.6166906,5.625,-92.16901746,1.875,-63.14891161,-1.875,290.5023541,5.625,262.4800793,-1.875,21.1161235,1.875,-46.70272218,5.625,1.080588994,-1.875,241.9365188,1.875,163.6562392,1.875,93.92800863,1.875,106.9741292,1.875,120.5815255,1.875,47.44839386,5.625,-59.8527291,5.625,56.27997236,1.875,38.26836047,1.875,162.8827875,-5.625,75.84294424,1.875,84.97385457,-5.625,19.6894511,-1.875,182.1211306,5.625,94.51140839,5.625,262.6878785,5.625,139.8383451,5.625,-8.199121358,-5.625,46.73459451,-1.875,-58.10330231,1.875,208.2493694,5.625,29.47615567,-5.625,111.9631903,-5.625,250.0461052,-5.625,221.2404365,-1.875,141.744202,1.875,-37.24757452,-5.625,-81.89101931,5.625
298.8113453,5.625,277.7300571,5.625,-38.04197033,-1.875,117.4681324,5.625,-24.14424212,-1.875,68.82948987,-1.875,-10.9883397,-1.875,229.7644664,5.625,200.1902028,-1.875,-79.98754494,1.875,243.3683977,-1.875,-59.3955861,-5.625,-1.645184655,1.875,260.9813407,1.875,160.5831141,5.625,-93.18013195,1.875,-61.10162893,-1.875,289.6433282,5.625,263.5305204,-1.875,20.09958743,1.875,-47.75676427,5.625,2.089262455,-1.875,239.6139796,1.875,162.7942173,1.875,92.84804385,1.875,105.9287233,1.875,119.5695725,1.875,46.23420344,5.625,-60.94161556,5.625,55.23220179,1.875,37.18595287,1.875,164.0211488,-5.625,74.82870233,1.875,85.77526094,-5.625,20.73146914,-1.875,181.1206285,5.625,93.44292082,5.625,261.6794428,5.625,138.7706007,5.625,-7.153809275,-5.625,47.81105943,-1.875,-58.96461008,1.875,207.1840348,5.625,30.66401031,-5.625,112.9649482,-5.625,251.4690569,-5.625,222.3231539,-1.875,140.6666745,1.875,-36.23571243,-5.625,-82.91363995,5.625
297.9798082,5.625,276.9233085,5.625,-37.03557329,-1.875,116.4338364,5.625,-23.10457576,-1.875,69.8404449,-1.875,-9.914304196,-1.875,228.7332225,5.625,201.2382733,-1.875,-81.06417965,1.875,244.3852247,-1.875,-58.31815534,-5.625,-2.695325221,1.875,259.1233093,1.875,159.5495375,5.625,-94.19124645,1.875,-59.05434624,-1.875,288.7843024,5.625,264.5809616,-1.875,19.08305136,1.875,-48.81080637,5.625,3.097935915,-1.875,237.2914403,1.875,161.7511707,1.875,91.76807907,1.875,104.8833174,1.875,118.5576196,1.875,45.02001303,5.625,-61.75971207,5.625,54.18443123,1.875,36.10354526,1.875,165.1595101,-5.625,73.81446043,1.875,86.84193282,-5.625,21.77348718,-1.875,180.1201264,5.625,92.37443326,5.625,260.6710071,5.625,137.7028563,5.625,-6.108497193,-5.625,48.88752434,-1.875,-60.00679249,1.875,206.1187002,5.625,31.85186495,-5.625,113.9667062,-5.625,252.8920085,-5.625,223.4058714,-1.875,139.5891471,1.875,-35.22385033,-5.625,-83.9362606,5.625
297.1482712,5.625,276.11656,5.625,-36.02917624,-1.875,115.3995405,5.625,-22.06490939,-1.875,70.85139993,-1.875,-8.840268696,-1.875,227.7019785,5.625,202.2863438,-1.875,-82.14081436,1.875,245.4020517,-1.875,-57.24072458,-5.625,-3.745465787,1.875,257.2652779,1.875,158.515961,5.625,-95.20236094,1.875,-57.00706355,-1.875,287.9252765,5.625,265.6314027,-1.875,18.0665153,1.875,-49.68191554,5.625,4.106609376,-1.875,234.9689011,1.875,160.7081241,1.875,90.95668555,1.875,103.8379115,1.875,117.5456667,1.875,43.80582261,5.625,-62.84859853,5.625,53.13666067,1.875,35.02113766,1.875,166.2978714,-5.625,72.80021853,1.875,87.90860469,-5.625,22.81550522,-1.875,179.1196243,5.625,91.30594569,5.625,259.6625714,5.625,136.635112,5.625,-5.06318511,-5.625,49.69628837,-1.875,-61.04897489,1.875,205.3182985,5.625,33.03971959,-5.625,114.9684641,-5.625,254.3149602,-5.625,224.219333,-1.875,138.5116196,1.875,-34.21198824,-5.625,-84.95888124,5.625
296.3167341,5.625,275.3098114,5.625,-35.0227792,-1.875,114.3652445,5.625,-21.02524303,-1.875,71.86235496,-1.875,-8.033329927,-1.875,226.6707346,5.625,203.1525177,-1.875,-83.21744908,1.875,246.4188788,-1.875,-56.16329382,-5.625,-4.795606352,1.875,255.4072465,1.875,157.4823844,5.625,-96.21347543,1.875,-54.95978086,-1.875,287.0662506,5.625,266.6818439,-1.875,17.04997923,1.875,-50.73595763,5.625,5.115282836,-1.875,232.6463618,1.875,159.6650775,1.875,89.87672077,1.875,102.9739397,1.875,116.5337138,1.875,42.5916322,5.625,-63.93748499,5.625,52.08889011,1.875,34.2079088,1.875,167.4362328,-5.625,71.78597662,1.875,88.97527657,-5.625,23.67667715,-1.875,178.1191222,5.625,90.23745813,5.625,258.6541357,5.625,135.5673676,5.625,-4.017873028,-5.625,50.77275328,-1.875,-62.09115729,1.875,204.2529639,5.625,34.22757423,-5.625,115.9702221,-5.625,255.7379118,-5.625,225.3020504,-1.875,137.7020573,1.875,-33.20012614,-5.625,-85.98150188,5.625
295.4851971,5.625,274.5030628,5.625,-34.01638216,-1.875,113.3309485,5.625,-20.16601463,-1.875,72.87330999,-1.875,-6.959294426,-1.875,225.6394907,5.625,204.2005882,-1.875,-84.02634067,1.875,247.4357058,-1.875,-55.35380415,-5.625,-5.845746918,1.875,253.5492151,1.875,156.4488079,5.625,-97.22458993,1.875,-52.91249817,-1.875,286.2072247,5.625,267.732285,-1.875,16.03344316,1.875,-51.78999972,5.625,6.123956297,-1.875,230.3238226,1.875,158.8030555,1.875,88.79675599,1.875,101.9285338,1.875,115.5217609,1.875,41.37744178,5.625,-65.02637145,5.625,51.22296403,1.875,33.1255012,1.875,168.5745941,-5.625,70.77173472,1.875,89.77668294,-5.625,24.71869519,-1.875,177.1186201,5.625,89.16897056,5.625,257.6457,5.625,134.4996232,5.625,-2.972560945,-5.625,51.8492182,-1.875,-62.95246506,1.875,203.1876292,5.625,35.41542887,-5.625,116.9719801,-5.625,257.1608635,-5.625,226.3847678,-1.875,136.6245298,1.875,-32.18826404,-5.625,-87.00412253,5.625
294.65366,5.625,273.6963142,5.625,-33.00998512,-1.875,112.2966526,5.625,-19.12634826,-1.875,73.88426501,-1.875,-5.885258925,-1.875,224.6082468,5.625,205.2486586,-1.875,-85.10297538,1.875,248.4525328,-1.875,-54.27637339,-5.625,-6.895887483,1.875,251.6911837,1.875,155.4152313,5.625,-98.23570442,1.875,-50.86521548,-1.875,285.3481988,5.625,268.7827262,-1.875,15.01690709,1.875,-52.84404182,5.625,7.132629757,-1.875,228.0012833,1.875,157.7600089,1.875,87.71679121,1.875,100.8831279,1.875,114.509808,1.875,40.16325137,5.625,-65.84446797,5.625,50.17519346,1.875,32.04309359,1.875,169.7129554,-5.625,69.75749282,1.875,90.84335481,-5.625,25.76071323,-1.875,176.1181181,5.625,88.100483,5.625,256.6372642,5.625,133.4318789,5.625,-1.927248863,-5.625,52.92568311,-1.875,-63.99464746,1.875,202.1222946,5.625,36.60328351,-5.625,117.973738,-5.625,258.5838151,-5.625,227.4674852,-1.875,135.5470023,1.875,-31.17640195,-5.625,-88.02674317,5.625
293.822123,5.625,272.8895657,5.625,-32.00358808,-1.875,111.2623566,5.625,-18.0866819,-1.875,74.89522004,-1.875,-4.811223425,-1.875,223.5770029,5.625,206.2967291,-1.875,-86.1796101,1.875,249.4693599,-1.875,-53.19894263,-5.625,-7.946028049,1.875,249.8331523,1.875,154.3816548,5.625,-99.24681891,1.875,-48.8179328,-1.875,284.489173,5.625,269.8331673,-1.875,14.00037103,1.875,-53.89808391,5.625,8.141303218,-1.875,225.6787441,1.875,156.7169624,1.875,86.90539769,1.875,99.83772195,1.875,113.497855,1.875,38.94906096,5.625,-66.93335443,5.625,49.1274229,1.875,30.96068599,1.875,170.8513167,-5.625,68.74325091,1.875,91.91002669,-5.625,26.80273126,-1.875,175.117616,5.625,87.03199543,5.625,255.6288285,5.625,132.3641345,5.625,-0.88193678,-5.625,53.73444713,-1.875,-65.03682986,1.875,201.05696,5.625,37.79113815,-5.625,118.975496,-5.625,260.0067668,-5.625,228.5502027,-1.875,134.4694749,1.875,-30.16453985,-5.625,-89.04936381,5.625
292.9905859,5.625,272.0828171,5.625,-30.99719104,-1.875,110.2280607,5.625,-17.04701553,-1.875,75.90617507,-1.875,-4.004284656,-1.875,222.5457589,5.625,207.3447996,-1.875,-87.25624481,1.875,250.4861869,-1.875,-52.12151187,-5.625,-8.996168615,1.875,247.9751209,1.875,153.3480782,5.625,300,1.875,-46.77065011,-1.875,283.6301471,5.625,270.8836085,-1.875,12.98383496,1.875,-54.95212601,5.625,9.149976679,-1.875,223.3562049,1.875,155.6739158,1.875,85.82543291,1.875,98.97375013,1.875,112.4859021,1.875,37.73487054,5.625,-68.02224089,5.625,48.07965234,1.875,30.14745714,1.875,171.989678,-5.625,67.72900901,1.875,92.97669856,-5.625,27.6639032,-1.875,174.1171139,5.625,85.96350787,5.625,254.6203928,5.625,131.2963901,5.625,0.163375302,-5.625,54.81091205,-1.875,-66.07901226,1.875,200.2565583,5.625,38.97899279,-5.625,119.9772539,-5.625,261.4297184,-5.625,229.3636643,-1.875,133.6599125,1.875,-29.15267776,-5.625,-90.07198446,5.625
292.1590489,5.625,271.2760685,5.625,-29.990794,-1.875,109.1937647,5.625,-16.00734917,-1.875,76.9171301,-1.875,-2.930249155,-1.875,221.514515,5.625,208.39287,-1.875,-88.33287952,1.875,251.5030139,-1.875,-51.31202219,-5.625,-10.04630918,1.875,246.1170895,1.875,152.3145017,5.625,298.4826827,1.875,-44.72336742,-1.875,282.7711212,5.625,271.9340496,-1.875,11.96729889,1.875,-56.0061681,5.625,10.15865014,-1.875,221.0336656,1.875,154.6308692,1.875,84.74546813,1.875,97.92834422,1.875,111.4739492,1.875,36.52068013,5.625,-69.11112735,5.625,47.21372626,1.875,29.06504953,1.875,173.1280393,-5.625,66.71476711,1.875,94.04337044,-5.625,28.70592123,-1.875,173.1166118,5.625,84.89502031,5.625,253.6119571,5.625,130.2286458,5.625,1.208687385,-5.625,55.88737696,-1.875,-67.12119467,1.875,199.1912237,5.625,40.16684743,-5.625,120.9790119,-5.625,262.8526701,-5.625,230.4463817,-1.875,132.5823851,1.875,-28.14081566,-5.625,-91.0946051,5.625
291.3275118,5.625,270.46932,5.625,-28.98439696,-1.875,108.1594687,5.625,-14.9676828,-1.875,77.92808513,-1.875,-1.856213655,-1.875,220.4832711,5.625,209.4409405,-1.875,-89.40951423,1.875,252.5198409,-1.875,-50.23459143,-5.625,-11.09644975,1.875,244.2590581,1.875,151.2809252,5.625,296.9653653,1.875,-42.67608473,-1.875,281.9120953,5.625,272.9844908,-1.875,10.95076282,1.875,-57.0602102,5.625,11.1673236,-1.875,218.7111264,1.875,153.5878226,1.875,83.66550336,1.875,96.88293832,1.875,110.4619963,1.875,35.30648971,5.625,-69.92922387,5.625,46.1659557,1.875,27.98264193,1.875,174.2664007,-5.625,65.7005252,1.875,94.84477681,-5.625,29.74793927,-1.875,172.1161097,5.625,83.82653274,5.625,252.6035214,5.625,129.1609014,5.625,2.253999467,-5.625,56.96384188,-1.875,-68.16337707,1.875,198.125889,5.625,41.35470207,-5.625,121.9807699,-5.625,264.2756217,-5.625,231.5290991,-1.875,131.5048576,1.875,-27.12895356,-5.625,-92.11722574,5.625
290.4959748,5.625,269.6625714,5.625,-27.97799992,-1.875,107.1251728,5.625,-13.92801644,-1.875,78.93904016,-1.875,-0.782178154,-1.875,219.4520272,5.625,210.4890109,-1.875,-90.48614895,1.875,253.536668,-1.875,-49.15716067,-5.625,-12.14659031,1.875,242.4010267,1.875,150.2473486,5.625,295.448048,1.875,-40.62880204,-1.875,281.0530694,5.625,274.0349319,-1.875,9.934226755,1.875,-57.93131936,5.625,12.17599706,-1.875,216.3885871,1.875,152.544776,1.875,82.85410983,1.875,95.83753241,1.875,109.4500434,1.875,34.0922993,5.625,-71.01811033,5.625,45.11818514,1.875,26.90023432,1.875,175.404762,-5.625,64.6862833,1.875,95.91144868,-5.625,30.78995731,-1.875,171.1156076,5.625,82.75804518,5.625,251.5950857,5.625,128.093157,5.625,3.29931155,-5.625,57.7726059,-1.875,-69.20555947,1.875,197.0605544,5.625,42.5425567,-5.625,122.9825278,-5.625,265.6985734,-5.625,232.6118166,-1.875,130.4273301,1.875,-26.11709147,-5.625,-93.13984639,5.625
289.6644377,5.625,268.588789,5.625,-26.97160287,-1.875,106.0908768,5.625,-12.88835007,-1.875,79.94999519,-1.875,0.024760615,-1.875,218.4207832,5.625,211.5370814,-1.875,-91.56278366,1.875,254.553495,-1.875,-48.07972991,-5.625,-13.19673088,1.875,240.5429953,1.875,149.2137721,5.625,293.9307307,1.875,-39.55719047,-1.875,280.1940436,5.625,275.0853731,-1.875,8.917690688,1.875,-58.98536146,5.625,13.18467052,-1.875,214.0660479,1.875,151.5017294,1.875,81.77414505,1.875,94.97356059,1.875,108.4380905,1.875,32.87810889,5.625,-72.10699679,5.625,44.07041457,1.875,26.08700547,1.875,176.5431233,-5.625,63.6720414,1.875,96.97812056,-5.625,31.65112924,-1.875,170.1151055,5.625,81.68955761,5.625,250.5866499,5.625,127.0254127,5.625,4.344623632,-5.625,58.84907082,-1.875,-70.24774187,1.875,196.2601527,5.625,43.73041134,-5.625,123.9842858,-5.625,267.121525,-5.625,233.4252782,-1.875,129.6177678,1.875,-25.10522937,-5.625,-94.16246703,5.625
288.8329007,5.625,267.5150067,5.625,-25.96520583,-1.875,105.0565808,5.625,-12.02912167,-1.875,80.96095022,-1.875,1.098796115,-1.875,217.3895393,5.625,212.4032554,-1.875,-92.63941837,1.875,255.570322,-1.875,-47.27024023,-5.625,-14.24687144,1.875,238.6849639,1.875,148.1801955,5.625,292.4134134,1.875,-38.4855789,-1.875,279.3350177,5.625,276.1358142,-1.875,7.90115462,1.875,-60.03940355,5.625,14.19334398,-1.875,211.7435086,1.875,150.6397075,1.875,80.69418028,1.875,93.92815468,1.875,107.4261375,1.875,31.66391847,5.625,-73.19588325,5.625,43.20448849,1.875,25.00459786,1.875,177.6814846,-5.625,62.65779949,1.875,98.04479243,-5.625,32.69314728,-1.875,169.1146034,5.625,80.62107005,5.625,249.5782142,5.625,125.9576683,5.625,5.389935715,-5.625,59.92553573,-1.875,-71.28992427,1.875,195.1948181,5.625,44.91826598,-5.625,124.9860437,-5.625,268.5444767,-5.625,234.5079956,-1.875,128.5402403,1.875,-24.09336728,-5.625,-95.18508767,5.625
288.0013636,5.625,266.7082581,5.625,-24.95880879,-1.875,104.0222849,5.625,-10.98945531,-1.875,81.97190525,-1.875,2.172831616,-1.875,216.3582954,5.625,213.4513258,-1.875,-93.71605308,1.875,256.5871491,-1.875,-46.19280947,-5.625,-15.29701201,1.875,236.8269325,1.875,147.146619,5.625,290.896096,1.875,-37.41396734,-1.875,278.4759918,5.625,277.1862554,-1.875,6.884618553,1.875,-61.09344565,5.625,15.20201744,-1.875,209.4209694,1.875,149.5966609,1.875,79.6142155,1.875,92.88274878,1.875,106.4141846,1.875,30.44972806,5.625,-74.01397977,5.625,42.15671793,1.875,23.92219026,1.875,178.8198459,-5.625,61.64355759,1.875,98.8461988,-5.625,33.73516532,-1.875,168.1141013,5.625,79.55258248,5.625,248.5697785,5.625,124.8899239,5.625,6.435247797,-5.625,61.00200065,-1.875,-72.33210667,1.875,194.1294835,5.625,46.10612062,-5.625,125.9878017,-5.625,269.9674283,-5.625,235.590713,-1.875,127.4627129,1.875,-23.08150518,-5.625,-96.20770832,5.625
287.1698266,5.625,265.6344758,5.625,-23.95241175,-1.875,102.9879889,5.625,-9.949788942,-1.875,82.98286028,-1.875,3.246867117,-1.875,215.3270515,5.625,214.4993963,-1.875,-94.79268779,1.875,257.6039761,-1.875,-45.11537871,-5.625,-16.34715257,1.875,234.9689011,1.875,146.1130424,5.625,289.3787787,1.875,-36.34235577,-1.875,277.6169659,5.625,278.2366965,-1.875,5.868082485,1.875,-61.96455482,5.625,16.2106909,-1.875,207.0984301,1.875,148.5536143,1.875,78.80282197,1.875,91.83734287,1.875,105.4022317,1.875,29.23553764,5.625,-75.10286623,5.625,41.10894737,1.875,22.83978265,1.875,179.9582073,-5.625,60.62931569,1.875,99.91287068,-5.625,34.77718335,-1.875,167.1135992,5.625,78.48409492,5.625,247.5613428,5.625,123.8221796,5.625,7.48055988,-5.625,61.81076467,-1.875,-73.37428908,1.875,193.0641488,5.625,47.29397526,-5.625,126.9895597,-5.625,271.39038,-5.625,236.6734304,-1.875,126.3851854,1.875,-22.06964309,-5.625,-97.23032896,5.625
286.3382895,5.625,264.5606934,5.625,-22.94601471,-1.875,101.953693,5.625,-8.910122578,-1.875,83.99381531,-1.875,4.053805885,-1.875,214.2958075,5.625,215.5474667,-1.875,-95.86932251,1.875,258.6208031,-1.875,-44.03794796,-5.625,-17.39729314,1.875,233.1108697,1.875,145.0794659,5.625,287.8614614,1.875,-35.2707442,-1.875,276.5775446,5.625,279.2871377,-1.875,4.851546418,1.875,-63.01859691,5.625,17.21936436,-1.875,204.7758909,1.875,147.5105677,1.875,77.7228572,1.875,90.79193697,1.875,104.3902788,1.875,28.02134723,5.625,-76.19175269,5.625,40.06117681,1.875,22.0265538,1.875,181.0965686,-5.625,59.61507378,1.875,100.9795426,-5.625,35.81920139,-1.875,166.1130971,5.625,77.41560735,5.625,246.5529071,5.625,122.7544352,5.625,8.525871962,-5.625,62.88722959,-1.875,-74.41647148,1.875,192.2637471,5.625,48.4818299,-5.625,127.9913176,-5.625,272.8133316,-5.625,237.4868921,-1.875,125.5756231,1.875,-21.05778099,-5.625,-98.2529496,5.625
285.5067525,5.625,263.4869111,5.625,-21.93961767,-1.875,100.919397,5.625,-8.050894177,-1.875,85.00477033,-1.875,5.127841386,-1.875,213.2645636,5.625,216.4136407,-1.875,-96.94595722,1.875,259.6376302,-1.875,-43.22845828,-5.625,-18.4474337,1.875,231.2528383,1.875,144.0458893,5.625,286.344144,1.875,-34.19913263,-1.875,275.5381233,5.625,280.3375788,-1.875,3.83501035,1.875,-64.07263901,5.625,18.22803782,-1.875,202.4533516,1.875,146.6485457,1.875,76.64289242,1.875,89.74653106,1.875,103.3783259,1.875,26.80715681,5.625,-77.28063915,5.625,39.01340625,1.875,20.94414619,1.875,182.2349299,-5.625,58.60083188,1.875,102.0462144,-5.625,36.86121943,-1.875,165.112595,5.625,76.34711979,5.625,245.5444714,5.625,121.6866908,5.625,9.571184045,-5.625,63.9636945,-1.875,-75.45865388,1.875,191.1984125,5.625,49.66968454,-5.625,128.9930756,-5.625,274.2362832,-5.625,238.5696095,-1.875,124.4980956,1.875,-20.04591889,-5.625,-99.27557025,5.625
284.6752154,5.625,262.6801625,5.625,-20.93322063,-1.875,99.88510103,5.625,-7.011227812,-1.875,86.01572536,-1.875,6.201876887,-1.875,212.2333197,5.625,217.4617111,-1.875,-98.02259193,1.875,260.6544572,-1.875,-42.15102752,-5.625,-19.49757427,1.875,229.3948069,1.875,143.0123128,5.625,284.8268267,1.875,-33.12752106,-1.875,274.6790974,5.625,281.3880199,-1.875,2.818474283,1.875,-65.1266811,5.625,19.23671128,-1.875,200.1308124,1.875,145.6054991,1.875,75.56292764,1.875,88.70112516,1.875,102.366373,1.875,25.5929664,5.625,-78.09873566,5.625,37.96563568,1.875,19.86173859,1.875,183.3732912,-5.625,57.58658998,1.875,102.8476208,-5.625,37.90323747,-1.875,164.1120929,5.625,75.27863223,5.625,244.5360357,5.625,120.6189465,5.625,10.61649613,-5.625,65.04015942,-1.875,-76.50083628,1.875,190.1330779,5.625,50.85753918,-5.625,129.9948335,-5.625,275.6592349,-5.625,239.6523269,-1.875,123.4205681,1.875,-19.0340568,-5.625,-100,-5.625
283.8436784,5.625,261.6063801,5.625,-19.92682359,-1.875,98.85080507,5.625,-5.971561448,-1.875,87.02668039,-1.875,7.275912388,-1.875,211.2020758,5.625,218.5097816,-1.875,-99.09922664,1.875,261.6712842,-1.875,-41.07359676,-5.625,-20.54771484,1.875,227.5367755,1.875,141.9787362,5.625,283.3095094,1.875,-32.05590949,-1.875,273.6396761,5.625,282.4384611,-1.875,1.801938215,1.875,-65.99779027,5.625,20.24538474,-1.875,197.8082731,1.875,144.5624525,1.875,74.75153412,1.875,87.65571925,1.875,101.35442,1.875,24.37877599,5.625,-79.18762212,5.625,36.91786512,1.875,18.77933099,1.875,184.5116525,-5.625,56.57234807,1.875,103.9142927,-5.625,38.9452555,-1.875,163.1115908,5.625,74.21014466,5.625,243.5275999,5.625,119.5512021,5.625,11.66180821,-5.625,65.84892344,-1.875,-77.54301868,1.875,189.0677432,5.625,52.04539382,-5.625,130.9965915,-5.625,277.0821865,-5.625,240.7350443,-1.875,122.3430407,1.875,-18.0221947,-5.625,-98.17927712,-5.625
283.0121413,5.625,260.5325978,5.625,-18.92042655,-1.875,97.8165091,5.625,-4.931895083,-1.875,88.03763542,-1.875,8.082851156,-1.875,210.1708318,5.625,219.5578521,-1.875,300,1.875,262.6881112,-1.875,-39.996166,-5.625,-21.5978554,1.875,225.6787441,1.875,140.9451597,5.625,281.7921921,1.875,-30.98429792,-1.875,272.6002548,5.625,283.4889022,-1.875,0.785402148,1.875,-67.05183236,5.625,21.25405821,-1.875,195.4857339,1.875,143.519406,1.875,73.67156934,1.875,86.79174743,1.875,100.3424671,1.875,23.16458557,5.625,-80.27650859,5.625,35.87009456,1.875,17.96610213,1.875,185.6500138,-5.625,55.55810617,1.875,104.9809645,-5.625,39.80642744,-1.875,162.1110887,5.625,73.1416571,5.625,242.5191642,5.625,118.4834577,5.625,12.70712029,-5.625,66.92538835,-1.875,-78.58520108,1.875,188.2673416,5.625,53.23324846,-5.625,131.9983495,-5.625,278.5051382,-5.625,241.548506,-1.875,121.2655132,1.875,-17.01033261,-5.625,-96.35855423,-5.625
282.1806043,5.625,259.4588154,5.625,-17.9140295,-1.875,96.78221314,5.625,-3.892228718,-1.875,89.04859045,-1.875,9.156886657,-1.875,209.3185641,5.625,220.424026,-1.875,298.7572814,1.875,263.7049383,-1.875,-39.10572735,-5.625,-22.64799597,1.875,223.8207127,1.875,139.9115831,5.625,280.2748747,1.875,-29.91268635,-1.875,271.5608335,5.625,284.5393434,-1.875,-0.23113392,1.875,-68.10587446,5.625,22.26273167,-1.875,193.1631946,1.875,142.4763594,1.875,72.59160456,1.875,85.74634152,1.875,99.3305142,1.875,21.95039516,5.625,-81.36539505,5.625,35.00416848,1.875,16.88369453,1.875,186.7883752,-5.625,54.54386427,1.875,106.0476364,-5.625,40.84844547,-1.875,161.1105866,5.625,72.07316953,5.625,241.5107285,5.625,117.4157134,5.625,13.75243237,-5.625,68.00185327,-1.875,-79.62738349,1.875,187.2020069,5.625,54.4211031,-5.625,133.0001074,-5.625,279.9280898,-5.625,242.6312234,-1.875,120.4559509,1.875,-15.99847051,-5.625,-94.53783135,-5.625
281.3490672,5.625,258.6520669,5.625,-16.90763246,-1.875,95.74791718,5.625,-2.852562353,-1.875,90.05954548,-1.875,10.23092216,-1.875,208.2873202,5.625,221.4720965,-1.875,297.5145627,1.875,264.7217653,-1.875,-38.0282966,-5.625,-23.69813653,1.875,221.9626813,1.875,138.8780066,5.625,278.7575574,1.875,-28.84107478,-1.875,270.7018076,5.625,285.5897845,-1.875,-1.247669987,1.875,-69.15991655,5.625,23.27140513,-1.875,190.8406554,1.875,141.4333128,1.875,71.51163978,1.875,84.70093562,1.875,98.31856129,1.875,20.73620474,5.625,-82.45428151,5.625,33.95639792,1.875,15.80128692,1.875,187.9267365,-5.625,53.52962236,1.875,106.8490428,-5.625,41.89046351,-1.875,160.1100845,5.625,71.00468197,5.625,240.5022928,5.625,116.347969,5.625,14.79774446,-5.625,69.07831818,-1.875,-80.66956589,1.875,186.1366723,5.625,55.60895774,-5.625,134.0018654,-5.625,281.3510415,-5.625,243.7139408,-1.875,119.3784234,1.875,-14.98660841,-5.625,-92.71710847,-5.625
280.5175302,5.625,257.5782845,5.625,-15.90123542,-1.875,94.71362122,5.625,-1.812895988,-1.875,91.07050051,-1.875,11.30495766,-1.875,207.2560763,5.625,222.5201669,-1.875,296.2718441,1.875,265.7385923,-1.875,-36.95086584,-5.625,-24.7482771,1.875,220.1046499,1.875,137.84443,5.625,277.2402401,1.875,-28.03595715,-1.875,269.6623863,5.625,286.6402257,-1.875,-2.264206055,1.875,-70.21395865,5.625,24.28007859,-1.875,188.5181162,1.875,140.3902662,1.875,70.70024626,1.875,83.65552971,1.875,97.30660837,1.875,19.52201433,5.625,-83.54316797,5.625,32.90862736,1.875,14.71887932,1.875,189.0650978,-5.625,52.51538046,1.875,107.9157147,-5.625,42.93248155,-1.875,159.1095824,5.625,69.9361944,5.625,239.4938571,5.625,115.2802246,5.625,15.84305654,-5.625,69.88708221,-1.875,-81.71174829,1.875,185.0713377,5.625,56.79681238,-5.625,135.0036233,-5.625,282.7739931,-5.625,244.7966582,-1.875,118.3008959,1.875,-13.97474632,-5.625,-90.89638559,-5.625
279.6859931,5.625,256.5045022,5.625,-14.89483838,-1.875,93.67932525,5.625,-0.773229624,-1.875,92.08145554,-1.875,12.11189643,-1.875,206.2248323,5.625,223.5682374,-1.875,295.0291255,1.875,266.7554194,-1.875,-36.06042719,-5.625,-25.79841766,1.875,218.2466185,1.875,136.8108535,5.625,275.7229228,1.875,-26.96434558,-1.875,268.622965,5.625,287.6906668,-1.875,-3.280742122,1.875,-71.26800074,5.625,25.28875205,-1.875,186.1955769,1.875,139.3472196,1.875,69.62028148,1.875,82.79155789,1.875,96.29465545,1.875,18.30782392,5.625,-84.63205443,5.625,31.86085679,1.875,13.90565046,1.875,190.2034591,-5.625,51.50113856,1.875,108.9823865,-5.625,43.79365348,-1.875,158.1090803,5.625,68.86770684,5.625,238.4854214,5.625,114.2124803,5.625,16.88836862,-5.625,70.96354712,-1.875,-82.75393069,1.875,184.270936,5.625,57.98466701,-5.625,136.0053813,-5.625,284.1969448,-5.625,245.6101199,-1.875,117.2233685,1.875,-12.96288422,-5.625,-89.0756627,-5.625
278.854456,5.625,255.4307198,5.625,-13.88844134,-1.875,92.64502929,5.625,0.085998777,-1.875,93.09241057,-1.875,13.18593193,-1.875,205.3725646,5.625,224.6163079,-1.875,293.7864068,1.875,267.7722464,-1.875,-34.98299643,-5.625,-26.84855823,1.875,216.3885871,1.875,135.777277,5.625,274.2056054,1.875,-25.89273401,-1.875,267.5835437,5.625,288.741108,-1.875,-4.29727819,1.875,-72.32204283,5.625,26.29742551,-1.875,183.8730377,1.875,138.304173,1.875,68.5403167,1.875,81.74615198,1.875,95.28270254,1.875,17.0936335,5.625,-85.72094089,5.625,30.99493071,1.875,12.82324286,1.875,191.3418204,-5.625,50.48689665,1.875,110.0490584,-5.625,44.83567152,-1.875,157.1085782,5.625,67.79921927,5.625,237.4769856,5.625,113.1447359,5.625,17.9336807,-5.625,72.04001204,-1.875,-83.79611309,1.875,183.2056014,5.625,59.17252165,-5.625,137.0071393,-5.625,285.6198964,-5.625,246.6928373,-1.875,116.4138061,1.875,-11.95102213,-5.625,-87.25493982,-5.625
278.022919,5.625,254.6239712,5.625,-12.8820443,-1.875,91.61073333,5.625,1.125665142,-1.875,94.1033656,-1.875,14.25996743,-1.875,204.3413207,5.625,225.6643783,-1.875,292.5436882,1.875,268.7890734,-1.875,-33.90556567,-5.625,-27.8986988,1.875,214.5305557,1.875,134.7437004,5.625,272.6882881,1.875,-24.82112244,-1.875,266.7245178,5.625,289.7915491,-1.875,-5.313814257,1.875,-73.37608493,5.625,27.30609897,-1.875,181.5504984,1.875,137.4421511,1.875,67.46035192,1.875,80.70074607,1.875,94.27074962,1.875,15.87944309,5.625,-86.80982735,5.625,29.94716015,1.875,11.74083525,1.875,192.4801818,-5.625,49.47265475,1.875,110.8504648,-5.625,45.87768956,-1.875,156.1080761,5.625,66.73073171,5.625,236.4685499,5.625,112.0769915,5.625,18.97899279,-5.625,73.11647695,-1.875,-84.83829549,1.875,182.1402667,5.625,60.36037629,-5.625,138.0088972,-5.625,287.0428481,-5.625,247.7755547,-1.875,115.3362787,1.875,-10.93916003,-5.625,-85.43421694,-5.625
277.1913819,5.625,253.5501889,5.625,-11.87564726,-1.875,90.57643737,5.625,2.165331507,-1.875,95.11432063,-1.875,15.33400293,-1.875,203.3100768,5.625,226.7124488,-1.875,291.3009696,1.875,269.8059005,-1.875,-33.01512703,-5.625,-28.94883936,1.875,212.6725243,1.875,133.7101239,5.625,271.1709708,1.875,-24.01600481,-1.875,265.6850965,5.625,290.8419903,-1.875,-6.330350325,1.875,-74.43012702,5.625,28.31477243,-1.875,179.2279592,1.875,136.3991045,1.875,66.6489584,1.875,79.65534017,1.875,93.2587967,1.875,14.66525267,5.625,-87.89871381,5.625,28.89938959,1.875,10.65842765,1.875,193.6185431,-5.625,48.45841285,1.875,111.9171367,-5.625,46.9197076,-1.875,155.107574,5.625,65.66224415,5.625,235.4601142,5.625,111.0092472,5.625,20.02430487,-5.625,73.92524098,-1.875,-85.88047789,1.875,181.0749321,5.625,61.54823093,-5.625,139.0106552,-5.625,288.4657997,-5.625,248.8582721,-1.875,114.2587512,1.875,-9.927297935,-5.625,-83.61349406,-5.625
276.3598449,5.625,252.4764065,5.625,-10.86925022,-1.875,89.5421414,5.625,3.204997871,-1.875,96.12527566,-1.875,16.1409417,-1.875,202.2788329,5.625,227.7605193,-1.875,290.0582509,1.875,270.8227275,-1.875,-31.93769627,-5.625,-29.99897993,1.875,210.8144929,1.875,132.6765473,5.625,269.6536534,1.875,-22.94439324,-1.875,264.6456751,5.625,291.8924314,-1.875,-7.346886392,1.875,-75.48416912,5.625,29.32344589,-1.875,176.9054199,1.875,135.3560579,1.875,65.56899362,1.875,78.60993426,1.875,92.24684379,1.875,13.45106226,5.625,-88.98760027,5.625,27.85161903,1.875,9.576020045,1.875,194.7569044,-5.625,47.44417094,1.875,112.9838085,-5.625,47.96172563,-1.875,154.1070719,5.625,64.59375658,5.625,234.4516785,5.625,109.9415028,5.625,21.06961695,-5.625,75.00170589,-1.875,-86.9226603,1.875,180.2745304,5.625,62.73608557,-5.625,140.0124131,-5.625,289.8887514,-5.625,249.6717337,-1.875,113.1812237,1.875,-8.915435839,-5.625,-81.79277117,-5.625
275.5283078,5.625,251.4026242,5.625,-9.862853176,-1.875,88.50784544,5.625,4.064226272,-1.875,97.13623068,-1.875,17.2149772,-1.875,201.2475889,5.625,228.6266932,-1.875,288.8155323,1.875,271.8395545,-1.875,-30.86026551,-5.625,-31.04912049,1.875,208.9564615,1.875,131.6429708,5.625,268.1363361,1.875,-21.87278167,-1.875,263.6062538,5.625,292.9428726,-1.875,-8.36342246,1.875,-76.53821121,5.625,30.33211935,-1.875,174.5828807,1.875,134.3130113,1.875,64.48902884,1.875,77.56452836,1.875,91.23489087,1.875,12.23687184,5.625,-90.07648673,5.625,26.80384847,1.875,8.762791191,1.875,195.8952657,-5.625,46.42992904,1.875,114.0504804,-5.625,49.00374367,-1.875,153.1065698,5.625,63.52526902,5.625,233.4432428,5.625,108.8737584,5.625,22.11492903,-5.625,76.07817081,-1.875,-87.9648427,1.875,179.2091958,5.625,63.92394021,-5.625,141.0141711,-5.625,291.311703,-5.625,250.7544512,-1.875,112.3716614,1.875,-7.903573743,-5.625,-79.97204829,-5.625
274.6967708,5.625,250.5958756,5.625,-8.856456135,-1.875,87.47354948,5.625,5.103892637,-1.875,98.14718571,-1.875,18.2890127,-1.875,200.216345,5.625,229.6747637,-1.875,287.5728137,1.875,272.8563816,-1.875,-29.96982686,-5.625,-32.09926106,1.875,207.0984301,1.875,130.6093942,5.625,266.6190188,1.875,-20.8011701,-1.875,262.5668325,5.625,293.9933137,-1.875,-9.379958527,1.875,-77.59225331,5.625,31.34079281,-1.875,172.2603414,1.875,133.4509893,1.875,63.40906406,1.875,76.51912245,1.875,90.22293795,1.875,11.02268143,5.625,-91.1653732,5.625,25.7560779,1.875,7.680383586,1.875,197.033627,-5.625,45.41568714,1.875,114.8518868,-5.625,50.04576171,-1.875,152.1060677,5.625,62.45678145,5.625,232.4348071,5.625,107.8060141,5.625,23.16024112,-5.625,77.15463572,-1.875,-89.0070251,1.875,178.1438611,5.625,65.11179485,-5.625,142.0159291,-5.625,292.7346547,-5.625,251.8371686,-1.875,111.2941339,1.875,-6.891711647,-5.625,-78.15132541,-5.625
273.8652337,5.625,249.5220933,5.625,-7.850059094,-1.875,86.43925352,5.625,6.143559001,-1.875,99.15814074,-1.875,19.3630482,-1.875,199.1851011,5.625,230.7228341,-1.875,286.3300951,1.875,273.8732086,-1.875,-28.8923961,-5.625,-33.14940162,1.875,205.2403987,1.875,129.5758177,5.625,265.1017015,1.875,-19.99605247,-1.875,261.5274112,5.625,295.0437549,-1.875,-10.39649459,1.875,-78.6462954,5.625,32.34946627,-1.875,169.9378022,1.875,132.4079427,1.875,62.59767054,1.875,75.47371655,1.875,89.21098504,1.875,9.808491017,5.625,-92.25425966,5.625,24.70830734,1.875,6.597975982,1.875,198.1719883,-5.625,44.40144523,1.875,115.9185587,-5.625,51.08777975,-1.875,151.1055656,5.625,61.38829389,5.625,231.4263714,5.625,106.7382697,5.625,24.2055532,-5.625,78.23110064,-1.875,-90.0492075,1.875,177.0785265,5.625,66.29964949,-5.625,143.017687,-5.625,294.1576063,-5.625,252.919886,-1.875,110.2166065,1.875,-5.879849551,-5.625,-76.33060253,-5.625
